Aryl Halide SMILES,Amine SMILES,Product SMILES,Catalyst,Base,Solvent,Catalyst Name,Base Name,Solvent Name,Reaction SMILES,pred_probability,Aryl Halide ID,Aryl Halide Source,Aryl Halide Compound Set,Aryl Halide Informer Set,Aryl Halide Kmeans Cluster,Aryl Halide Kmeans Distance to Center,Aryl Halide Kmeans Centroid,Aryl Halide BitBirch Cluster,Aryl Halide Butina Cluster,Amine ID,Amine Source,Amine Compound Set,Amine Kmeans Cluster,Amine Kmeans Distance to Center,Amine Kmeans Centroid,Amine BitBirch Cluster,Amine Butina Cluster,ID,Trans SMILES,Yield
Brc1cn(C2CCOCC2)cn1,Nc1cncnc1N1CCCC1,c1ncc(Nc2cn(C3CCOCC3)cn2)c(N2CCCC2)n1,CC(C)Oc1cccc(OC(C)C)c1-c1ccccc1[P+](C1CCCCC1)(C1CCCCC1)[Pd-2]1(OS(C)(=O)=O)c2ccccc2-c2ccccc2[NH+]1C,CCN=P(N=P(N(C)C)(N(C)C)N(C)C)(N(C)C)N(C)C,CC(=O)N(C)C,ruphos-pd-g4,P2Et,DMA,Brc1cn(C2CCOCC2)cn1.Nc1cncnc1N1CCCC1.CC(C)Oc1cccc(OC(C)C)c1-c1ccccc1[P+](C1CCCCC1)(C1CCCCC1)[Pd-2]1(OS(C)(=O)=O)c2ccccc2-c2ccccc2[NH+]1C.CCN=P(N=P(N(C)C)(N(C)C)N(C)C)(N(C)C)N(C)C.CC(=O)N(C)C.>>c1ncc(Nc2cn(C3CCOCC3)cn2)c(N2CCCC2)n1,0.83,72,Commercial,Commercial BB,FALSE,4,4.787024627,FALSE,54,165,95,Commercial,Commercial BB,6,4.758461288,FALSE,53,54,72-95,Brc1cn(C2CCOCC2)cn1.Nc1cncnc1N1CCCC1>>c1ncc(Nc2cn(C3CCOCC3)cn2)c(N2CCCC2)n1,0
Brc1ccc2nnsc2c1,Nc1ccc(-n2nccn2)cc1,c1cnn(-c2ccc(Nc3ccc4nnsc4c3)cc2)n1,C[NH+]1c2ccccc2-c2ccccc2[Pd-2]1(OS(C)(=O)=O)[P+](C(C)(C)C)(C(C)(C)C)C(C)(C)C,CCN=P(N=P(N(C)C)(N(C)C)N(C)C)(N(C)C)N(C)C,CCC(C)(C)O,p(tbu)3-pd-g4,P2Et,t-AmOH,Brc1ccc2nnsc2c1.Nc1ccc(-n2nccn2)cc1.C[NH+]1c2ccccc2-c2ccccc2[Pd-2]1(OS(C)(=O)=O)[P+](C(C)(C)C)(C(C)(C)C)C(C)(C)C.CCN=P(N=P(N(C)C)(N(C)C)N(C)C)(N(C)C)N(C)C.CCC(C)(C)O.>>c1cnn(-c2ccc(Nc3ccc4nnsc4c3)cc2)n1,0.8446875,37,Commercial,Commercial BB,FALSE,0,4.365458188,FALSE,78,90,33,Commercial,Commercial BB,6,4.326590771,FALSE,26,127,37-33,Brc1ccc2nnsc2c1.Nc1ccc(-n2nccn2)cc1>>c1cnn(-c2ccc(Nc3ccc4nnsc4c3)cc2)n1,50
Brc1cccc(Oc2ccccc2)n1,Nc1ncn(Cc2ccncc2)n1,c1ccc(Oc2cccc(Nc3ncn(Cc4ccncc4)n3)n2)cc1,CC(C)Oc1cccc(OC(C)C)c1-c1ccccc1[P+](C1CCCCC1)(C1CCCCC1)[Pd-2]1(OS(C)(=O)=O)c2ccccc2-c2ccccc2[NH+]1C,CCN=P(N=P(N(C)C)(N(C)C)N(C)C)(N(C)C)N(C)C,CC(=O)N(C)C,ruphos-pd-g4,P2Et,DMA,Brc1cccc(Oc2ccccc2)n1.Nc1ncn(Cc2ccncc2)n1.CC(C)Oc1cccc(OC(C)C)c1-c1ccccc1[P+](C1CCCCC1)(C1CCCCC1)[Pd-2]1(OS(C)(=O)=O)c2ccccc2-c2ccccc2[NH+]1C.CCN=P(N=P(N(C)C)(N(C)C)N(C)C)(N(C)C)N(C)C.CC(=O)N(C)C.>>c1ccc(Oc2cccc(Nc3ncn(Cc4ccncc4)n3)n2)cc1,0.815,93,Commercial,Commercial BB,FALSE,4,4.647080046,FALSE,34,75,43,Commercial,Commercial BB,6,4.806959204,FALSE,66,119,93-43,Brc1cccc(Oc2ccccc2)n1.Nc1ncn(Cc2ccncc2)n1>>c1ccc(Oc2cccc(Nc3ncn(Cc4ccncc4)n3)n2)cc1,29
Brc1cnc2c(C3CC3)cnn2c1,Nc1ccccc1Cn1cccn1,c1ccc(Nc2cnc3c(C4CC4)cnn3c2)c(Cn2cccn2)c1,COc1ccc(OC)c([P+](C2CCCCC2)(C2CCCCC2)[Pd-2]2(OS(C)(=O)=O)c3ccccc3-c3ccccc3[NH+]2C)c1-c1c(C(C)C)cc(C(C)C)cc1C(C)C,CCN=P(N=P(N(C)C)(N(C)C)N(C)C)(N(C)C)N(C)C,CCC(C)(C)O,brettphos-pd-g4,P2Et,t-AmOH,Brc1cnc2c(C3CC3)cnn2c1.Nc1ccccc1Cn1cccn1.COc1ccc(OC)c([P+](C2CCCCC2)(C2CCCCC2)[Pd-2]2(OS(C)(=O)=O)c3ccccc3-c3ccccc3[NH+]2C)c1-c1c(C(C)C)cc(C(C)C)cc1C(C)C.CCN=P(N=P(N(C)C)(N(C)C)N(C)C)(N(C)C)N(C)C.CCC(C)(C)O.>>c1ccc(Nc2cnc3c(C4CC4)cnn3c2)c(Cn2cccn2)c1,0.83,10,Commercial,Commercial BB,FALSE,4,5.176346448,FALSE,130,216,82,Commercial,Commercial BB,2,4.83765749,FALSE,8,92,Oct-82,Brc1cnc2c(C3CC3)cnn2c1.Nc1ccccc1Cn1cccn1>>c1ccc(Nc2cnc3c(C4CC4)cnn3c2)c(Cn2cccn2)c1,0
Clc1ccc2c(n1)CCN(Cc1ccccc1)C2,Nc1ncn(Cc2ccncc2)n1,c1ccc(CN2CCc3nc(Nc4ncn(Cc5ccncc5)n4)ccc3C2)cc1,COc1ccc(OC)c([P+](C2CCCCC2)(C2CCCCC2)[Pd-2]2(OS(C)(=O)=O)c3ccccc3-c3ccccc3[NH+]2C)c1-c1c(C(C)C)cc(C(C)C)cc1C(C)C,CCN=P(N=P(N(C)C)(N(C)C)N(C)C)(N(C)C)N(C)C,CS(C)=O,brettphos-pd-g4,P2Et,DMSO,Clc1ccc2c(n1)CCN(Cc1ccccc1)C2.Nc1ncn(Cc2ccncc2)n1.COc1ccc(OC)c([P+](C2CCCCC2)(C2CCCCC2)[Pd-2]2(OS(C)(=O)=O)c3ccccc3-c3ccccc3[NH+]2C)c1-c1c(C(C)C)cc(C(C)C)cc1C(C)C.CCN=P(N=P(N(C)C)(N(C)C)N(C)C)(N(C)C)N(C)C.CS(C)=O.>>c1ccc(CN2CCc3nc(Nc4ncn(Cc5ccncc5)n4)ccc3C2)cc1,0.8235,102,Commercial,Commercial BB,FALSE,4,5.751232281,FALSE,38,274,43,Commercial,Commercial BB,6,4.806959204,FALSE,66,119,102-43,Clc1ccc2c(n1)CCN(Cc1ccccc1)C2.Nc1ncn(Cc2ccncc2)n1>>c1ccc(CN2CCc3nc(Nc4ncn(Cc5ccncc5)n4)ccc3C2)cc1,0
Brc1ccc2nnsc2c1,Nc1ccc2cc[nH]c2n1,c1cc2ccc(Nc3ccc4nnsc4c3)nc2[nH]1,CC(C)Oc1cccc(OC(C)C)c1-c1ccccc1[P+](C1CCCCC1)(C1CCCCC1)[Pd-2]1(OS(C)(=O)=O)c2ccccc2-c2ccccc2[NH+]1C,CCN=P(N=P(N(C)C)(N(C)C)N(C)C)(N(C)C)N(C)C,CS(C)=O,ruphos-pd-g4,P2Et,DMSO,Brc1ccc2nnsc2c1.Nc1ccc2cc[nH]c2n1.CC(C)Oc1cccc(OC(C)C)c1-c1ccccc1[P+](C1CCCCC1)(C1CCCCC1)[Pd-2]1(OS(C)(=O)=O)c2ccccc2-c2ccccc2[NH+]1C.CCN=P(N=P(N(C)C)(N(C)C)N(C)C)(N(C)C)N(C)C.CS(C)=O.>>c1cc2ccc(Nc3ccc4nnsc4c3)nc2[nH]1,0.825,37,Commercial,Commercial BB,FALSE,0,4.365458188,FALSE,78,90,87,Commercial,Commercial BB,6,4.899488159,FALSE,6,267,37-87,Brc1ccc2nnsc2c1.Nc1ccc2cc[nH]c2n1>>c1cc2ccc(Nc3ccc4nnsc4c3)nc2[nH]1,25
Brc1csc(OC2CCOC2)n1,Nc1cccn2cncc12,c1cc(Nc2csc(OC3CCOC3)n2)c2cncn2c1,CC(C)c1cc(C(C)C)c(-c2ccccc2[P+](C2CCCCC2)(C2CCCCC2)[Pd-2]2(OS(C)(=O)=O)c3ccccc3-c3ccccc3[NH+]2C)c(C(C)C)c1,CCN=P(N=P(N(C)C)(N(C)C)N(C)C)(N(C)C)N(C)C,CC(=O)N(C)C,xphos-pd-g4,P2Et,DMA,Brc1csc(OC2CCOC2)n1.Nc1cccn2cncc12.CC(C)c1cc(C(C)C)c(-c2ccccc2[P+](C2CCCCC2)(C2CCCCC2)[Pd-2]2(OS(C)(=O)=O)c3ccccc3-c3ccccc3[NH+]2C)c(C(C)C)c1.CCN=P(N=P(N(C)C)(N(C)C)N(C)C)(N(C)C)N(C)C.CC(=O)N(C)C.>>c1cc(Nc2csc(OC3CCOC3)n2)c2cncn2c1,0.823043478,110,Commercial,Commercial BB,FALSE,4,4.884928677,FALSE,39,75,140,Commercial,Commercial BB,6,4.606124675,FALSE,61,127,110-140,Brc1csc(OC2CCOC2)n1.Nc1cccn2cncc12>>c1cc(Nc2csc(OC3CCOC3)n2)c2cncn2c1,0
Brc1csc(OC2CCOC2)n1,Nc1cccn2cncc12,c1cc(Nc2csc(OC3CCOC3)n2)c2cncn2c1,C[NH+]1c2ccccc2-c2ccccc2[Pd-2]1(OS(C)(=O)=O)[P+](C(C)(C)C)(C(C)(C)C)C(C)(C)C,CCN=P(N=P(N(C)C)(N(C)C)N(C)C)(N(C)C)N(C)C,CS(C)=O,p(tbu)3-pd-g4,P2Et,DMSO,Brc1csc(OC2CCOC2)n1.Nc1cccn2cncc12.C[NH+]1c2ccccc2-c2ccccc2[Pd-2]1(OS(C)(=O)=O)[P+](C(C)(C)C)(C(C)(C)C)C(C)(C)C.CCN=P(N=P(N(C)C)(N(C)C)N(C)C)(N(C)C)N(C)C.CS(C)=O.>>c1cc(Nc2csc(OC3CCOC3)n2)c2cncn2c1,0.837626812,110,Commercial,Commercial BB,FALSE,4,4.884928677,FALSE,39,75,140,Commercial,Commercial BB,6,4.606124675,FALSE,61,127,110-140,Brc1csc(OC2CCOC2)n1.Nc1cccn2cncc12>>c1cc(Nc2csc(OC3CCOC3)n2)c2cncn2c1,0
Brc1cn(C2CCOCC2)cn1,Nc1ccnc2[nH]ccc12,c1cc(Nc2cn(C3CCOCC3)cn2)c2cc[nH]c2n1,CC(C)c1cc(C(C)C)c(-c2ccccc2[P+](C2CCCCC2)(C2CCCCC2)[Pd-2]2(OS(C)(=O)=O)c3ccccc3-c3ccccc3[NH+]2C)c(C(C)C)c1,CCN=P(N=P(N(C)C)(N(C)C)N(C)C)(N(C)C)N(C)C,CS(C)=O,xphos-pd-g4,P2Et,DMSO,Brc1cn(C2CCOCC2)cn1.Nc1ccnc2[nH]ccc12.CC(C)c1cc(C(C)C)c(-c2ccccc2[P+](C2CCCCC2)(C2CCCCC2)[Pd-2]2(OS(C)(=O)=O)c3ccccc3-c3ccccc3[NH+]2C)c(C(C)C)c1.CCN=P(N=P(N(C)C)(N(C)C)N(C)C)(N(C)C)N(C)C.CS(C)=O.>>c1cc(Nc2cn(C3CCOCC3)cn2)c2cc[nH]c2n1,0.805,72,Commercial,Commercial BB,FALSE,4,4.787024627,FALSE,54,165,30,Commercial,Commercial BB,6,4.819047135,FALSE,53,267,72-30,Brc1cn(C2CCOCC2)cn1.Nc1ccnc2[nH]ccc12>>c1cc(Nc2cn(C3CCOCC3)cn2)c2cc[nH]c2n1,0
Clc1cc(OC2CCOCC2)ncn1,Nc1ncn(Cc2ccncc2)n1,c1cc(Cn2cnc(Nc3cc(OC4CCOCC4)ncn3)n2)ccn1,CC(C)Oc1cccc(OC(C)C)c1-c1ccccc1[P+](C1CCCCC1)(C1CCCCC1)[Pd-2]1(OS(C)(=O)=O)c2ccccc2-c2ccccc2[NH+]1C,CCN=P(N=P(N(C)C)(N(C)C)N(C)C)(N(C)C)N(C)C,CC(=O)N(C)C,ruphos-pd-g4,P2Et,DMA,Clc1cc(OC2CCOCC2)ncn1.Nc1ncn(Cc2ccncc2)n1.CC(C)Oc1cccc(OC(C)C)c1-c1ccccc1[P+](C1CCCCC1)(C1CCCCC1)[Pd-2]1(OS(C)(=O)=O)c2ccccc2-c2ccccc2[NH+]1C.CCN=P(N=P(N(C)C)(N(C)C)N(C)C)(N(C)C)N(C)C.CC(=O)N(C)C.>>c1cc(Cn2cnc(Nc3cc(OC4CCOCC4)ncn3)n2)ccn1,0.82,108,Commercial,Commercial BB,FALSE,4,5.26706232,FALSE,54,165,43,Commercial,Commercial BB,6,4.806959204,FALSE,66,119,108-43,Clc1cc(OC2CCOCC2)ncn1.Nc1ncn(Cc2ccncc2)n1>>c1cc(Cn2cnc(Nc3cc(OC4CCOCC4)ncn3)n2)ccn1,0
Brc1cn(C2CCOCC2)cn1,Nc1cncc(-c2ccn[nH]2)c1,c1cc(-c2cncc(Nc3cn(C4CCOCC4)cn3)c2)[nH]n1,C[NH+]1c2ccccc2-c2ccccc2[Pd-2]1(OS(C)(=O)=O)[P+](C(C)(C)C)(C(C)(C)C)C(C)(C)C,CCN=P(N=P(N(C)C)(N(C)C)N(C)C)(N(C)C)N(C)C,Cc1ccccc1,p(tbu)3-pd-g4,P2Et,Toluene,Brc1cn(C2CCOCC2)cn1.Nc1cncc(-c2ccn[nH]2)c1.C[NH+]1c2ccccc2-c2ccccc2[Pd-2]1(OS(C)(=O)=O)[P+](C(C)(C)C)(C(C)(C)C)C(C)(C)C.CCN=P(N=P(N(C)C)(N(C)C)N(C)C)(N(C)C)N(C)C.Cc1ccccc1.>>c1cc(-c2cncc(Nc3cn(C4CCOCC4)cn3)c2)[nH]n1,0.83,72,Commercial,Commercial BB,FALSE,4,4.787024627,FALSE,54,165,96,Commercial,Commercial BB,6,4.974050209,FALSE,53,229,72-96,Brc1cn(C2CCOCC2)cn1.Nc1cncc(-c2ccn[nH]2)c1>>c1cc(-c2cncc(Nc3cn(C4CCOCC4)cn3)c2)[nH]n1,
Brc1ncnn1C1CC1,NCc1nc(O)c2c(n1)CCOC2,Oc1nc(CNc2ncnn2C2CC2)nc2c1COCC2,CC(C)c1cc(C(C)C)c(-c2ccccc2[P+](C2CCCCC2)(C2CCCCC2)[Pd-2]2(OS(C)(=O)=O)c3ccccc3-c3ccccc3[NH+]2C)c(C(C)C)c1,CCN=P(N=P(N(C)C)(N(C)C)N(C)C)(N(C)C)N(C)C,CS(C)=O,xphos-pd-g4,P2Et,DMSO,Brc1ncnn1C1CC1.NCc1nc(O)c2c(n1)CCOC2.CC(C)c1cc(C(C)C)c(-c2ccccc2[P+](C2CCCCC2)(C2CCCCC2)[Pd-2]2(OS(C)(=O)=O)c3ccccc3-c3ccccc3[NH+]2C)c(C(C)C)c1.CCN=P(N=P(N(C)C)(N(C)C)N(C)C)(N(C)C)N(C)C.CS(C)=O.>>Oc1nc(CNc2ncnn2C2CC2)nc2c1COCC2,0.8096633,101,Commercial,Commercial BB,FALSE,4,4.303661841,FALSE,55,230,52,Commercial,Commercial BB,9,5.529196874,FALSE,67,228,101-52,Brc1ncnn1C1CC1.NCc1nc(O)c2c(n1)CCOC2>>Oc1nc(CNc2ncnn2C2CC2)nc2c1COCC2,0
Brc1cn(C2CCOCC2)cn1,Nc1ccc(O)cc1OC(F)(F)F,Oc1ccc(Nc2cn(C3CCOCC3)cn2)c(OC(F)(F)F)c1,CC(C)Oc1cccc(OC(C)C)c1-c1ccccc1[P+](C1CCCCC1)(C1CCCCC1)[Pd-2]1(OS(C)(=O)=O)c2ccccc2-c2ccccc2[NH+]1C,CCN=P(N=P(N(C)C)(N(C)C)N(C)C)(N(C)C)N(C)C,CCC(C)(C)O,ruphos-pd-g4,P2Et,t-AmOH,Brc1cn(C2CCOCC2)cn1.Nc1ccc(O)cc1OC(F)(F)F.CC(C)Oc1cccc(OC(C)C)c1-c1ccccc1[P+](C1CCCCC1)(C1CCCCC1)[Pd-2]1(OS(C)(=O)=O)c2ccccc2-c2ccccc2[NH+]1C.CCN=P(N=P(N(C)C)(N(C)C)N(C)C)(N(C)C)N(C)C.CCC(C)(C)O.>>Oc1ccc(Nc2cn(C3CCOCC3)cn2)c(OC(F)(F)F)c1,0.845,72,Commercial,Commercial BB,FALSE,4,4.787024627,FALSE,54,165,55,Commercial,Commercial BB,2,4.6099877,FALSE,7,44,72-55,Brc1cn(C2CCOCC2)cn1.Nc1ccc(O)cc1OC(F)(F)F>>Oc1ccc(Nc2cn(C3CCOCC3)cn2)c(OC(F)(F)F)c1,0
Clc1cnn2cc(Br)cnc12,NCC1(c2cc(=O)cc[nH]2)CCC1,O=c1cc[nH]c(C2(CNc3cnc4c(Cl)cnn4c3)CCC2)c1,CC(C)c1cc(C(C)C)c(-c2ccccc2[P+](C2CCCCC2)(C2CCCCC2)[Pd-2]2(OS(C)(=O)=O)c3ccccc3-c3ccccc3[NH+]2C)c(C(C)C)c1,CCN=P(N=P(N(C)C)(N(C)C)N(C)C)(N(C)C)N(C)C,CCC(C)(C)O,xphos-pd-g4,P2Et,t-AmOH,Clc1cnn2cc(Br)cnc12.NCC1(c2cc(=O)cc[nH]2)CCC1.CC(C)c1cc(C(C)C)c(-c2ccccc2[P+](C2CCCCC2)(C2CCCCC2)[Pd-2]2(OS(C)(=O)=O)c3ccccc3-c3ccccc3[NH+]2C)c(C(C)C)c1.CCN=P(N=P(N(C)C)(N(C)C)N(C)C)(N(C)C)N(C)C.CCC(C)(C)O.>>O=c1cc[nH]c(C2(CNc3cnc4c(Cl)cnn4c3)CCC2)c1,0.855,90,Commercial,Commercial BB,FALSE,4,4.717863509,FALSE,130,216,19,Commercial,Commercial BB,1,5.053731731,FALSE,62,300,90-19,Clc1cnn2cc(Br)cnc12.NCC1(c2cc(=O)cc[nH]2)CCC1>>O=c1cc[nH]c(C2(CNc3cnc4c(Cl)cnn4c3)CCC2)c1,0
O=S1(=O)NCC2(CC2)Oc2nc(Cl)ccc21,Nc1csc(N2CCCCC2)n1,O=S1(=O)NCC2(CC2)Oc2nc(Nc3csc(N4CCCCC4)n3)ccc21,C[NH+]1c2ccccc2-c2ccccc2[Pd-2]1(OS(C)(=O)=O)[P+](C(C)(C)C)(C(C)(C)C)C(C)(C)C,CCN=P(N=P(N(C)C)(N(C)C)N(C)C)(N(C)C)N(C)C,CS(C)=O,p(tbu)3-pd-g4,P2Et,DMSO,O=S1(=O)NCC2(CC2)Oc2nc(Cl)ccc21.Nc1csc(N2CCCCC2)n1.C[NH+]1c2ccccc2-c2ccccc2[Pd-2]1(OS(C)(=O)=O)[P+](C(C)(C)C)(C(C)(C)C)C(C)(C)C.CCN=P(N=P(N(C)C)(N(C)C)N(C)C)(N(C)C)N(C)C.CS(C)=O.>>O=S1(=O)NCC2(CC2)Oc2nc(Nc3csc(N4CCCCC4)n3)ccc21,0.83,152,Commercial,Commercial BB,FALSE,4,5.649511784,FALSE,34,198,25,Commercial,Commercial BB,6,4.551687233,FALSE,6,54,152-25,O=S1(=O)NCC2(CC2)Oc2nc(Cl)ccc21.Nc1csc(N2CCCCC2)n1>>O=S1(=O)NCC2(CC2)Oc2nc(Nc3csc(N4CCCCC4)n3)ccc21,6
O=C1COc2nc(Br)ccc2N1,Nc1cncc(-c2ccn[nH]2)c1,O=C1COc2nc(Nc3cncc(-c4ccn[nH]4)c3)ccc2N1,CC(C)c1cc(C(C)C)c(-c2ccccc2[P+](C2CCCCC2)(C2CCCCC2)[Pd-2]2(OS(C)(=O)=O)c3ccccc3-c3ccccc3[NH+]2C)c(C(C)C)c1,CCN=P(N=P(N(C)C)(N(C)C)N(C)C)(N(C)C)N(C)C,CC(=O)N(C)C,xphos-pd-g4,P2Et,DMA,O=C1COc2nc(Br)ccc2N1.Nc1cncc(-c2ccn[nH]2)c1.CC(C)c1cc(C(C)C)c(-c2ccccc2[P+](C2CCCCC2)(C2CCCCC2)[Pd-2]2(OS(C)(=O)=O)c3ccccc3-c3ccccc3[NH+]2C)c(C(C)C)c1.CCN=P(N=P(N(C)C)(N(C)C)N(C)C)(N(C)C)N(C)C.CC(=O)N(C)C.>>O=C1COc2nc(Nc3cncc(-c4ccn[nH]4)c3)ccc2N1,0.889310345,158,Commercial,Commercial BB,FALSE,4,5.274420864,FALSE,48,75,96,Commercial,Commercial BB,6,4.974050209,FALSE,53,229,158-96,O=C1COc2nc(Br)ccc2N1.Nc1cncc(-c2ccn[nH]2)c1>>O=C1COc2nc(Nc3cncc(-c4ccn[nH]4)c3)ccc2N1,
O=C1COc2nc(Br)ccc2N1,Nc1ccc(-n2nccn2)cc1,O=C1COc2nc(Nc3ccc(-n4nccn4)cc3)ccc2N1,CC(C)Oc1cccc(OC(C)C)c1-c1ccccc1[P+](C1CCCCC1)(C1CCCCC1)[Pd-2]1(OS(C)(=O)=O)c2ccccc2-c2ccccc2[NH+]1C,CCN=P(N=P(N(C)C)(N(C)C)N(C)C)(N(C)C)N(C)C,CCC(C)(C)O,ruphos-pd-g4,P2Et,t-AmOH,O=C1COc2nc(Br)ccc2N1.Nc1ccc(-n2nccn2)cc1.CC(C)Oc1cccc(OC(C)C)c1-c1ccccc1[P+](C1CCCCC1)(C1CCCCC1)[Pd-2]1(OS(C)(=O)=O)c2ccccc2-c2ccccc2[NH+]1C.CCN=P(N=P(N(C)C)(N(C)C)N(C)C)(N(C)C)N(C)C.CCC(C)(C)O.>>O=C1COc2nc(Nc3ccc(-n4nccn4)cc3)ccc2N1,0.874285714,158,Commercial,Commercial BB,FALSE,4,5.274420864,FALSE,48,75,33,Commercial,Commercial BB,6,4.326590771,FALSE,26,127,158-33,O=C1COc2nc(Br)ccc2N1.Nc1ccc(-n2nccn2)cc1>>O=C1COc2nc(Nc3ccc(-n4nccn4)cc3)ccc2N1,0
O=C(Nc1cccc(Br)n1)c1ccccc1,Nc1cccc(-n2cnnc2)c1,O=C(Nc1cccc(Nc2cccc(-n3cnnc3)c2)n1)c1ccccc1,CC(C)c1cc(C(C)C)c(-c2ccccc2[P+](C2CCCCC2)(C2CCCCC2)[Pd-2]2(OS(C)(=O)=O)c3ccccc3-c3ccccc3[NH+]2C)c(C(C)C)c1,CCN=P(N=P(N(C)C)(N(C)C)N(C)C)(N(C)C)N(C)C,CC(=O)N(C)C,xphos-pd-g4,P2Et,DMA,O=C(Nc1cccc(Br)n1)c1ccccc1.Nc1cccc(-n2cnnc2)c1.CC(C)c1cc(C(C)C)c(-c2ccccc2[P+](C2CCCCC2)(C2CCCCC2)[Pd-2]2(OS(C)(=O)=O)c3ccccc3-c3ccccc3[NH+]2C)c(C(C)C)c1.CCN=P(N=P(N(C)C)(N(C)C)N(C)C)(N(C)C)N(C)C.CC(=O)N(C)C.>>O=C(Nc1cccc(Nc2cccc(-n3cnnc3)c2)n1)c1ccccc1,0.8,42,Commercial,Commercial BB,FALSE,4,5.060229473,FALSE,38,75,7,Commercial,Commercial BB,6,4.642810028,FALSE,26,127,42-7,O=C(Nc1cccc(Br)n1)c1ccccc1.Nc1cccc(-n2cnnc2)c1>>O=C(Nc1cccc(Nc2cccc(-n3cnnc3)c2)n1)c1ccccc1,0
NC1=Nc2ccc(Cl)nc2SC1,Nc1ncn(Cc2cncc(F)c2)n1,NC1=Nc2ccc(Nc3ncn(Cc4cncc(F)c4)n3)nc2SC1,COc1ccc(OC)c([P+](C2CCCCC2)(C2CCCCC2)[Pd-2]2(OS(C)(=O)=O)c3ccccc3-c3ccccc3[NH+]2C)c1-c1c(C(C)C)cc(C(C)C)cc1C(C)C,CCN=P(N=P(N(C)C)(N(C)C)N(C)C)(N(C)C)N(C)C,CCC(C)(C)O,brettphos-pd-g4,P2Et,t-AmOH,NC1=Nc2ccc(Cl)nc2SC1.Nc1ncn(Cc2cncc(F)c2)n1.COc1ccc(OC)c([P+](C2CCCCC2)(C2CCCCC2)[Pd-2]2(OS(C)(=O)=O)c3ccccc3-c3ccccc3[NH+]2C)c1-c1c(C(C)C)cc(C(C)C)cc1C(C)C.CCN=P(N=P(N(C)C)(N(C)C)N(C)C)(N(C)C)N(C)C.CCC(C)(C)O.>>NC1=Nc2ccc(Nc3ncn(Cc4cncc(F)c4)n3)nc2SC1,0.805,64,Commercial,Commercial BB,FALSE,4,5.187214594,FALSE,34,75,127,Commercial,Commercial BB,6,5.364626339,FALSE,66,119,64-127,NC1=Nc2ccc(Cl)nc2SC1.Nc1ncn(Cc2cncc(F)c2)n1>>NC1=Nc2ccc(Nc3ncn(Cc4cncc(F)c4)n3)nc2SC1,0
N#Cc1cnn2cc(Br)cnc12,Nc1nnc(C(F)(F)F)[nH]1,N#Cc1cnn2cc(Nc3nnc(C(F)(F)F)[nH]3)cnc12,C[NH+]1c2ccccc2-c2ccccc2[Pd-2]1(OS(C)(=O)=O)[P+](C(C)(C)C)(C(C)(C)C)C(C)(C)C,CCN=P(N=P(N(C)C)(N(C)C)N(C)C)(N(C)C)N(C)C,CS(C)=O,p(tbu)3-pd-g4,P2Et,DMSO,N#Cc1cnn2cc(Br)cnc12.Nc1nnc(C(F)(F)F)[nH]1.C[NH+]1c2ccccc2-c2ccccc2[Pd-2]1(OS(C)(=O)=O)[P+](C(C)(C)C)(C(C)(C)C)C(C)(C)C.CCN=P(N=P(N(C)C)(N(C)C)N(C)C)(N(C)C)N(C)C.CS(C)=O.>>N#Cc1cnn2cc(Nc3nnc(C(F)(F)F)[nH]3)cnc12,0.805,38,Commercial,Commercial BB,FALSE,4,4.811809166,FALSE,180,216,128,Commercial,Commercial BB,6,4.180932104,FALSE,46,199,38-128,N#Cc1cnn2cc(Br)cnc12.Nc1nnc(C(F)(F)F)[nH]1>>N#Cc1cnn2cc(Nc3nnc(C(F)(F)F)[nH]3)cnc12,0
N#Cc1cnn2cc(Br)cnc12,Nc1ccc2cn[nH]c2c1F,N#Cc1cnn2cc(Nc3ccc4cn[nH]c4c3F)cnc12,CC(C)c1cc(C(C)C)c(-c2ccccc2[P+](C2CCCCC2)(C2CCCCC2)[Pd-2]2(OS(C)(=O)=O)c3ccccc3-c3ccccc3[NH+]2C)c(C(C)C)c1,CCN=P(N=P(N(C)C)(N(C)C)N(C)C)(N(C)C)N(C)C,CCC(C)(C)O,xphos-pd-g4,P2Et,t-AmOH,N#Cc1cnn2cc(Br)cnc12.Nc1ccc2cn[nH]c2c1F.CC(C)c1cc(C(C)C)c(-c2ccccc2[P+](C2CCCCC2)(C2CCCCC2)[Pd-2]2(OS(C)(=O)=O)c3ccccc3-c3ccccc3[NH+]2C)c(C(C)C)c1.CCN=P(N=P(N(C)C)(N(C)C)N(C)C)(N(C)C)N(C)C.CCC(C)(C)O.>>N#Cc1cnn2cc(Nc3ccc4cn[nH]c4c3F)cnc12,0.81,38,Commercial,Commercial BB,FALSE,4,4.811809166,FALSE,180,216,137,Commercial,Commercial BB,6,5.094390182,FALSE,29,231,38-137,N#Cc1cnn2cc(Br)cnc12.Nc1ccc2cn[nH]c2c1F>>N#Cc1cnn2cc(Nc3ccc4cn[nH]c4c3F)cnc12,0
N#Cc1cnn2c(Br)c[nH]c12,Nc1nc2ccc(F)cn2n1,N#Cc1cnn2c(Nc3nc4ccc(F)cn4n3)c[nH]c12,CC(C)c1cc(C(C)C)c(-c2ccccc2[P+](C2CCCCC2)(C2CCCCC2)[Pd-2]2(OS(C)(=O)=O)c3ccccc3-c3ccccc3[NH+]2C)c(C(C)C)c1,CCN=P(N=P(N(C)C)(N(C)C)N(C)C)(N(C)C)N(C)C,CCC(C)(C)O,xphos-pd-g4,P2Et,t-AmOH,N#Cc1cnn2c(Br)c[nH]c12.Nc1nc2ccc(F)cn2n1.CC(C)c1cc(C(C)C)c(-c2ccccc2[P+](C2CCCCC2)(C2CCCCC2)[Pd-2]2(OS(C)(=O)=O)c3ccccc3-c3ccccc3[NH+]2C)c(C(C)C)c1.CCN=P(N=P(N(C)C)(N(C)C)N(C)C)(N(C)C)N(C)C.CCC(C)(C)O.>>N#Cc1cnn2c(Nc3nc4ccc(F)cn4n3)c[nH]c12,0.845,7,Commercial,Commercial BB,FALSE,4,5.091490848,FALSE,-1,216,2,Commercial,Commercial BB,6,5.045854056,FALSE,29,183,2-Jul,N#Cc1cnn2c(Br)c[nH]c12.Nc1nc2ccc(F)cn2n1>>N#Cc1cnn2c(Nc3nc4ccc(F)cn4n3)c[nH]c12,0
N#Cc1cnn2c(Br)c[nH]c12,Nc1ccc2cn[nH]c2c1,N#Cc1cnn2c(Nc3ccc4cn[nH]c4c3)c[nH]c12,C[NH+]1c2ccccc2-c2ccccc2[Pd-2]1(OS(C)(=O)=O)[P+](C(C)(C)C)(C(C)(C)C)C(C)(C)C,CCN=P(N=P(N(C)C)(N(C)C)N(C)C)(N(C)C)N(C)C,CCC(C)(C)O,p(tbu)3-pd-g4,P2Et,t-AmOH,N#Cc1cnn2c(Br)c[nH]c12.Nc1ccc2cn[nH]c2c1.C[NH+]1c2ccccc2-c2ccccc2[Pd-2]1(OS(C)(=O)=O)[P+](C(C)(C)C)(C(C)(C)C)C(C)(C)C.CCN=P(N=P(N(C)C)(N(C)C)N(C)C)(N(C)C)N(C)C.CCC(C)(C)O.>>N#Cc1cnn2c(Nc3ccc4cn[nH]c4c3)c[nH]c12,0.8,7,Commercial,Commercial BB,FALSE,4,5.091490848,FALSE,-1,216,149,Commercial,Commercial BB,6,4.93647457,FALSE,61,231,7-149,N#Cc1cnn2c(Br)c[nH]c12.Nc1ccc2cn[nH]c2c1>>N#Cc1cnn2c(Nc3ccc4cn[nH]c4c3)c[nH]c12,0
N#Cc1cnn2c(Br)c[nH]c12,Nc1ccc2cc[nH]c2n1,N#Cc1cnn2c(Nc3ccc4cc[nH]c4n3)c[nH]c12,CC(C)Oc1cccc(OC(C)C)c1-c1ccccc1[P+](C1CCCCC1)(C1CCCCC1)[Pd-2]1(OS(C)(=O)=O)c2ccccc2-c2ccccc2[NH+]1C,CCN=P(N=P(N(C)C)(N(C)C)N(C)C)(N(C)C)N(C)C,CS(C)=O,ruphos-pd-g4,P2Et,DMSO,N#Cc1cnn2c(Br)c[nH]c12.Nc1ccc2cc[nH]c2n1.CC(C)Oc1cccc(OC(C)C)c1-c1ccccc1[P+](C1CCCCC1)(C1CCCCC1)[Pd-2]1(OS(C)(=O)=O)c2ccccc2-c2ccccc2[NH+]1C.CCN=P(N=P(N(C)C)(N(C)C)N(C)C)(N(C)C)N(C)C.CS(C)=O.>>N#Cc1cnn2c(Nc3ccc4cc[nH]c4n3)c[nH]c12,0.86,7,Commercial,Commercial BB,FALSE,4,5.091490848,FALSE,-1,216,87,Commercial,Commercial BB,6,4.899488159,FALSE,6,267,Jul-87,N#Cc1cnn2c(Br)c[nH]c12.Nc1ccc2cc[nH]c2n1>>N#Cc1cnn2c(Nc3ccc4cc[nH]c4n3)c[nH]c12,0
N#Cc1cnn2c(Br)c[nH]c12,Nc1ccc(-n2ccnc2)nc1,N#Cc1cnn2c(Nc3ccc(-n4ccnc4)nc3)c[nH]c12,CC(C)c1cc(C(C)C)c(-c2ccccc2[P+](C2CCCCC2)(C2CCCCC2)[Pd-2]2(OS(C)(=O)=O)c3ccccc3-c3ccccc3[NH+]2C)c(C(C)C)c1,CCN=P(N=P(N(C)C)(N(C)C)N(C)C)(N(C)C)N(C)C,CCC(C)(C)O,xphos-pd-g4,P2Et,t-AmOH,N#Cc1cnn2c(Br)c[nH]c12.Nc1ccc(-n2ccnc2)nc1.CC(C)c1cc(C(C)C)c(-c2ccccc2[P+](C2CCCCC2)(C2CCCCC2)[Pd-2]2(OS(C)(=O)=O)c3ccccc3-c3ccccc3[NH+]2C)c(C(C)C)c1.CCN=P(N=P(N(C)C)(N(C)C)N(C)C)(N(C)C)N(C)C.CCC(C)(C)O.>>N#Cc1cnn2c(Nc3ccc(-n4ccnc4)nc3)c[nH]c12,0.800625,7,Commercial,Commercial BB,FALSE,4,5.091490848,FALSE,-1,216,88,Commercial,Commercial BB,6,4.756468499,FALSE,11,127,Jul-88,N#Cc1cnn2c(Br)c[nH]c12.Nc1ccc(-n2ccnc2)nc1>>N#Cc1cnn2c(Nc3ccc(-n4ccnc4)nc3)c[nH]c12,75
N#Cc1cnn2c(Br)c[nH]c12,Nc1cc(F)cc2c1OCCC2,N#Cc1cnn2c(Nc3cc(F)cc4c3OCCC4)c[nH]c12,COc1ccc(OC)c([P+](C2CCCCC2)(C2CCCCC2)[Pd-2]2(OS(C)(=O)=O)c3ccccc3-c3ccccc3[NH+]2C)c1-c1c(C(C)C)cc(C(C)C)cc1C(C)C,CCN=P(N=P(N(C)C)(N(C)C)N(C)C)(N(C)C)N(C)C,CS(C)=O,brettphos-pd-g4,P2Et,DMSO,N#Cc1cnn2c(Br)c[nH]c12.Nc1cc(F)cc2c1OCCC2.COc1ccc(OC)c([P+](C2CCCCC2)(C2CCCCC2)[Pd-2]2(OS(C)(=O)=O)c3ccccc3-c3ccccc3[NH+]2C)c1-c1c(C(C)C)cc(C(C)C)cc1C(C)C.CCN=P(N=P(N(C)C)(N(C)C)N(C)C)(N(C)C)N(C)C.CS(C)=O.>>N#Cc1cnn2c(Nc3cc(F)cc4c3OCCC4)c[nH]c12,0.8,7,Commercial,Commercial BB,FALSE,4,5.091490848,FALSE,-1,216,114,Commercial,Commercial BB,2,5.083562386,FALSE,56,54,7-114,N#Cc1cnn2c(Br)c[nH]c12.Nc1cc(F)cc2c1OCCC2>>N#Cc1cnn2c(Nc3cc(F)cc4c3OCCC4)c[nH]c12,0
Brc1ccc2nnsc2c1,Nc1ncn(Cc2cncc(F)c2)n1,Fc1cncc(Cn2cnc(Nc3ccc4nnsc4c3)n2)c1,COc1ccc(OC)c([P+](C2CCCCC2)(C2CCCCC2)[Pd-2]2(OS(C)(=O)=O)c3ccccc3-c3ccccc3[NH+]2C)c1-c1c(C(C)C)cc(C(C)C)cc1C(C)C,CCN=P(N=P(N(C)C)(N(C)C)N(C)C)(N(C)C)N(C)C,Cc1ccccc1,brettphos-pd-g4,P2Et,Toluene,Brc1ccc2nnsc2c1.Nc1ncn(Cc2cncc(F)c2)n1.COc1ccc(OC)c([P+](C2CCCCC2)(C2CCCCC2)[Pd-2]2(OS(C)(=O)=O)c3ccccc3-c3ccccc3[NH+]2C)c1-c1c(C(C)C)cc(C(C)C)cc1C(C)C.CCN=P(N=P(N(C)C)(N(C)C)N(C)C)(N(C)C)N(C)C.Cc1ccccc1.>>Fc1cncc(Cn2cnc(Nc3ccc4nnsc4c3)n2)c1,0.815,37,Commercial,Commercial BB,FALSE,0,4.365458188,FALSE,78,90,127,Commercial,Commercial BB,6,5.364626339,FALSE,66,119,37-127,Brc1ccc2nnsc2c1.Nc1ncn(Cc2cncc(F)c2)n1>>Fc1cncc(Cn2cnc(Nc3ccc4nnsc4c3)n2)c1,0
Fc1cnc2c(I)cnn2c1,Nc1cc(N2CCCC2)ncn1,Fc1cnc2c(Nc3cc(N4CCCC4)ncn3)cnn2c1,CC(C)Oc1cccc(OC(C)C)c1-c1ccccc1[P+](C1CCCCC1)(C1CCCCC1)[Pd-2]1(OS(C)(=O)=O)c2ccccc2-c2ccccc2[NH+]1C,CCN=P(N=P(N(C)C)(N(C)C)N(C)C)(N(C)C)N(C)C,CC(=O)N(C)C,ruphos-pd-g4,P2Et,DMA,Fc1cnc2c(I)cnn2c1.Nc1cc(N2CCCC2)ncn1.CC(C)Oc1cccc(OC(C)C)c1-c1ccccc1[P+](C1CCCCC1)(C1CCCCC1)[Pd-2]1(OS(C)(=O)=O)c2ccccc2-c2ccccc2[NH+]1C.CCN=P(N=P(N(C)C)(N(C)C)N(C)C)(N(C)C)N(C)C.CC(=O)N(C)C.>>Fc1cnc2c(Nc3cc(N4CCCC4)ncn3)cnn2c1,0.8,91,Commercial,Commercial BB,FALSE,4,4.717863509,FALSE,130,216,102,Commercial,Commercial BB,6,4.775384921,FALSE,6,54,91-102,Fc1cnc2c(I)cnn2c1.Nc1cc(N2CCCC2)ncn1>>Fc1cnc2c(Nc3cc(N4CCCC4)ncn3)cnn2c1,50
Brc1ccc2nnsc2c1,NC1CCCN(c2cccc(F)c2)C1,Fc1cccc(N2CCCC(Nc3ccc4nnsc4c3)C2)c1,CC(C)Oc1cccc(OC(C)C)c1-c1ccccc1[P+](C1CCCCC1)(C1CCCCC1)[Pd-2]1(OS(C)(=O)=O)c2ccccc2-c2ccccc2[NH+]1C,CCN=P(N=P(N(C)C)(N(C)C)N(C)C)(N(C)C)N(C)C,CCC(C)(C)O,ruphos-pd-g4,P2Et,t-AmOH,Brc1ccc2nnsc2c1.NC1CCCN(c2cccc(F)c2)C1.CC(C)Oc1cccc(OC(C)C)c1-c1ccccc1[P+](C1CCCCC1)(C1CCCCC1)[Pd-2]1(OS(C)(=O)=O)c2ccccc2-c2ccccc2[NH+]1C.CCN=P(N=P(N(C)C)(N(C)C)N(C)C)(N(C)C)N(C)C.CCC(C)(C)O.>>Fc1cccc(N2CCCC(Nc3ccc4nnsc4c3)C2)c1,0.895,37,Commercial,Commercial BB,FALSE,0,4.365458188,FALSE,78,90,1,Commercial,Commercial BB,5,5.10815949,FALSE,17,54,37-1,Brc1ccc2nnsc2c1.NC1CCCN(c2cccc(F)c2)C1>>Fc1cccc(N2CCCC(Nc3ccc4nnsc4c3)C2)c1,53
Fc1cc(Br)cn2ccnc12,NC1CCCN(c2cccc(F)c2)C1,Fc1cccc(N2CCCC(Nc3cc(F)c4nccn4c3)C2)c1,CC(C)Oc1cccc(OC(C)C)c1-c1ccccc1[P+](C1CCCCC1)(C1CCCCC1)[Pd-2]1(OS(C)(=O)=O)c2ccccc2-c2ccccc2[NH+]1C,CCN=P(N=P(N(C)C)(N(C)C)N(C)C)(N(C)C)N(C)C,CS(C)=O,ruphos-pd-g4,P2Et,DMSO,Fc1cc(Br)cn2ccnc12.NC1CCCN(c2cccc(F)c2)C1.CC(C)Oc1cccc(OC(C)C)c1-c1ccccc1[P+](C1CCCCC1)(C1CCCCC1)[Pd-2]1(OS(C)(=O)=O)c2ccccc2-c2ccccc2[NH+]1C.CCN=P(N=P(N(C)C)(N(C)C)N(C)C)(N(C)C)N(C)C.CS(C)=O.>>Fc1cccc(N2CCCC(Nc3cc(F)c4nccn4c3)C2)c1,0.8,89,Commercial,Commercial BB,FALSE,4,4.636333392,FALSE,121,205,1,Commercial,Commercial BB,5,5.10815949,FALSE,17,54,89-1,Fc1cc(Br)cn2ccnc12.NC1CCCN(c2cccc(F)c2)C1>>Fc1cccc(N2CCCC(Nc3cc(F)c4nccn4c3)C2)c1,0
Brc1cn(C2CCOCC2)cn1,Nc1c(F)cccc1-n1cccn1,Fc1cccc(-n2cccn2)c1Nc1cn(C2CCOCC2)cn1,CC(C)Oc1cccc(OC(C)C)c1-c1ccccc1[P+](C1CCCCC1)(C1CCCCC1)[Pd-2]1(OS(C)(=O)=O)c2ccccc2-c2ccccc2[NH+]1C,CCN=P(N=P(N(C)C)(N(C)C)N(C)C)(N(C)C)N(C)C,CC(=O)N(C)C,ruphos-pd-g4,P2Et,DMA,Brc1cn(C2CCOCC2)cn1.Nc1c(F)cccc1-n1cccn1.CC(C)Oc1cccc(OC(C)C)c1-c1ccccc1[P+](C1CCCCC1)(C1CCCCC1)[Pd-2]1(OS(C)(=O)=O)c2ccccc2-c2ccccc2[NH+]1C.CCN=P(N=P(N(C)C)(N(C)C)N(C)C)(N(C)C)N(C)C.CC(=O)N(C)C.>>Fc1cccc(-n2cccn2)c1Nc1cn(C2CCOCC2)cn1,0.8,72,Commercial,Commercial BB,FALSE,4,4.787024627,FALSE,54,165,112,Commercial,Commercial BB,6,5.175136933,FALSE,26,92,72-112,Brc1cn(C2CCOCC2)cn1.Nc1c(F)cccc1-n1cccn1>>Fc1cccc(-n2cccn2)c1Nc1cn(C2CCOCC2)cn1,18
Brc1cn(C2CCOCC2)cn1,Nc1cc(F)ccc1N1CCCC1,Fc1ccc(N2CCCC2)c(Nc2cn(C3CCOCC3)cn2)c1,CC(C)c1cc(C(C)C)c(-c2ccccc2[P+](C2CCCCC2)(C2CCCCC2)[Pd-2]2(OS(C)(=O)=O)c3ccccc3-c3ccccc3[NH+]2C)c(C(C)C)c1,CCN=P(N=P(N(C)C)(N(C)C)N(C)C)(N(C)C)N(C)C,Cc1ccccc1,xphos-pd-g4,P2Et,Toluene,Brc1cn(C2CCOCC2)cn1.Nc1cc(F)ccc1N1CCCC1.CC(C)c1cc(C(C)C)c(-c2ccccc2[P+](C2CCCCC2)(C2CCCCC2)[Pd-2]2(OS(C)(=O)=O)c3ccccc3-c3ccccc3[NH+]2C)c(C(C)C)c1.CCN=P(N=P(N(C)C)(N(C)C)N(C)C)(N(C)C)N(C)C.Cc1ccccc1.>>Fc1ccc(N2CCCC2)c(Nc2cn(C3CCOCC3)cn2)c1,0.815,72,Commercial,Commercial BB,FALSE,4,4.787024627,FALSE,54,165,48,Commercial,Commercial BB,2,4.699454297,FALSE,15,54,72-48,Brc1cn(C2CCOCC2)cn1.Nc1cc(F)ccc1N1CCCC1>>Fc1ccc(N2CCCC2)c(Nc2cn(C3CCOCC3)cn2)c1,0
Clc1cc(OC2CCOCC2)ncn1,Nc1cc(F)ccc1-n1cccc1,Fc1ccc(-n2cccc2)c(Nc2cc(OC3CCOCC3)ncn2)c1,CC(C)Oc1cccc(OC(C)C)c1-c1ccccc1[P+](C1CCCCC1)(C1CCCCC1)[Pd-2]1(OS(C)(=O)=O)c2ccccc2-c2ccccc2[NH+]1C,CCN=P(N=P(N(C)C)(N(C)C)N(C)C)(N(C)C)N(C)C,CCC(C)(C)O,ruphos-pd-g4,P2Et,t-AmOH,Clc1cc(OC2CCOCC2)ncn1.Nc1cc(F)ccc1-n1cccc1.CC(C)Oc1cccc(OC(C)C)c1-c1ccccc1[P+](C1CCCCC1)(C1CCCCC1)[Pd-2]1(OS(C)(=O)=O)c2ccccc2-c2ccccc2[NH+]1C.CCN=P(N=P(N(C)C)(N(C)C)N(C)C)(N(C)C)N(C)C.CCC(C)(C)O.>>Fc1ccc(-n2cccc2)c(Nc2cc(OC3CCOCC3)ncn2)c1,0.805,108,Commercial,Commercial BB,FALSE,4,5.26706232,FALSE,54,165,20,Commercial,Commercial BB,6,4.848940831,FALSE,29,54,108-20,Clc1cc(OC2CCOCC2)ncn1.Nc1cc(F)ccc1-n1cccc1>>Fc1ccc(-n2cccc2)c(Nc2cc(OC3CCOCC3)ncn2)c1,24
Brc1csc(OC2CCOC2)n1,Nc1cc(F)cc2c1OCCC2,Fc1cc2c(c(Nc3csc(OC4CCOC4)n3)c1)OCCC2,C[NH+]1c2ccccc2-c2ccccc2[Pd-2]1(OS(C)(=O)=O)[P+](C(C)(C)C)(C(C)(C)C)C(C)(C)C,CCN=P(N=P(N(C)C)(N(C)C)N(C)C)(N(C)C)N(C)C,Cc1ccccc1,p(tbu)3-pd-g4,P2Et,Toluene,Brc1csc(OC2CCOC2)n1.Nc1cc(F)cc2c1OCCC2.C[NH+]1c2ccccc2-c2ccccc2[Pd-2]1(OS(C)(=O)=O)[P+](C(C)(C)C)(C(C)(C)C)C(C)(C)C.CCN=P(N=P(N(C)C)(N(C)C)N(C)C)(N(C)C)N(C)C.Cc1ccccc1.>>Fc1cc2c(c(Nc3csc(OC4CCOC4)n3)c1)OCCC2,0.8,110,Commercial,Commercial BB,FALSE,4,4.884928677,FALSE,39,75,114,Commercial,Commercial BB,2,5.083562386,FALSE,56,54,110-114,Brc1csc(OC2CCOC2)n1.Nc1cc(F)cc2c1OCCC2>>Fc1cc2c(c(Nc3csc(OC4CCOC4)n3)c1)OCCC2,0
Brc1csc(OC2CCOC2)n1,Nc1cc2cn[nH]c2cc1F,Fc1cc2[nH]ncc2cc1Nc1csc(OC2CCOC2)n1,COc1ccc(OC)c([P+](C2CCCCC2)(C2CCCCC2)[Pd-2]2(OS(C)(=O)=O)c3ccccc3-c3ccccc3[NH+]2C)c1-c1c(C(C)C)cc(C(C)C)cc1C(C)C,CCN=P(N=P(N(C)C)(N(C)C)N(C)C)(N(C)C)N(C)C,CCC(C)(C)O,brettphos-pd-g4,P2Et,t-AmOH,Brc1csc(OC2CCOC2)n1.Nc1cc2cn[nH]c2cc1F.COc1ccc(OC)c([P+](C2CCCCC2)(C2CCCCC2)[Pd-2]2(OS(C)(=O)=O)c3ccccc3-c3ccccc3[NH+]2C)c1-c1c(C(C)C)cc(C(C)C)cc1C(C)C.CCN=P(N=P(N(C)C)(N(C)C)N(C)C)(N(C)C)N(C)C.CCC(C)(C)O.>>Fc1cc2[nH]ncc2cc1Nc1csc(OC2CCOC2)n1,0.805,110,Commercial,Commercial BB,FALSE,4,4.884928677,FALSE,39,75,4,Commercial,Commercial BB,6,5.126641638,FALSE,29,231,110-4,Brc1csc(OC2CCOC2)n1.Nc1cc2cn[nH]c2cc1F>>Fc1cc2[nH]ncc2cc1Nc1csc(OC2CCOC2)n1,0
Clc1cnn2cc(Br)cnc12,Nc1cc(F)cc(OC(F)F)c1,Fc1cc(Nc2cnc3c(Cl)cnn3c2)cc(OC(F)F)c1,CC(C)Oc1cccc(OC(C)C)c1-c1ccccc1[P+](C1CCCCC1)(C1CCCCC1)[Pd-2]1(OS(C)(=O)=O)c2ccccc2-c2ccccc2[NH+]1C,CCN=P(N=P(N(C)C)(N(C)C)N(C)C)(N(C)C)N(C)C,CC(=O)N(C)C,ruphos-pd-g4,P2Et,DMA,Clc1cnn2cc(Br)cnc12.Nc1cc(F)cc(OC(F)F)c1.CC(C)Oc1cccc(OC(C)C)c1-c1ccccc1[P+](C1CCCCC1)(C1CCCCC1)[Pd-2]1(OS(C)(=O)=O)c2ccccc2-c2ccccc2[NH+]1C.CCN=P(N=P(N(C)C)(N(C)C)N(C)C)(N(C)C)N(C)C.CC(=O)N(C)C.>>Fc1cc(Nc2cnc3c(Cl)cnn3c2)cc(OC(F)F)c1,0.805,90,Commercial,Commercial BB,FALSE,4,4.717863509,FALSE,130,216,6,Commercial,Commercial BB,2,4.426971678,FALSE,7,54,90-6,Clc1cnn2cc(Br)cnc12.Nc1cc(F)cc(OC(F)F)c1>>Fc1cc(Nc2cnc3c(Cl)cnn3c2)cc(OC(F)F)c1,0
Brc1cn(C2CCOCC2)cn1,Nc1cc(F)cc(N2CCCC2)c1,Fc1cc(Nc2cn(C3CCOCC3)cn2)cc(N2CCCC2)c1,CC(C)c1cc(C(C)C)c(-c2ccccc2[P+](C2CCCCC2)(C2CCCCC2)[Pd-2]2(OS(C)(=O)=O)c3ccccc3-c3ccccc3[NH+]2C)c(C(C)C)c1,CCN=P(N=P(N(C)C)(N(C)C)N(C)C)(N(C)C)N(C)C,CC(=O)N(C)C,xphos-pd-g4,P2Et,DMA,Brc1cn(C2CCOCC2)cn1.Nc1cc(F)cc(N2CCCC2)c1.CC(C)c1cc(C(C)C)c(-c2ccccc2[P+](C2CCCCC2)(C2CCCCC2)[Pd-2]2(OS(C)(=O)=O)c3ccccc3-c3ccccc3[NH+]2C)c(C(C)C)c1.CCN=P(N=P(N(C)C)(N(C)C)N(C)C)(N(C)C)N(C)C.CC(=O)N(C)C.>>Fc1cc(Nc2cn(C3CCOCC3)cn2)cc(N2CCCC2)c1,0.864310345,72,Commercial,Commercial BB,FALSE,4,4.787024627,FALSE,54,165,65,Commercial,Commercial BB,2,4.710041755,FALSE,15,54,72-65,Brc1cn(C2CCOCC2)cn1.Nc1cc(F)cc(N2CCCC2)c1>>Fc1cc(Nc2cn(C3CCOCC3)cn2)cc(N2CCCC2)c1,15
Brc1cn(C2CCOCC2)cn1,Nc1cc(F)c(N2CCCC2)c(F)c1,Fc1cc(Nc2cn(C3CCOCC3)cn2)cc(F)c1N1CCCC1,CC(C)c1cc(C(C)C)c(-c2ccccc2[P+](C2CCCCC2)(C2CCCCC2)[Pd-2]2(OS(C)(=O)=O)c3ccccc3-c3ccccc3[NH+]2C)c(C(C)C)c1,CCN=P(N=P(N(C)C)(N(C)C)N(C)C)(N(C)C)N(C)C,CCC(C)(C)O,xphos-pd-g4,P2Et,t-AmOH,Brc1cn(C2CCOCC2)cn1.Nc1cc(F)c(N2CCCC2)c(F)c1.CC(C)c1cc(C(C)C)c(-c2ccccc2[P+](C2CCCCC2)(C2CCCCC2)[Pd-2]2(OS(C)(=O)=O)c3ccccc3-c3ccccc3[NH+]2C)c(C(C)C)c1.CCN=P(N=P(N(C)C)(N(C)C)N(C)C)(N(C)C)N(C)C.CCC(C)(C)O.>>Fc1cc(Nc2cn(C3CCOCC3)cn2)cc(F)c1N1CCCC1,0.839310345,72,Commercial,Commercial BB,FALSE,4,4.787024627,FALSE,54,165,120,Commercial,Commercial BB,2,4.419610497,FALSE,15,54,72-120,Brc1cn(C2CCOCC2)cn1.Nc1cc(F)c(N2CCCC2)c(F)c1>>Fc1cc(Nc2cn(C3CCOCC3)cn2)cc(F)c1N1CCCC1,5
Brc1ccc2nnsc2c1,Nc1cc(F)c(N2CCCC2)c(F)c1,Fc1cc(Nc2ccc3nnsc3c2)cc(F)c1N1CCCC1,C[NH+]1c2ccccc2-c2ccccc2[Pd-2]1(OS(C)(=O)=O)[P+](C(C)(C)C)(C(C)(C)C)C(C)(C)C,CCN=P(N=P(N(C)C)(N(C)C)N(C)C)(N(C)C)N(C)C,CS(C)=O,p(tbu)3-pd-g4,P2Et,DMSO,Brc1ccc2nnsc2c1.Nc1cc(F)c(N2CCCC2)c(F)c1.C[NH+]1c2ccccc2-c2ccccc2[Pd-2]1(OS(C)(=O)=O)[P+](C(C)(C)C)(C(C)(C)C)C(C)(C)C.CCN=P(N=P(N(C)C)(N(C)C)N(C)C)(N(C)C)N(C)C.CS(C)=O.>>Fc1cc(Nc2ccc3nnsc3c2)cc(F)c1N1CCCC1,0.845,37,Commercial,Commercial BB,FALSE,0,4.365458188,FALSE,78,90,120,Commercial,Commercial BB,2,4.419610497,FALSE,15,54,37-120,Brc1ccc2nnsc2c1.Nc1cc(F)c(N2CCCC2)c(F)c1>>Fc1cc(Nc2ccc3nnsc3c2)cc(F)c1N1CCCC1,0
Clc1cnnc2ccc(Br)cc12,Nc1cc(F)c(-n2ccnc2)c(F)c1,Fc1cc(Nc2ccc3nncc(Cl)c3c2)cc(F)c1-n1ccnc1,C[NH+]1c2ccccc2-c2ccccc2[Pd-2]1(OS(C)(=O)=O)[P+](C(C)(C)C)(C(C)(C)C)C(C)(C)C,CCN=P(N=P(N(C)C)(N(C)C)N(C)C)(N(C)C)N(C)C,CS(C)=O,p(tbu)3-pd-g4,P2Et,DMSO,Clc1cnnc2ccc(Br)cc12.Nc1cc(F)c(-n2ccnc2)c(F)c1.C[NH+]1c2ccccc2-c2ccccc2[Pd-2]1(OS(C)(=O)=O)[P+](C(C)(C)C)(C(C)(C)C)C(C)(C)C.CCN=P(N=P(N(C)C)(N(C)C)N(C)C)(N(C)C)N(C)C.CS(C)=O.>>Fc1cc(Nc2ccc3nncc(Cl)c3c2)cc(F)c1-n1ccnc1,0.835,92,Commercial,Commercial BB,FALSE,0,4.537815625,FALSE,78,90,36,Commercial,Commercial BB,6,4.837256301,FALSE,29,127,92-36,Clc1cnnc2ccc(Br)cc12.Nc1cc(F)c(-n2ccnc2)c(F)c1>>Fc1cc(Nc2ccc3nncc(Cl)c3c2)cc(F)c1-n1ccnc1,27
Brc1csc(OC2CCOC2)n1,Nc1cc(F)cc(F)c1F,Fc1cc(F)c(F)c(Nc2csc(OC3CCOC3)n2)c1,CC(C)c1cc(C(C)C)c(-c2ccccc2[P+](C2CCCCC2)(C2CCCCC2)[Pd-2]2(OS(C)(=O)=O)c3ccccc3-c3ccccc3[NH+]2C)c(C(C)C)c1,CCN=P(N=P(N(C)C)(N(C)C)N(C)C)(N(C)C)N(C)C,CC(=O)N(C)C,xphos-pd-g4,P2Et,DMA,Brc1csc(OC2CCOC2)n1.Nc1cc(F)cc(F)c1F.CC(C)c1cc(C(C)C)c(-c2ccccc2[P+](C2CCCCC2)(C2CCCCC2)[Pd-2]2(OS(C)(=O)=O)c3ccccc3-c3ccccc3[NH+]2C)c(C(C)C)c1.CCN=P(N=P(N(C)C)(N(C)C)N(C)C)(N(C)C)N(C)C.CC(=O)N(C)C.>>Fc1cc(F)c(F)c(Nc2csc(OC3CCOC3)n2)c1,0.85,110,Commercial,Commercial BB,FALSE,4,4.884928677,FALSE,39,75,98,Commercial,Commercial BB,2,3.982673737,FALSE,21,54,110-98,Brc1csc(OC2CCOC2)n1.Nc1cc(F)cc(F)c1F>>Fc1cc(F)c(F)c(Nc2csc(OC3CCOC3)n2)c1,42
Brc1c(-c2cccnn2)nn2c1CCCC2,Nc1cc(F)cc(F)c1F,Fc1cc(F)c(F)c(Nc2c(-c3cccnn3)nn3c2CCCC3)c1,CC(C)c1cc(C(C)C)c(-c2ccccc2[P+](C2CCCCC2)(C2CCCCC2)[Pd-2]2(OS(C)(=O)=O)c3ccccc3-c3ccccc3[NH+]2C)c(C(C)C)c1,CCN=P(N=P(N(C)C)(N(C)C)N(C)C)(N(C)C)N(C)C,CC(=O)N(C)C,xphos-pd-g4,P2Et,DMA,Brc1c(-c2cccnn2)nn2c1CCCC2.Nc1cc(F)cc(F)c1F.CC(C)c1cc(C(C)C)c(-c2ccccc2[P+](C2CCCCC2)(C2CCCCC2)[Pd-2]2(OS(C)(=O)=O)c3ccccc3-c3ccccc3[NH+]2C)c(C(C)C)c1.CCN=P(N=P(N(C)C)(N(C)C)N(C)C)(N(C)C)N(C)C.CC(=O)N(C)C.>>Fc1cc(F)c(F)c(Nc2c(-c3cccnn3)nn3c2CCCC3)c1,0.81,134,Commercial,Commercial BB,FALSE,4,5.8193848,FALSE,152,374,98,Commercial,Commercial BB,2,3.982673737,FALSE,21,54,134-98,Brc1c(-c2cccnn2)nn2c1CCCC2.Nc1cc(F)cc(F)c1F>>Fc1cc(F)c(F)c(Nc2c(-c3cccnn3)nn3c2CCCC3)c1,
Brc1cccc(Oc2ccccc2)n1,Nc1ccc2cn[nH]c2c1F,Fc1c(Nc2cccc(Oc3ccccc3)n2)ccc2cn[nH]c12,CC(C)c1cc(C(C)C)c(-c2ccccc2[P+](C2CCCCC2)(C2CCCCC2)[Pd-2]2(OS(C)(=O)=O)c3ccccc3-c3ccccc3[NH+]2C)c(C(C)C)c1,CCN=P(N=P(N(C)C)(N(C)C)N(C)C)(N(C)C)N(C)C,CC(=O)N(C)C,xphos-pd-g4,P2Et,DMA,Brc1cccc(Oc2ccccc2)n1.Nc1ccc2cn[nH]c2c1F.CC(C)c1cc(C(C)C)c(-c2ccccc2[P+](C2CCCCC2)(C2CCCCC2)[Pd-2]2(OS(C)(=O)=O)c3ccccc3-c3ccccc3[NH+]2C)c(C(C)C)c1.CCN=P(N=P(N(C)C)(N(C)C)N(C)C)(N(C)C)N(C)C.CC(=O)N(C)C.>>Fc1c(Nc2cccc(Oc3ccccc3)n2)ccc2cn[nH]c12,0.855,93,Commercial,Commercial BB,FALSE,4,4.647080046,FALSE,34,75,137,Commercial,Commercial BB,6,5.094390182,FALSE,29,231,93-137,Brc1cccc(Oc2ccccc2)n1.Nc1ccc2cn[nH]c2c1F>>Fc1c(Nc2cccc(Oc3ccccc3)n2)ccc2cn[nH]c12,0
Clc1cnn2cc(Br)cnc12,NC1(c2c[nH]nn2)CC(F)(F)C1,FC1(F)CC(Nc2cnc3c(Cl)cnn3c2)(c2c[nH]nn2)C1,CC(C)Oc1cccc(OC(C)C)c1-c1ccccc1[P+](C1CCCCC1)(C1CCCCC1)[Pd-2]1(OS(C)(=O)=O)c2ccccc2-c2ccccc2[NH+]1C,CCN=P(N=P(N(C)C)(N(C)C)N(C)C)(N(C)C)N(C)C,CS(C)=O,ruphos-pd-g4,P2Et,DMSO,Clc1cnn2cc(Br)cnc12.NC1(c2c[nH]nn2)CC(F)(F)C1.CC(C)Oc1cccc(OC(C)C)c1-c1ccccc1[P+](C1CCCCC1)(C1CCCCC1)[Pd-2]1(OS(C)(=O)=O)c2ccccc2-c2ccccc2[NH+]1C.CCN=P(N=P(N(C)C)(N(C)C)N(C)C)(N(C)C)N(C)C.CS(C)=O.>>FC1(F)CC(Nc2cnc3c(Cl)cnn3c2)(c2c[nH]nn2)C1,0.805,90,Commercial,Commercial BB,FALSE,4,4.717863509,FALSE,130,216,144,Commercial,Commercial BB,9,4.923013102,FALSE,51,190,90-144,Clc1cnn2cc(Br)cnc12.NC1(c2c[nH]nn2)CC(F)(F)C1>>FC1(F)CC(Nc2cnc3c(Cl)cnn3c2)(c2c[nH]nn2)C1,
Brc1cn(C2CCOCC2)cn1,NC1(c2c[nH]nn2)CC(F)(F)C1,FC1(F)CC(Nc2cn(C3CCOCC3)cn2)(c2c[nH]nn2)C1,CC(C)c1cc(C(C)C)c(-c2ccccc2[P+](C2CCCCC2)(C2CCCCC2)[Pd-2]2(OS(C)(=O)=O)c3ccccc3-c3ccccc3[NH+]2C)c(C(C)C)c1,CCN=P(N=P(N(C)C)(N(C)C)N(C)C)(N(C)C)N(C)C,CCC(C)(C)O,xphos-pd-g4,P2Et,t-AmOH,Brc1cn(C2CCOCC2)cn1.NC1(c2c[nH]nn2)CC(F)(F)C1.CC(C)c1cc(C(C)C)c(-c2ccccc2[P+](C2CCCCC2)(C2CCCCC2)[Pd-2]2(OS(C)(=O)=O)c3ccccc3-c3ccccc3[NH+]2C)c(C(C)C)c1.CCN=P(N=P(N(C)C)(N(C)C)N(C)C)(N(C)C)N(C)C.CCC(C)(C)O.>>FC1(F)CC(Nc2cn(C3CCOCC3)cn2)(c2c[nH]nn2)C1,0.82,72,Commercial,Commercial BB,FALSE,4,4.787024627,FALSE,54,165,144,Commercial,Commercial BB,9,4.923013102,FALSE,51,190,72-144,Brc1cn(C2CCOCC2)cn1.NC1(c2c[nH]nn2)CC(F)(F)C1>>FC1(F)CC(Nc2cn(C3CCOCC3)cn2)(c2c[nH]nn2)C1,
FC(F)n1ncc2cc(Br)ccc21,NC(c1ccc[nH]1)C(F)(F)F,FC(F)n1ncc2cc(NC(c3ccc[nH]3)C(F)(F)F)ccc21,COc1ccc(OC)c([P+](C2CCCCC2)(C2CCCCC2)[Pd-2]2(OS(C)(=O)=O)c3ccccc3-c3ccccc3[NH+]2C)c1-c1c(C(C)C)cc(C(C)C)cc1C(C)C,CCN=P(N=P(N(C)C)(N(C)C)N(C)C)(N(C)C)N(C)C,CCC(C)(C)O,brettphos-pd-g4,P2Et,t-AmOH,FC(F)n1ncc2cc(Br)ccc21.NC(c1ccc[nH]1)C(F)(F)F.COc1ccc(OC)c([P+](C2CCCCC2)(C2CCCCC2)[Pd-2]2(OS(C)(=O)=O)c3ccccc3-c3ccccc3[NH+]2C)c1-c1c(C(C)C)cc(C(C)C)cc1C(C)C.CCN=P(N=P(N(C)C)(N(C)C)N(C)C)(N(C)C)N(C)C.CCC(C)(C)O.>>FC(F)n1ncc2cc(NC(c3ccc[nH]3)C(F)(F)F)ccc21,0.81,34,Commercial,Commercial BB,FALSE,0,4.5919479,FALSE,78,90,49,Commercial,Commercial BB,1,4.66398101,FALSE,27,300,34-49,FC(F)n1ncc2cc(Br)ccc21.NC(c1ccc[nH]1)C(F)(F)F>>FC(F)n1ncc2cc(NC(c3ccc[nH]3)C(F)(F)F)ccc21,39
FC(F)n1cc2cc(Br)ccc2n1,Nc1ncn(C(F)F)n1,FC(F)n1cnc(Nc2ccc3nn(C(F)F)cc3c2)n1,CC(C)c1cc(C(C)C)c(-c2ccccc2[P+](C2CCCCC2)(C2CCCCC2)[Pd-2]2(OS(C)(=O)=O)c3ccccc3-c3ccccc3[NH+]2C)c(C(C)C)c1,CCN=P(N=P(N(C)C)(N(C)C)N(C)C)(N(C)C)N(C)C,CC(=O)N(C)C,xphos-pd-g4,P2Et,DMA,FC(F)n1cc2cc(Br)ccc2n1.Nc1ncn(C(F)F)n1.CC(C)c1cc(C(C)C)c(-c2ccccc2[P+](C2CCCCC2)(C2CCCCC2)[Pd-2]2(OS(C)(=O)=O)c3ccccc3-c3ccccc3[NH+]2C)c(C(C)C)c1.CCN=P(N=P(N(C)C)(N(C)C)N(C)C)(N(C)C)N(C)C.CC(=O)N(C)C.>>FC(F)n1cnc(Nc2ccc3nn(C(F)F)cc3c2)n1,0.82,107,Commercial,Commercial BB,FALSE,0,4.641462658,FALSE,78,90,92,Commercial,Commercial BB,6,3.938122878,FALSE,66,119,107-92,FC(F)n1cc2cc(Br)ccc2n1.Nc1ncn(C(F)F)n1>>FC(F)n1cnc(Nc2ccc3nn(C(F)F)cc3c2)n1,0
FC(F)n1cnc(Br)n1,Nc1ccc(-n2nccn2)cc1,FC(F)n1cnc(Nc2ccc(-n3nccn3)cc2)n1,C[NH+]1c2ccccc2-c2ccccc2[Pd-2]1(OS(C)(=O)=O)[P+](C(C)(C)C)(C(C)(C)C)C(C)(C)C,CCN=P(N=P(N(C)C)(N(C)C)N(C)C)(N(C)C)N(C)C,CS(C)=O,p(tbu)3-pd-g4,P2Et,DMSO,FC(F)n1cnc(Br)n1.Nc1ccc(-n2nccn2)cc1.C[NH+]1c2ccccc2-c2ccccc2[Pd-2]1(OS(C)(=O)=O)[P+](C(C)(C)C)(C(C)(C)C)C(C)(C)C.CCN=P(N=P(N(C)C)(N(C)C)N(C)C)(N(C)C)N(C)C.CS(C)=O.>>FC(F)n1cnc(Nc2ccc(-n3nccn3)cc2)n1,0.85,96,Commercial,Commercial BB,FALSE,4,3.939057579,FALSE,50,230,33,Commercial,Commercial BB,6,4.326590771,FALSE,26,127,96-33,FC(F)n1cnc(Br)n1.Nc1ccc(-n2nccn2)cc1>>FC(F)n1cnc(Nc2ccc(-n3nccn3)cc2)n1,0
Brc1ccc2nnsc2c1,Nc1nnc(C(F)F)[nH]1,FC(F)c1nnc(Nc2ccc3nnsc3c2)[nH]1,C[NH+]1c2ccccc2-c2ccccc2[Pd-2]1(OS(C)(=O)=O)[P+](C(C)(C)C)(C(C)(C)C)C(C)(C)C,CCN=P(N=P(N(C)C)(N(C)C)N(C)C)(N(C)C)N(C)C,CS(C)=O,p(tbu)3-pd-g4,P2Et,DMSO,Brc1ccc2nnsc2c1.Nc1nnc(C(F)F)[nH]1.C[NH+]1c2ccccc2-c2ccccc2[Pd-2]1(OS(C)(=O)=O)[P+](C(C)(C)C)(C(C)(C)C)C(C)(C)C.CCN=P(N=P(N(C)C)(N(C)C)N(C)C)(N(C)C)N(C)C.CS(C)=O.>>FC(F)c1nnc(Nc2ccc3nnsc3c2)[nH]1,0.85,37,Commercial,Commercial BB,FALSE,0,4.365458188,FALSE,78,90,13,Commercial,Commercial BB,6,4.144662408,FALSE,55,199,37-13,Brc1ccc2nnsc2c1.Nc1nnc(C(F)F)[nH]1>>FC(F)c1nnc(Nc2ccc3nnsc3c2)[nH]1,1
Brc1c(-c2cccnn2)nn2c1CCCC2,Nc1nnc(C(F)(F)F)[nH]1,FC(F)(F)c1nnc(Nc2c(-c3cccnn3)nn3c2CCCC3)[nH]1,CC(C)c1cc(C(C)C)c(-c2ccccc2[P+](C2CCCCC2)(C2CCCCC2)[Pd-2]2(OS(C)(=O)=O)c3ccccc3-c3ccccc3[NH+]2C)c(C(C)C)c1,CCN=P(N=P(N(C)C)(N(C)C)N(C)C)(N(C)C)N(C)C,CC(=O)N(C)C,xphos-pd-g4,P2Et,DMA,Brc1c(-c2cccnn2)nn2c1CCCC2.Nc1nnc(C(F)(F)F)[nH]1.CC(C)c1cc(C(C)C)c(-c2ccccc2[P+](C2CCCCC2)(C2CCCCC2)[Pd-2]2(OS(C)(=O)=O)c3ccccc3-c3ccccc3[NH+]2C)c(C(C)C)c1.CCN=P(N=P(N(C)C)(N(C)C)N(C)C)(N(C)C)N(C)C.CC(=O)N(C)C.>>FC(F)(F)c1nnc(Nc2c(-c3cccnn3)nn3c2CCCC3)[nH]1,0.81,134,Commercial,Commercial BB,FALSE,4,5.8193848,FALSE,152,374,128,Commercial,Commercial BB,6,4.180932104,FALSE,46,199,134-128,Brc1c(-c2cccnn2)nn2c1CCCC2.Nc1nnc(C(F)(F)F)[nH]1>>FC(F)(F)c1nnc(Nc2c(-c3cccnn3)nn3c2CCCC3)[nH]1,2
Brc1ccc2nnsc2c1,NC(c1ccc[nH]1)C(F)(F)F,FC(F)(F)C(Nc1ccc2nnsc2c1)c1ccc[nH]1,C[NH+]1c2ccccc2-c2ccccc2[Pd-2]1(OS(C)(=O)=O)[P+](C(C)(C)C)(C(C)(C)C)C(C)(C)C,CCN=P(N=P(N(C)C)(N(C)C)N(C)C)(N(C)C)N(C)C,CS(C)=O,p(tbu)3-pd-g4,P2Et,DMSO,Brc1ccc2nnsc2c1.NC(c1ccc[nH]1)C(F)(F)F.C[NH+]1c2ccccc2-c2ccccc2[Pd-2]1(OS(C)(=O)=O)[P+](C(C)(C)C)(C(C)(C)C)C(C)(C)C.CCN=P(N=P(N(C)C)(N(C)C)N(C)C)(N(C)C)N(C)C.CS(C)=O.>>FC(F)(F)C(Nc1ccc2nnsc2c1)c1ccc[nH]1,0.89,37,Commercial,Commercial BB,FALSE,0,4.365458188,FALSE,78,90,49,Commercial,Commercial BB,1,4.66398101,FALSE,27,300,37-49,Brc1ccc2nnsc2c1.NC(c1ccc[nH]1)C(F)(F)F>>FC(F)(F)C(Nc1ccc2nnsc2c1)c1ccc[nH]1,
Cn1nnc2ccc(F)c(Br)c21,Nc1nnc(C(F)F)[nH]1,Cn1nnc2ccc(F)c(Nc3nnc(C(F)F)[nH]3)c21,CC(C)c1cc(C(C)C)c(-c2ccccc2[P+](C2CCCCC2)(C2CCCCC2)[Pd-2]2(OS(C)(=O)=O)c3ccccc3-c3ccccc3[NH+]2C)c(C(C)C)c1,CCN=P(N=P(N(C)C)(N(C)C)N(C)C)(N(C)C)N(C)C,CC(=O)N(C)C,xphos-pd-g4,P2Et,DMA,Cn1nnc2ccc(F)c(Br)c21.Nc1nnc(C(F)F)[nH]1.CC(C)c1cc(C(C)C)c(-c2ccccc2[P+](C2CCCCC2)(C2CCCCC2)[Pd-2]2(OS(C)(=O)=O)c3ccccc3-c3ccccc3[NH+]2C)c(C(C)C)c1.CCN=P(N=P(N(C)C)(N(C)C)N(C)C)(N(C)C)N(C)C.CC(=O)N(C)C.>>Cn1nnc2ccc(F)c(Nc3nnc(C(F)F)[nH]3)c21,0.8,3,Commercial,Commercial BB,FALSE,8,4.91994583,FALSE,-1,281,13,Commercial,Commercial BB,6,4.144662408,FALSE,55,199,13-Mar,Cn1nnc2ccc(F)c(Br)c21.Nc1nnc(C(F)F)[nH]1>>Cn1nnc2ccc(F)c(Nc3nnc(C(F)F)[nH]3)c21,0
Cn1nnc2ccc(F)c(Br)c21,Nc1ccnc2[nH]ncc12,Cn1nnc2ccc(F)c(Nc3ccnc4[nH]ncc34)c21,CC(C)c1cc(C(C)C)c(-c2ccccc2[P+](C2CCCCC2)(C2CCCCC2)[Pd-2]2(OS(C)(=O)=O)c3ccccc3-c3ccccc3[NH+]2C)c(C(C)C)c1,CCN=P(N=P(N(C)C)(N(C)C)N(C)C)(N(C)C)N(C)C,CC(=O)N(C)C,xphos-pd-g4,P2Et,DMA,Cn1nnc2ccc(F)c(Br)c21.Nc1ccnc2[nH]ncc12.CC(C)c1cc(C(C)C)c(-c2ccccc2[P+](C2CCCCC2)(C2CCCCC2)[Pd-2]2(OS(C)(=O)=O)c3ccccc3-c3ccccc3[NH+]2C)c(C(C)C)c1.CCN=P(N=P(N(C)C)(N(C)C)N(C)C)(N(C)C)N(C)C.CC(=O)N(C)C.>>Cn1nnc2ccc(F)c(Nc3ccnc4[nH]ncc34)c21,0.825,3,Commercial,Commercial BB,FALSE,8,4.91994583,FALSE,-1,281,143,Commercial,Commercial BB,6,4.785264266,FALSE,61,229,3-143,Cn1nnc2ccc(F)c(Br)c21.Nc1ccnc2[nH]ncc12>>Cn1nnc2ccc(F)c(Nc3ccnc4[nH]ncc34)c21,0
Cn1nnc2ccc(F)c(Br)c21,Nc1cc(F)ccc1Oc1ccccc1,Cn1nnc2ccc(F)c(Nc3cc(F)ccc3Oc3ccccc3)c21,CC(C)Oc1cccc(OC(C)C)c1-c1ccccc1[P+](C1CCCCC1)(C1CCCCC1)[Pd-2]1(OS(C)(=O)=O)c2ccccc2-c2ccccc2[NH+]1C,CCN=P(N=P(N(C)C)(N(C)C)N(C)C)(N(C)C)N(C)C,CCC(C)(C)O,ruphos-pd-g4,P2Et,t-AmOH,Cn1nnc2ccc(F)c(Br)c21.Nc1cc(F)ccc1Oc1ccccc1.CC(C)Oc1cccc(OC(C)C)c1-c1ccccc1[P+](C1CCCCC1)(C1CCCCC1)[Pd-2]1(OS(C)(=O)=O)c2ccccc2-c2ccccc2[NH+]1C.CCN=P(N=P(N(C)C)(N(C)C)N(C)C)(N(C)C)N(C)C.CCC(C)(C)O.>>Cn1nnc2ccc(F)c(Nc3cc(F)ccc3Oc3ccccc3)c21,0.805,3,Commercial,Commercial BB,FALSE,8,4.91994583,FALSE,-1,281,24,Commercial,Commercial BB,2,4.788397654,FALSE,21,54,24-Mar,Cn1nnc2ccc(F)c(Br)c21.Nc1cc(F)ccc1Oc1ccccc1>>Cn1nnc2ccc(F)c(Nc3cc(F)ccc3Oc3ccccc3)c21,47
Cn1nnc2ccc(F)c(Br)c21,Nc1cc(F)cc(OC(F)F)c1,Cn1nnc2ccc(F)c(Nc3cc(F)cc(OC(F)F)c3)c21,CC(C)c1cc(C(C)C)c(-c2ccccc2[P+](C2CCCCC2)(C2CCCCC2)[Pd-2]2(OS(C)(=O)=O)c3ccccc3-c3ccccc3[NH+]2C)c(C(C)C)c1,CCN=P(N=P(N(C)C)(N(C)C)N(C)C)(N(C)C)N(C)C,CCC(C)(C)O,xphos-pd-g4,P2Et,t-AmOH,Cn1nnc2ccc(F)c(Br)c21.Nc1cc(F)cc(OC(F)F)c1.CC(C)c1cc(C(C)C)c(-c2ccccc2[P+](C2CCCCC2)(C2CCCCC2)[Pd-2]2(OS(C)(=O)=O)c3ccccc3-c3ccccc3[NH+]2C)c(C(C)C)c1.CCN=P(N=P(N(C)C)(N(C)C)N(C)C)(N(C)C)N(C)C.CCC(C)(C)O.>>Cn1nnc2ccc(F)c(Nc3cc(F)cc(OC(F)F)c3)c21,0.815,3,Commercial,Commercial BB,FALSE,8,4.91994583,FALSE,-1,281,6,Commercial,Commercial BB,2,4.426971678,FALSE,7,54,6-Mar,Cn1nnc2ccc(F)c(Br)c21.Nc1cc(F)cc(OC(F)F)c1>>Cn1nnc2ccc(F)c(Nc3cc(F)cc(OC(F)F)c3)c21,0
Cn1nnc2ccc(F)c(Br)c21,NC(c1ccc[nH]1)C(F)(F)F,Cn1nnc2ccc(F)c(NC(c3ccc[nH]3)C(F)(F)F)c21,CC(C)Oc1cccc(OC(C)C)c1-c1ccccc1[P+](C1CCCCC1)(C1CCCCC1)[Pd-2]1(OS(C)(=O)=O)c2ccccc2-c2ccccc2[NH+]1C,CCN=P(N=P(N(C)C)(N(C)C)N(C)C)(N(C)C)N(C)C,CCC(C)(C)O,ruphos-pd-g4,P2Et,t-AmOH,Cn1nnc2ccc(F)c(Br)c21.NC(c1ccc[nH]1)C(F)(F)F.CC(C)Oc1cccc(OC(C)C)c1-c1ccccc1[P+](C1CCCCC1)(C1CCCCC1)[Pd-2]1(OS(C)(=O)=O)c2ccccc2-c2ccccc2[NH+]1C.CCN=P(N=P(N(C)C)(N(C)C)N(C)C)(N(C)C)N(C)C.CCC(C)(C)O.>>Cn1nnc2ccc(F)c(NC(c3ccc[nH]3)C(F)(F)F)c21,0.85,3,Commercial,Commercial BB,FALSE,8,4.91994583,FALSE,-1,281,49,Commercial,Commercial BB,1,4.66398101,FALSE,27,300,Mar-49,Cn1nnc2ccc(F)c(Br)c21.NC(c1ccc[nH]1)C(F)(F)F>>Cn1nnc2ccc(F)c(NC(c3ccc[nH]3)C(F)(F)F)c21,0
Cn1nnc2c(Br)cccc21,Nc1nnc(C(F)F)[nH]1,Cn1nnc2c(Nc3nnc(C(F)F)[nH]3)cccc21,CC(C)c1cc(C(C)C)c(-c2ccccc2[P+](C2CCCCC2)(C2CCCCC2)[Pd-2]2(OS(C)(=O)=O)c3ccccc3-c3ccccc3[NH+]2C)c(C(C)C)c1,CCN=P(N=P(N(C)C)(N(C)C)N(C)C)(N(C)C)N(C)C,CCC(C)(C)O,xphos-pd-g4,P2Et,t-AmOH,Cn1nnc2c(Br)cccc21.Nc1nnc(C(F)F)[nH]1.CC(C)c1cc(C(C)C)c(-c2ccccc2[P+](C2CCCCC2)(C2CCCCC2)[Pd-2]2(OS(C)(=O)=O)c3ccccc3-c3ccccc3[NH+]2C)c(C(C)C)c1.CCN=P(N=P(N(C)C)(N(C)C)N(C)C)(N(C)C)N(C)C.CCC(C)(C)O.>>Cn1nnc2c(Nc3nnc(C(F)F)[nH]3)cccc21,0.805,27,Commercial,Commercial BB,FALSE,0,4.655117372,FALSE,102,281,13,Commercial,Commercial BB,6,4.144662408,FALSE,55,199,27-13,Cn1nnc2c(Br)cccc21.Nc1nnc(C(F)F)[nH]1>>Cn1nnc2c(Nc3nnc(C(F)F)[nH]3)cccc21,0
Cn1nnc2c(Br)cccc21,Nc1nnc(C(F)(F)F)[nH]1,Cn1nnc2c(Nc3nnc(C(F)(F)F)[nH]3)cccc21,CC(C)c1cc(C(C)C)c(-c2ccccc2[P+](C2CCCCC2)(C2CCCCC2)[Pd-2]2(OS(C)(=O)=O)c3ccccc3-c3ccccc3[NH+]2C)c(C(C)C)c1,CCN=P(N=P(N(C)C)(N(C)C)N(C)C)(N(C)C)N(C)C,CCC(C)(C)O,xphos-pd-g4,P2Et,t-AmOH,Cn1nnc2c(Br)cccc21.Nc1nnc(C(F)(F)F)[nH]1.CC(C)c1cc(C(C)C)c(-c2ccccc2[P+](C2CCCCC2)(C2CCCCC2)[Pd-2]2(OS(C)(=O)=O)c3ccccc3-c3ccccc3[NH+]2C)c(C(C)C)c1.CCN=P(N=P(N(C)C)(N(C)C)N(C)C)(N(C)C)N(C)C.CCC(C)(C)O.>>Cn1nnc2c(Nc3nnc(C(F)(F)F)[nH]3)cccc21,0.825,27,Commercial,Commercial BB,FALSE,0,4.655117372,FALSE,102,281,128,Commercial,Commercial BB,6,4.180932104,FALSE,46,199,27-128,Cn1nnc2c(Br)cccc21.Nc1nnc(C(F)(F)F)[nH]1>>Cn1nnc2c(Nc3nnc(C(F)(F)F)[nH]3)cccc21,0
Cn1nnc2c(Br)cccc21,Nc1cc(F)ccc1Oc1ccccc1,Cn1nnc2c(Nc3cc(F)ccc3Oc3ccccc3)cccc21,CC(C)Oc1cccc(OC(C)C)c1-c1ccccc1[P+](C1CCCCC1)(C1CCCCC1)[Pd-2]1(OS(C)(=O)=O)c2ccccc2-c2ccccc2[NH+]1C,CCN=P(N=P(N(C)C)(N(C)C)N(C)C)(N(C)C)N(C)C,CCC(C)(C)O,ruphos-pd-g4,P2Et,t-AmOH,Cn1nnc2c(Br)cccc21.Nc1cc(F)ccc1Oc1ccccc1.CC(C)Oc1cccc(OC(C)C)c1-c1ccccc1[P+](C1CCCCC1)(C1CCCCC1)[Pd-2]1(OS(C)(=O)=O)c2ccccc2-c2ccccc2[NH+]1C.CCN=P(N=P(N(C)C)(N(C)C)N(C)C)(N(C)C)N(C)C.CCC(C)(C)O.>>Cn1nnc2c(Nc3cc(F)ccc3Oc3ccccc3)cccc21,0.828712121,27,Commercial,Commercial BB,FALSE,0,4.655117372,FALSE,102,281,24,Commercial,Commercial BB,2,4.788397654,FALSE,21,54,27-24,Cn1nnc2c(Br)cccc21.Nc1cc(F)ccc1Oc1ccccc1>>Cn1nnc2c(Nc3cc(F)ccc3Oc3ccccc3)cccc21,28
Cn1nnc2c(Br)cccc21,Nc1cc(F)c(OC(F)F)cc1F,Cn1nnc2c(Nc3cc(F)c(OC(F)F)cc3F)cccc21,CC(C)c1cc(C(C)C)c(-c2ccccc2[P+](C2CCCCC2)(C2CCCCC2)[Pd-2]2(OS(C)(=O)=O)c3ccccc3-c3ccccc3[NH+]2C)c(C(C)C)c1,CCN=P(N=P(N(C)C)(N(C)C)N(C)C)(N(C)C)N(C)C,CCC(C)(C)O,xphos-pd-g4,P2Et,t-AmOH,Cn1nnc2c(Br)cccc21.Nc1cc(F)c(OC(F)F)cc1F.CC(C)c1cc(C(C)C)c(-c2ccccc2[P+](C2CCCCC2)(C2CCCCC2)[Pd-2]2(OS(C)(=O)=O)c3ccccc3-c3ccccc3[NH+]2C)c(C(C)C)c1.CCN=P(N=P(N(C)C)(N(C)C)N(C)C)(N(C)C)N(C)C.CCC(C)(C)O.>>Cn1nnc2c(Nc3cc(F)c(OC(F)F)cc3F)cccc21,0.8,27,Commercial,Commercial BB,FALSE,0,4.655117372,FALSE,102,281,141,Commercial,Commercial BB,2,4.640675381,FALSE,56,54,27-141,Cn1nnc2c(Br)cccc21.Nc1cc(F)c(OC(F)F)cc1F>>Cn1nnc2c(Nc3cc(F)c(OC(F)F)cc3F)cccc21,56
Cn1nnc2c(Br)cccc21,NC(c1ccc[nH]1)C(F)(F)F,Cn1nnc2c(NC(c3ccc[nH]3)C(F)(F)F)cccc21,COc1ccc(OC)c([P+](C2CCCCC2)(C2CCCCC2)[Pd-2]2(OS(C)(=O)=O)c3ccccc3-c3ccccc3[NH+]2C)c1-c1c(C(C)C)cc(C(C)C)cc1C(C)C,CCN=P(N=P(N(C)C)(N(C)C)N(C)C)(N(C)C)N(C)C,CCC(C)(C)O,brettphos-pd-g4,P2Et,t-AmOH,Cn1nnc2c(Br)cccc21.NC(c1ccc[nH]1)C(F)(F)F.COc1ccc(OC)c([P+](C2CCCCC2)(C2CCCCC2)[Pd-2]2(OS(C)(=O)=O)c3ccccc3-c3ccccc3[NH+]2C)c1-c1c(C(C)C)cc(C(C)C)cc1C(C)C.CCN=P(N=P(N(C)C)(N(C)C)N(C)C)(N(C)C)N(C)C.CCC(C)(C)O.>>Cn1nnc2c(NC(c3ccc[nH]3)C(F)(F)F)cccc21,0.83,27,Commercial,Commercial BB,FALSE,0,4.655117372,FALSE,102,281,49,Commercial,Commercial BB,1,4.66398101,FALSE,27,300,27-49,Cn1nnc2c(Br)cccc21.NC(c1ccc[nH]1)C(F)(F)F>>Cn1nnc2c(NC(c3ccc[nH]3)C(F)(F)F)cccc21,0
Cn1nnc2c(C(F)F)c(Br)ccc21,Nc1nc(O)c2cc[nH]c2n1,Cn1nnc2c(C(F)F)c(Nc3nc(O)c4cc[nH]c4n3)ccc21,CC(C)c1cc(C(C)C)c(-c2ccccc2[P+](C2CCCCC2)(C2CCCCC2)[Pd-2]2(OS(C)(=O)=O)c3ccccc3-c3ccccc3[NH+]2C)c(C(C)C)c1,CCN=P(N=P(N(C)C)(N(C)C)N(C)C)(N(C)C)N(C)C,CC(=O)N(C)C,xphos-pd-g4,P2Et,DMA,Cn1nnc2c(C(F)F)c(Br)ccc21.Nc1nc(O)c2cc[nH]c2n1.CC(C)c1cc(C(C)C)c(-c2ccccc2[P+](C2CCCCC2)(C2CCCCC2)[Pd-2]2(OS(C)(=O)=O)c3ccccc3-c3ccccc3[NH+]2C)c(C(C)C)c1.CCN=P(N=P(N(C)C)(N(C)C)N(C)C)(N(C)C)N(C)C.CC(=O)N(C)C.>>Cn1nnc2c(C(F)F)c(Nc3nc(O)c4cc[nH]c4n3)ccc21,0.8392,153,Commercial,Commercial BB,FALSE,8,5.131604485,FALSE,102,281,31,Commercial,Commercial BB,6,5.291661989,FALSE,16,267,153-31,Cn1nnc2c(C(F)F)c(Br)ccc21.Nc1nc(O)c2cc[nH]c2n1>>Cn1nnc2c(C(F)F)c(Nc3nc(O)c4cc[nH]c4n3)ccc21,0
Cn1nnc2c(C(F)F)c(Br)ccc21,Nc1ccnn1-c1cccnn1,Cn1nnc2c(C(F)F)c(Nc3ccnn3-c3cccnn3)ccc21,CC(C)Oc1cccc(OC(C)C)c1-c1ccccc1[P+](C1CCCCC1)(C1CCCCC1)[Pd-2]1(OS(C)(=O)=O)c2ccccc2-c2ccccc2[NH+]1C,CCN=P(N=P(N(C)C)(N(C)C)N(C)C)(N(C)C)N(C)C,CCC(C)(C)O,ruphos-pd-g4,P2Et,t-AmOH,Cn1nnc2c(C(F)F)c(Br)ccc21.Nc1ccnn1-c1cccnn1.CC(C)Oc1cccc(OC(C)C)c1-c1ccccc1[P+](C1CCCCC1)(C1CCCCC1)[Pd-2]1(OS(C)(=O)=O)c2ccccc2-c2ccccc2[NH+]1C.CCN=P(N=P(N(C)C)(N(C)C)N(C)C)(N(C)C)N(C)C.CCC(C)(C)O.>>Cn1nnc2c(C(F)F)c(Nc3ccnn3-c3cccnn3)ccc21,0.815,153,Commercial,Commercial BB,FALSE,8,5.131604485,FALSE,102,281,62,Commercial,Commercial BB,6,4.654147686,FALSE,33,213,153-62,Cn1nnc2c(C(F)F)c(Br)ccc21.Nc1ccnn1-c1cccnn1>>Cn1nnc2c(C(F)F)c(Nc3ccnn3-c3cccnn3)ccc21,0
Cn1nnc2c(C(F)F)c(Br)ccc21,Nc1cccn2cncc12,Cn1nnc2c(C(F)F)c(Nc3cccn4cncc34)ccc21,CC(C)c1cc(C(C)C)c(-c2ccccc2[P+](C2CCCCC2)(C2CCCCC2)[Pd-2]2(OS(C)(=O)=O)c3ccccc3-c3ccccc3[NH+]2C)c(C(C)C)c1,CCN=P(N=P(N(C)C)(N(C)C)N(C)C)(N(C)C)N(C)C,Cc1ccccc1,xphos-pd-g4,P2Et,Toluene,Cn1nnc2c(C(F)F)c(Br)ccc21.Nc1cccn2cncc12.CC(C)c1cc(C(C)C)c(-c2ccccc2[P+](C2CCCCC2)(C2CCCCC2)[Pd-2]2(OS(C)(=O)=O)c3ccccc3-c3ccccc3[NH+]2C)c(C(C)C)c1.CCN=P(N=P(N(C)C)(N(C)C)N(C)C)(N(C)C)N(C)C.Cc1ccccc1.>>Cn1nnc2c(C(F)F)c(Nc3cccn4cncc34)ccc21,0.82,153,Commercial,Commercial BB,FALSE,8,5.131604485,FALSE,102,281,140,Commercial,Commercial BB,6,4.606124675,FALSE,61,127,153-140,Cn1nnc2c(C(F)F)c(Br)ccc21.Nc1cccn2cncc12>>Cn1nnc2c(C(F)F)c(Nc3cccn4cncc34)ccc21,0
Cn1nnc2c(C(F)F)c(Br)ccc21,Nc1cccn2ccnc12,Cn1nnc2c(C(F)F)c(Nc3cccn4ccnc34)ccc21,CC(C)Oc1cccc(OC(C)C)c1-c1ccccc1[P+](C1CCCCC1)(C1CCCCC1)[Pd-2]1(OS(C)(=O)=O)c2ccccc2-c2ccccc2[NH+]1C,CCN=P(N=P(N(C)C)(N(C)C)N(C)C)(N(C)C)N(C)C,CS(C)=O,ruphos-pd-g4,P2Et,DMSO,Cn1nnc2c(C(F)F)c(Br)ccc21.Nc1cccn2ccnc12.CC(C)Oc1cccc(OC(C)C)c1-c1ccccc1[P+](C1CCCCC1)(C1CCCCC1)[Pd-2]1(OS(C)(=O)=O)c2ccccc2-c2ccccc2[NH+]1C.CCN=P(N=P(N(C)C)(N(C)C)N(C)C)(N(C)C)N(C)C.CS(C)=O.>>Cn1nnc2c(C(F)F)c(Nc3cccn4ccnc34)ccc21,0.805,153,Commercial,Commercial BB,FALSE,8,5.131604485,FALSE,102,281,26,Commercial,Commercial BB,6,4.535629776,FALSE,11,127,153-26,Cn1nnc2c(C(F)F)c(Br)ccc21.Nc1cccn2ccnc12>>Cn1nnc2c(C(F)F)c(Nc3cccn4ccnc34)ccc21,11
Cn1nnc2c(C(F)F)c(Br)ccc21,Nc1ccccc1Oc1ccccc1,Cn1nnc2c(C(F)F)c(Nc3ccccc3Oc3ccccc3)ccc21,CC(C)Oc1cccc(OC(C)C)c1-c1ccccc1[P+](C1CCCCC1)(C1CCCCC1)[Pd-2]1(OS(C)(=O)=O)c2ccccc2-c2ccccc2[NH+]1C,CCN=P(N=P(N(C)C)(N(C)C)N(C)C)(N(C)C)N(C)C,CS(C)=O,ruphos-pd-g4,P2Et,DMSO,Cn1nnc2c(C(F)F)c(Br)ccc21.Nc1ccccc1Oc1ccccc1.CC(C)Oc1cccc(OC(C)C)c1-c1ccccc1[P+](C1CCCCC1)(C1CCCCC1)[Pd-2]1(OS(C)(=O)=O)c2ccccc2-c2ccccc2[NH+]1C.CCN=P(N=P(N(C)C)(N(C)C)N(C)C)(N(C)C)N(C)C.CS(C)=O.>>Cn1nnc2c(C(F)F)c(Nc3ccccc3Oc3ccccc3)ccc21,0.835,153,Commercial,Commercial BB,FALSE,8,5.131604485,FALSE,102,281,85,Commercial,Commercial BB,2,4.181053087,FALSE,7,44,153-85,Cn1nnc2c(C(F)F)c(Br)ccc21.Nc1ccccc1Oc1ccccc1>>Cn1nnc2c(C(F)F)c(Nc3ccccc3Oc3ccccc3)ccc21,0
Cn1nnc2c(C(F)F)c(Br)ccc21,Nc1cccc(Cc2nn[nH]n2)c1,Cn1nnc2c(C(F)F)c(Nc3cccc(Cc4nn[nH]n4)c3)ccc21,CC(C)c1cc(C(C)C)c(-c2ccccc2[P+](C2CCCCC2)(C2CCCCC2)[Pd-2]2(OS(C)(=O)=O)c3ccccc3-c3ccccc3[NH+]2C)c(C(C)C)c1,CCN=P(N=P(N(C)C)(N(C)C)N(C)C)(N(C)C)N(C)C,CC(=O)N(C)C,xphos-pd-g4,P2Et,DMA,Cn1nnc2c(C(F)F)c(Br)ccc21.Nc1cccc(Cc2nn[nH]n2)c1.CC(C)c1cc(C(C)C)c(-c2ccccc2[P+](C2CCCCC2)(C2CCCCC2)[Pd-2]2(OS(C)(=O)=O)c3ccccc3-c3ccccc3[NH+]2C)c(C(C)C)c1.CCN=P(N=P(N(C)C)(N(C)C)N(C)C)(N(C)C)N(C)C.CC(=O)N(C)C.>>Cn1nnc2c(C(F)F)c(Nc3cccc(Cc4nn[nH]n4)c3)ccc21,0.82,153,Commercial,Commercial BB,FALSE,8,5.131604485,FALSE,102,281,81,Commercial,Commercial BB,2,5.15466633,FALSE,8,92,153-81,Cn1nnc2c(C(F)F)c(Br)ccc21.Nc1cccc(Cc2nn[nH]n2)c1>>Cn1nnc2c(C(F)F)c(Nc3cccc(Cc4nn[nH]n4)c3)ccc21,0
Cn1nnc2c(C(F)F)c(Br)ccc21,Nc1ccc(-n2nccn2)cc1,Cn1nnc2c(C(F)F)c(Nc3ccc(-n4nccn4)cc3)ccc21,C[NH+]1c2ccccc2-c2ccccc2[Pd-2]1(OS(C)(=O)=O)[P+](C(C)(C)C)(C(C)(C)C)C(C)(C)C,CCN=P(N=P(N(C)C)(N(C)C)N(C)C)(N(C)C)N(C)C,CCC(C)(C)O,p(tbu)3-pd-g4,P2Et,t-AmOH,Cn1nnc2c(C(F)F)c(Br)ccc21.Nc1ccc(-n2nccn2)cc1.C[NH+]1c2ccccc2-c2ccccc2[Pd-2]1(OS(C)(=O)=O)[P+](C(C)(C)C)(C(C)(C)C)C(C)(C)C.CCN=P(N=P(N(C)C)(N(C)C)N(C)C)(N(C)C)N(C)C.CCC(C)(C)O.>>Cn1nnc2c(C(F)F)c(Nc3ccc(-n4nccn4)cc3)ccc21,0.825,153,Commercial,Commercial BB,FALSE,8,5.131604485,FALSE,102,281,33,Commercial,Commercial BB,6,4.326590771,FALSE,26,127,153-33,Cn1nnc2c(C(F)F)c(Br)ccc21.Nc1ccc(-n2nccn2)cc1>>Cn1nnc2c(C(F)F)c(Nc3ccc(-n4nccn4)cc3)ccc21,0
Cn1nnc2c(C(F)F)c(Br)ccc21,Nc1cc(F)ccc1Oc1ccccc1,Cn1nnc2c(C(F)F)c(Nc3cc(F)ccc3Oc3ccccc3)ccc21,CC(C)c1cc(C(C)C)c(-c2ccccc2[P+](C2CCCCC2)(C2CCCCC2)[Pd-2]2(OS(C)(=O)=O)c3ccccc3-c3ccccc3[NH+]2C)c(C(C)C)c1,CCN=P(N=P(N(C)C)(N(C)C)N(C)C)(N(C)C)N(C)C,CCC(C)(C)O,xphos-pd-g4,P2Et,t-AmOH,Cn1nnc2c(C(F)F)c(Br)ccc21.Nc1cc(F)ccc1Oc1ccccc1.CC(C)c1cc(C(C)C)c(-c2ccccc2[P+](C2CCCCC2)(C2CCCCC2)[Pd-2]2(OS(C)(=O)=O)c3ccccc3-c3ccccc3[NH+]2C)c(C(C)C)c1.CCN=P(N=P(N(C)C)(N(C)C)N(C)C)(N(C)C)N(C)C.CCC(C)(C)O.>>Cn1nnc2c(C(F)F)c(Nc3cc(F)ccc3Oc3ccccc3)ccc21,0.838893281,153,Commercial,Commercial BB,FALSE,8,5.131604485,FALSE,102,281,24,Commercial,Commercial BB,2,4.788397654,FALSE,21,54,153-24,Cn1nnc2c(C(F)F)c(Br)ccc21.Nc1cc(F)ccc1Oc1ccccc1>>Cn1nnc2c(C(F)F)c(Nc3cc(F)ccc3Oc3ccccc3)ccc21,6
Cn1nnc2c(C(F)F)c(Br)ccc21,Nc1cc(F)ccc1N1CCCC1,Cn1nnc2c(C(F)F)c(Nc3cc(F)ccc3N3CCCC3)ccc21,C[NH+]1c2ccccc2-c2ccccc2[Pd-2]1(OS(C)(=O)=O)[P+](C(C)(C)C)(C(C)(C)C)C(C)(C)C,CCN=P(N=P(N(C)C)(N(C)C)N(C)C)(N(C)C)N(C)C,CS(C)=O,p(tbu)3-pd-g4,P2Et,DMSO,Cn1nnc2c(C(F)F)c(Br)ccc21.Nc1cc(F)ccc1N1CCCC1.C[NH+]1c2ccccc2-c2ccccc2[Pd-2]1(OS(C)(=O)=O)[P+](C(C)(C)C)(C(C)(C)C)C(C)(C)C.CCN=P(N=P(N(C)C)(N(C)C)N(C)C)(N(C)C)N(C)C.CS(C)=O.>>Cn1nnc2c(C(F)F)c(Nc3cc(F)ccc3N3CCCC3)ccc21,0.805,153,Commercial,Commercial BB,FALSE,8,5.131604485,FALSE,102,281,48,Commercial,Commercial BB,2,4.699454297,FALSE,15,54,153-48,Cn1nnc2c(C(F)F)c(Br)ccc21.Nc1cc(F)ccc1N1CCCC1>>Cn1nnc2c(C(F)F)c(Nc3cc(F)ccc3N3CCCC3)ccc21,0
Cn1nnc2c(C(F)F)c(Br)ccc21,Nc1cc(F)cc(OC(F)F)c1,Cn1nnc2c(C(F)F)c(Nc3cc(F)cc(OC(F)F)c3)ccc21,CC(C)c1cc(C(C)C)c(-c2ccccc2[P+](C2CCCCC2)(C2CCCCC2)[Pd-2]2(OS(C)(=O)=O)c3ccccc3-c3ccccc3[NH+]2C)c(C(C)C)c1,CCN=P(N=P(N(C)C)(N(C)C)N(C)C)(N(C)C)N(C)C,Cc1ccccc1,xphos-pd-g4,P2Et,Toluene,Cn1nnc2c(C(F)F)c(Br)ccc21.Nc1cc(F)cc(OC(F)F)c1.CC(C)c1cc(C(C)C)c(-c2ccccc2[P+](C2CCCCC2)(C2CCCCC2)[Pd-2]2(OS(C)(=O)=O)c3ccccc3-c3ccccc3[NH+]2C)c(C(C)C)c1.CCN=P(N=P(N(C)C)(N(C)C)N(C)C)(N(C)C)N(C)C.Cc1ccccc1.>>Cn1nnc2c(C(F)F)c(Nc3cc(F)cc(OC(F)F)c3)ccc21,0.8,153,Commercial,Commercial BB,FALSE,8,5.131604485,FALSE,102,281,6,Commercial,Commercial BB,2,4.426971678,FALSE,7,54,153-6,Cn1nnc2c(C(F)F)c(Br)ccc21.Nc1cc(F)cc(OC(F)F)c1>>Cn1nnc2c(C(F)F)c(Nc3cc(F)cc(OC(F)F)c3)ccc21,0
Cn1nnc2c(C(F)F)c(Br)ccc21,NCc1nc(O)c2c(n1)CCOC2,Cn1nnc2c(C(F)F)c(NCc3nc(O)c4c(n3)CCOC4)ccc21,CC(C)c1cc(C(C)C)c(-c2ccccc2[P+](C2CCCCC2)(C2CCCCC2)[Pd-2]2(OS(C)(=O)=O)c3ccccc3-c3ccccc3[NH+]2C)c(C(C)C)c1,CCN=P(N=P(N(C)C)(N(C)C)N(C)C)(N(C)C)N(C)C,CS(C)=O,xphos-pd-g4,P2Et,DMSO,Cn1nnc2c(C(F)F)c(Br)ccc21.NCc1nc(O)c2c(n1)CCOC2.CC(C)c1cc(C(C)C)c(-c2ccccc2[P+](C2CCCCC2)(C2CCCCC2)[Pd-2]2(OS(C)(=O)=O)c3ccccc3-c3ccccc3[NH+]2C)c(C(C)C)c1.CCN=P(N=P(N(C)C)(N(C)C)N(C)C)(N(C)C)N(C)C.CS(C)=O.>>Cn1nnc2c(C(F)F)c(NCc3nc(O)c4c(n3)CCOC4)ccc21,0.85,153,Commercial,Commercial BB,FALSE,8,5.131604485,FALSE,102,281,52,Commercial,Commercial BB,9,5.529196874,FALSE,67,228,153-52,Cn1nnc2c(C(F)F)c(Br)ccc21.NCc1nc(O)c2c(n1)CCOC2>>Cn1nnc2c(C(F)F)c(NCc3nc(O)c4c(n3)CCOC4)ccc21,0
Cn1nnc2c(C(F)F)c(Br)ccc21,NCc1nc(O)c2c(n1)CCOC2,Cn1nnc2c(C(F)F)c(NCc3nc(O)c4c(n3)CCOC4)ccc21,CC(C)Oc1cccc(OC(C)C)c1-c1ccccc1[P+](C1CCCCC1)(C1CCCCC1)[Pd-2]1(OS(C)(=O)=O)c2ccccc2-c2ccccc2[NH+]1C,CCN=P(N=P(N(C)C)(N(C)C)N(C)C)(N(C)C)N(C)C,CS(C)=O,ruphos-pd-g4,P2Et,DMSO,Cn1nnc2c(C(F)F)c(Br)ccc21.NCc1nc(O)c2c(n1)CCOC2.CC(C)Oc1cccc(OC(C)C)c1-c1ccccc1[P+](C1CCCCC1)(C1CCCCC1)[Pd-2]1(OS(C)(=O)=O)c2ccccc2-c2ccccc2[NH+]1C.CCN=P(N=P(N(C)C)(N(C)C)N(C)C)(N(C)C)N(C)C.CS(C)=O.>>Cn1nnc2c(C(F)F)c(NCc3nc(O)c4c(n3)CCOC4)ccc21,0.805,153,Commercial,Commercial BB,FALSE,8,5.131604485,FALSE,102,281,52,Commercial,Commercial BB,9,5.529196874,FALSE,67,228,153-52,Cn1nnc2c(C(F)F)c(Br)ccc21.NCc1nc(O)c2c(n1)CCOC2>>Cn1nnc2c(C(F)F)c(NCc3nc(O)c4c(n3)CCOC4)ccc21,0
Cn1nc(I)c2cc(F)ccc21,CC(C)(C)c1nnc(N)[nH]1,Cn1nc(Nc2nnc(C(C)(C)C)[nH]2)c2cc(F)ccc21,CC(C)c1cc(C(C)C)c(-c2ccccc2[P+](C2CCCCC2)(C2CCCCC2)[Pd-2]2(OS(C)(=O)=O)c3ccccc3-c3ccccc3[NH+]2C)c(C(C)C)c1,CCN=P(N=P(N(C)C)(N(C)C)N(C)C)(N(C)C)N(C)C,CC(=O)N(C)C,xphos-pd-g4,P2Et,DMA,Cn1nc(I)c2cc(F)ccc21.CC(C)(C)c1nnc(N)[nH]1.CC(C)c1cc(C(C)C)c(-c2ccccc2[P+](C2CCCCC2)(C2CCCCC2)[Pd-2]2(OS(C)(=O)=O)c3ccccc3-c3ccccc3[NH+]2C)c(C(C)C)c1.CCN=P(N=P(N(C)C)(N(C)C)N(C)C)(N(C)C)N(C)C.CC(=O)N(C)C.>>Cn1nc(Nc2nnc(C(C)(C)C)[nH]2)c2cc(F)ccc21,0.81,125,Commercial,Commercial BB,FALSE,0,4.499260038,FALSE,89,90,56,Commercial,Commercial BB,6,4.067738777,FALSE,27,199,125-56,Cn1nc(I)c2cc(F)ccc21.CC(C)(C)c1nnc(N)[nH]1>>Cn1nc(Nc2nnc(C(C)(C)C)[nH]2)c2cc(F)ccc21,0
Cn1nc(I)c2cc(F)ccc21,Nc1ncc2cc[nH]c2n1,Cn1nc(Nc2ncc3cc[nH]c3n2)c2cc(F)ccc21,CC(C)c1cc(C(C)C)c(-c2ccccc2[P+](C2CCCCC2)(C2CCCCC2)[Pd-2]2(OS(C)(=O)=O)c3ccccc3-c3ccccc3[NH+]2C)c(C(C)C)c1,CCN=P(N=P(N(C)C)(N(C)C)N(C)C)(N(C)C)N(C)C,CC(=O)N(C)C,xphos-pd-g4,P2Et,DMA,Cn1nc(I)c2cc(F)ccc21.Nc1ncc2cc[nH]c2n1.CC(C)c1cc(C(C)C)c(-c2ccccc2[P+](C2CCCCC2)(C2CCCCC2)[Pd-2]2(OS(C)(=O)=O)c3ccccc3-c3ccccc3[NH+]2C)c(C(C)C)c1.CCN=P(N=P(N(C)C)(N(C)C)N(C)C)(N(C)C)N(C)C.CC(=O)N(C)C.>>Cn1nc(Nc2ncc3cc[nH]c3n2)c2cc(F)ccc21,0.81,125,Commercial,Commercial BB,FALSE,0,4.499260038,FALSE,89,90,67,Commercial,Commercial BB,6,5.005641864,FALSE,16,267,125-67,Cn1nc(I)c2cc(F)ccc21.Nc1ncc2cc[nH]c2n1>>Cn1nc(Nc2ncc3cc[nH]c3n2)c2cc(F)ccc21,0
Cn1nc(Br)c2c(F)cccc21,Nc1cncc(-c2ccn[nH]2)c1,Cn1nc(Nc2cncc(-c3ccn[nH]3)c2)c2c(F)cccc21,COc1ccc(OC)c([P+](C2CCCCC2)(C2CCCCC2)[Pd-2]2(OS(C)(=O)=O)c3ccccc3-c3ccccc3[NH+]2C)c1-c1c(C(C)C)cc(C(C)C)cc1C(C)C,CCN=P(N=P(N(C)C)(N(C)C)N(C)C)(N(C)C)N(C)C,CS(C)=O,brettphos-pd-g4,P2Et,DMSO,Cn1nc(Br)c2c(F)cccc21.Nc1cncc(-c2ccn[nH]2)c1.COc1ccc(OC)c([P+](C2CCCCC2)(C2CCCCC2)[Pd-2]2(OS(C)(=O)=O)c3ccccc3-c3ccccc3[NH+]2C)c1-c1c(C(C)C)cc(C(C)C)cc1C(C)C.CCN=P(N=P(N(C)C)(N(C)C)N(C)C)(N(C)C)N(C)C.CS(C)=O.>>Cn1nc(Nc2cncc(-c3ccn[nH]3)c2)c2c(F)cccc21,0.824833333,141,Commercial,Commercial BB,FALSE,0,4.492900044,FALSE,22,90,96,Commercial,Commercial BB,6,4.974050209,FALSE,53,229,141-96,Cn1nc(Br)c2c(F)cccc21.Nc1cncc(-c2ccn[nH]2)c1>>Cn1nc(Nc2cncc(-c3ccn[nH]3)c2)c2c(F)cccc21,
Cn1nc(Br)nc1C(F)(F)F,Nc1ccnc2cn[nH]c12,Cn1nc(Nc2ccnc3cn[nH]c23)nc1C(F)(F)F,C[NH+]1c2ccccc2-c2ccccc2[Pd-2]1(OS(C)(=O)=O)[P+](C(C)(C)C)(C(C)(C)C)C(C)(C)C,CCN=P(N=P(N(C)C)(N(C)C)N(C)C)(N(C)C)N(C)C,CS(C)=O,p(tbu)3-pd-g4,P2Et,DMSO,Cn1nc(Br)nc1C(F)(F)F.Nc1ccnc2cn[nH]c12.C[NH+]1c2ccccc2-c2ccccc2[Pd-2]1(OS(C)(=O)=O)[P+](C(C)(C)C)(C(C)(C)C)C(C)(C)C.CCN=P(N=P(N(C)C)(N(C)C)N(C)C)(N(C)C)N(C)C.CS(C)=O.>>Cn1nc(Nc2ccnc3cn[nH]c23)nc1C(F)(F)F,0.825,128,Commercial,Commercial BB,FALSE,4,4.032999282,FALSE,50,230,66,Commercial,Commercial BB,6,4.808122825,FALSE,61,229,128-66,Cn1nc(Br)nc1C(F)(F)F.Nc1ccnc2cn[nH]c12>>Cn1nc(Nc2ccnc3cn[nH]c23)nc1C(F)(F)F,0
Cn1nc(I)c2cc(F)ccc21,Nc1ccc2cn[nH]c2c1F,Cn1nc(Nc2ccc3cn[nH]c3c2F)c2cc(F)ccc21,CC(C)c1cc(C(C)C)c(-c2ccccc2[P+](C2CCCCC2)(C2CCCCC2)[Pd-2]2(OS(C)(=O)=O)c3ccccc3-c3ccccc3[NH+]2C)c(C(C)C)c1,CCN=P(N=P(N(C)C)(N(C)C)N(C)C)(N(C)C)N(C)C,CC(=O)N(C)C,xphos-pd-g4,P2Et,DMA,Cn1nc(I)c2cc(F)ccc21.Nc1ccc2cn[nH]c2c1F.CC(C)c1cc(C(C)C)c(-c2ccccc2[P+](C2CCCCC2)(C2CCCCC2)[Pd-2]2(OS(C)(=O)=O)c3ccccc3-c3ccccc3[NH+]2C)c(C(C)C)c1.CCN=P(N=P(N(C)C)(N(C)C)N(C)C)(N(C)C)N(C)C.CC(=O)N(C)C.>>Cn1nc(Nc2ccc3cn[nH]c3c2F)c2cc(F)ccc21,0.835,125,Commercial,Commercial BB,FALSE,0,4.499260038,FALSE,89,90,137,Commercial,Commercial BB,6,5.094390182,FALSE,29,231,125-137,Cn1nc(I)c2cc(F)ccc21.Nc1ccc2cn[nH]c2c1F>>Cn1nc(Nc2ccc3cn[nH]c3c2F)c2cc(F)ccc21,1
Cn1nc(Br)c2c(F)cccc21,Nc1ccc(N2CCCCC2)c(F)c1,Cn1nc(Nc2ccc(N3CCCCC3)c(F)c2)c2c(F)cccc21,CC(C)c1cc(C(C)C)c(-c2ccccc2[P+](C2CCCCC2)(C2CCCCC2)[Pd-2]2(OS(C)(=O)=O)c3ccccc3-c3ccccc3[NH+]2C)c(C(C)C)c1,CCN=P(N=P(N(C)C)(N(C)C)N(C)C)(N(C)C)N(C)C,CCC(C)(C)O,xphos-pd-g4,P2Et,t-AmOH,Cn1nc(Br)c2c(F)cccc21.Nc1ccc(N2CCCCC2)c(F)c1.CC(C)c1cc(C(C)C)c(-c2ccccc2[P+](C2CCCCC2)(C2CCCCC2)[Pd-2]2(OS(C)(=O)=O)c3ccccc3-c3ccccc3[NH+]2C)c(C(C)C)c1.CCN=P(N=P(N(C)C)(N(C)C)N(C)C)(N(C)C)N(C)C.CCC(C)(C)O.>>Cn1nc(Nc2ccc(N3CCCCC3)c(F)c2)c2c(F)cccc21,0.804230769,141,Commercial,Commercial BB,FALSE,0,4.492900044,FALSE,22,90,103,Commercial,Commercial BB,2,4.702275364,FALSE,15,44,141-103,Cn1nc(Br)c2c(F)cccc21.Nc1ccc(N2CCCCC2)c(F)c1>>Cn1nc(Nc2ccc(N3CCCCC3)c(F)c2)c2c(F)cccc21,10
Cn1nc(I)c2cc(F)ccc21,Nc1cc2cn[nH]c2cc1F,Cn1nc(Nc2cc3cn[nH]c3cc2F)c2cc(F)ccc21,CC(C)c1cc(C(C)C)c(-c2ccccc2[P+](C2CCCCC2)(C2CCCCC2)[Pd-2]2(OS(C)(=O)=O)c3ccccc3-c3ccccc3[NH+]2C)c(C(C)C)c1,CCN=P(N=P(N(C)C)(N(C)C)N(C)C)(N(C)C)N(C)C,CC(=O)N(C)C,xphos-pd-g4,P2Et,DMA,Cn1nc(I)c2cc(F)ccc21.Nc1cc2cn[nH]c2cc1F.CC(C)c1cc(C(C)C)c(-c2ccccc2[P+](C2CCCCC2)(C2CCCCC2)[Pd-2]2(OS(C)(=O)=O)c3ccccc3-c3ccccc3[NH+]2C)c(C(C)C)c1.CCN=P(N=P(N(C)C)(N(C)C)N(C)C)(N(C)C)N(C)C.CC(=O)N(C)C.>>Cn1nc(Nc2cc3cn[nH]c3cc2F)c2cc(F)ccc21,0.83,125,Commercial,Commercial BB,FALSE,0,4.499260038,FALSE,89,90,4,Commercial,Commercial BB,6,5.126641638,FALSE,29,231,125-4,Cn1nc(I)c2cc(F)ccc21.Nc1cc2cn[nH]c2cc1F>>Cn1nc(Nc2cc3cn[nH]c3cc2F)c2cc(F)ccc21,0
Cn1nc(Br)nc1C#N,NC1CCN(c2c(F)cccc2F)C1,Cn1nc(NC2CCN(c3c(F)cccc3F)C2)nc1C#N,CC(C)Oc1cccc(OC(C)C)c1-c1ccccc1[P+](C1CCCCC1)(C1CCCCC1)[Pd-2]1(OS(C)(=O)=O)c2ccccc2-c2ccccc2[NH+]1C,CCN=P(N=P(N(C)C)(N(C)C)N(C)C)(N(C)C)N(C)C,CS(C)=O,ruphos-pd-g4,P2Et,DMSO,Cn1nc(Br)nc1C#N.NC1CCN(c2c(F)cccc2F)C1.CC(C)Oc1cccc(OC(C)C)c1-c1ccccc1[P+](C1CCCCC1)(C1CCCCC1)[Pd-2]1(OS(C)(=O)=O)c2ccccc2-c2ccccc2[NH+]1C.CCN=P(N=P(N(C)C)(N(C)C)N(C)C)(N(C)C)N(C)C.CS(C)=O.>>Cn1nc(NC2CCN(c3c(F)cccc3F)C2)nc1C#N,0.805,118,Commercial,Commercial BB,FALSE,4,4.051002197,FALSE,50,230,101,Commercial,Commercial BB,5,4.700986089,FALSE,15,54,118-101,Cn1nc(Br)nc1C#N.NC1CCN(c2c(F)cccc2F)C1>>Cn1nc(NC2CCN(c3c(F)cccc3F)C2)nc1C#N,48
Cn1nc(C(F)F)nc1Br,Nc1nnc(C(F)F)[nH]1,Cn1nc(C(F)F)nc1Nc1nnc(C(F)F)[nH]1,CC(C)Oc1cccc(OC(C)C)c1-c1ccccc1[P+](C1CCCCC1)(C1CCCCC1)[Pd-2]1(OS(C)(=O)=O)c2ccccc2-c2ccccc2[NH+]1C,CCN=P(N=P(N(C)C)(N(C)C)N(C)C)(N(C)C)N(C)C,CC(=O)N(C)C,ruphos-pd-g4,P2Et,DMA,Cn1nc(C(F)F)nc1Br.Nc1nnc(C(F)F)[nH]1.CC(C)Oc1cccc(OC(C)C)c1-c1ccccc1[P+](C1CCCCC1)(C1CCCCC1)[Pd-2]1(OS(C)(=O)=O)c2ccccc2-c2ccccc2[NH+]1C.CCN=P(N=P(N(C)C)(N(C)C)N(C)C)(N(C)C)N(C)C.CC(=O)N(C)C.>>Cn1nc(C(F)F)nc1Nc1nnc(C(F)F)[nH]1,0.805,97,Commercial,Commercial BB,FALSE,4,4.048000649,FALSE,50,230,13,Commercial,Commercial BB,6,4.144662408,FALSE,55,199,97-13,Cn1nc(C(F)F)nc1Br.Nc1nnc(C(F)F)[nH]1>>Cn1nc(C(F)F)nc1Nc1nnc(C(F)F)[nH]1,0
Cn1nc(C(F)F)nc1Br,Nc1ncnc2ccnn12,Cn1nc(C(F)F)nc1Nc1ncnc2ccnn12,CC(C)c1cc(C(C)C)c(-c2ccccc2[P+](C2CCCCC2)(C2CCCCC2)[Pd-2]2(OS(C)(=O)=O)c3ccccc3-c3ccccc3[NH+]2C)c(C(C)C)c1,CCN=P(N=P(N(C)C)(N(C)C)N(C)C)(N(C)C)N(C)C,CS(C)=O,xphos-pd-g4,P2Et,DMSO,Cn1nc(C(F)F)nc1Br.Nc1ncnc2ccnn12.CC(C)c1cc(C(C)C)c(-c2ccccc2[P+](C2CCCCC2)(C2CCCCC2)[Pd-2]2(OS(C)(=O)=O)c3ccccc3-c3ccccc3[NH+]2C)c(C(C)C)c1.CCN=P(N=P(N(C)C)(N(C)C)N(C)C)(N(C)C)N(C)C.CS(C)=O.>>Cn1nc(C(F)F)nc1Nc1ncnc2ccnn12,0.815,97,Commercial,Commercial BB,FALSE,4,4.048000649,FALSE,50,230,51,Commercial,Commercial BB,6,4.766028761,FALSE,16,119,97-51,Cn1nc(C(F)F)nc1Br.Nc1ncnc2ccnn12>>Cn1nc(C(F)F)nc1Nc1ncnc2ccnn12,0
Cn1nc(C(F)F)nc1Br,Nc1ncn(Cc2cncc(F)c2)n1,Cn1nc(C(F)F)nc1Nc1ncn(Cc2cncc(F)c2)n1,CC(C)c1cc(C(C)C)c(-c2ccccc2[P+](C2CCCCC2)(C2CCCCC2)[Pd-2]2(OS(C)(=O)=O)c3ccccc3-c3ccccc3[NH+]2C)c(C(C)C)c1,CCN=P(N=P(N(C)C)(N(C)C)N(C)C)(N(C)C)N(C)C,CCC(C)(C)O,xphos-pd-g4,P2Et,t-AmOH,Cn1nc(C(F)F)nc1Br.Nc1ncn(Cc2cncc(F)c2)n1.CC(C)c1cc(C(C)C)c(-c2ccccc2[P+](C2CCCCC2)(C2CCCCC2)[Pd-2]2(OS(C)(=O)=O)c3ccccc3-c3ccccc3[NH+]2C)c(C(C)C)c1.CCN=P(N=P(N(C)C)(N(C)C)N(C)C)(N(C)C)N(C)C.CCC(C)(C)O.>>Cn1nc(C(F)F)nc1Nc1ncn(Cc2cncc(F)c2)n1,0.85,97,Commercial,Commercial BB,FALSE,4,4.048000649,FALSE,50,230,127,Commercial,Commercial BB,6,5.364626339,FALSE,66,119,97-127,Cn1nc(C(F)F)nc1Br.Nc1ncn(Cc2cncc(F)c2)n1>>Cn1nc(C(F)F)nc1Nc1ncn(Cc2cncc(F)c2)n1,38
Cn1nc(C(F)F)nc1Br,Nc1cc2cn[nH]c2cc1F,Cn1nc(C(F)F)nc1Nc1cc2cn[nH]c2cc1F,CC(C)c1cc(C(C)C)c(-c2ccccc2[P+](C2CCCCC2)(C2CCCCC2)[Pd-2]2(OS(C)(=O)=O)c3ccccc3-c3ccccc3[NH+]2C)c(C(C)C)c1,CCN=P(N=P(N(C)C)(N(C)C)N(C)C)(N(C)C)N(C)C,CCC(C)(C)O,xphos-pd-g4,P2Et,t-AmOH,Cn1nc(C(F)F)nc1Br.Nc1cc2cn[nH]c2cc1F.CC(C)c1cc(C(C)C)c(-c2ccccc2[P+](C2CCCCC2)(C2CCCCC2)[Pd-2]2(OS(C)(=O)=O)c3ccccc3-c3ccccc3[NH+]2C)c(C(C)C)c1.CCN=P(N=P(N(C)C)(N(C)C)N(C)C)(N(C)C)N(C)C.CCC(C)(C)O.>>Cn1nc(C(F)F)nc1Nc1cc2cn[nH]c2cc1F,0.815,97,Commercial,Commercial BB,FALSE,4,4.048000649,FALSE,50,230,4,Commercial,Commercial BB,6,5.126641638,FALSE,29,231,97-4,Cn1nc(C(F)F)nc1Br.Nc1cc2cn[nH]c2cc1F>>Cn1nc(C(F)F)nc1Nc1cc2cn[nH]c2cc1F,0
Cn1nc(C(F)F)nc1Br,NCc1nc(O)c2c(n1)CCOC2,Cn1nc(C(F)F)nc1NCc1nc(O)c2c(n1)CCOC2,COc1ccc(OC)c([P+](C2CCCCC2)(C2CCCCC2)[Pd-2]2(OS(C)(=O)=O)c3ccccc3-c3ccccc3[NH+]2C)c1-c1c(C(C)C)cc(C(C)C)cc1C(C)C,CCN=P(N=P(N(C)C)(N(C)C)N(C)C)(N(C)C)N(C)C,C1COCCO1,brettphos-pd-g4,P2Et,"1,4-Dioxane",Cn1nc(C(F)F)nc1Br.NCc1nc(O)c2c(n1)CCOC2.COc1ccc(OC)c([P+](C2CCCCC2)(C2CCCCC2)[Pd-2]2(OS(C)(=O)=O)c3ccccc3-c3ccccc3[NH+]2C)c1-c1c(C(C)C)cc(C(C)C)cc1C(C)C.CCN=P(N=P(N(C)C)(N(C)C)N(C)C)(N(C)C)N(C)C.C1COCCO1.>>Cn1nc(C(F)F)nc1NCc1nc(O)c2c(n1)CCOC2,0.865,97,Commercial,Commercial BB,FALSE,4,4.048000649,FALSE,50,230,52,Commercial,Commercial BB,9,5.529196874,FALSE,67,228,97-52,Cn1nc(C(F)F)nc1Br.NCc1nc(O)c2c(n1)CCOC2>>Cn1nc(C(F)F)nc1NCc1nc(O)c2c(n1)CCOC2,0
Cn1nc(C(F)F)nc1Br,NC1CCCN(c2cccnc2)C1,Cn1nc(C(F)F)nc1NC1CCCN(c2cccnc2)C1,CC(C)c1cc(C(C)C)c(-c2ccccc2[P+](C2CCCCC2)(C2CCCCC2)[Pd-2]2(OS(C)(=O)=O)c3ccccc3-c3ccccc3[NH+]2C)c(C(C)C)c1,CCN=P(N=P(N(C)C)(N(C)C)N(C)C)(N(C)C)N(C)C,CS(C)=O,xphos-pd-g4,P2Et,DMSO,Cn1nc(C(F)F)nc1Br.NC1CCCN(c2cccnc2)C1.CC(C)c1cc(C(C)C)c(-c2ccccc2[P+](C2CCCCC2)(C2CCCCC2)[Pd-2]2(OS(C)(=O)=O)c3ccccc3-c3ccccc3[NH+]2C)c(C(C)C)c1.CCN=P(N=P(N(C)C)(N(C)C)N(C)C)(N(C)C)N(C)C.CS(C)=O.>>Cn1nc(C(F)F)nc1NC1CCCN(c2cccnc2)C1,0.819736842,97,Commercial,Commercial BB,FALSE,4,4.048000649,FALSE,50,230,10,Commercial,Commercial BB,9,5.109367901,FALSE,63,54,97-10,Cn1nc(C(F)F)nc1Br.NC1CCCN(c2cccnc2)C1>>Cn1nc(C(F)F)nc1NC1CCCN(c2cccnc2)C1,30
Cn1nc(C(F)(F)F)nc1Br,Nc1ncc(-c2cncc(F)c2)cn1,Cn1nc(C(F)(F)F)nc1Nc1ncc(-c2cncc(F)c2)cn1,COc1ccc(OC)c([P+](C2CCCCC2)(C2CCCCC2)[Pd-2]2(OS(C)(=O)=O)c3ccccc3-c3ccccc3[NH+]2C)c1-c1c(C(C)C)cc(C(C)C)cc1C(C)C,CCN=P(N=P(N(C)C)(N(C)C)N(C)C)(N(C)C)N(C)C,CCC(C)(C)O,brettphos-pd-g4,P2Et,t-AmOH,Cn1nc(C(F)(F)F)nc1Br.Nc1ncc(-c2cncc(F)c2)cn1.COc1ccc(OC)c([P+](C2CCCCC2)(C2CCCCC2)[Pd-2]2(OS(C)(=O)=O)c3ccccc3-c3ccccc3[NH+]2C)c1-c1c(C(C)C)cc(C(C)C)cc1C(C)C.CCN=P(N=P(N(C)C)(N(C)C)N(C)C)(N(C)C)N(C)C.CCC(C)(C)O.>>Cn1nc(C(F)(F)F)nc1Nc1ncc(-c2cncc(F)c2)cn1,0.803913043,131,Commercial,Commercial BB,FALSE,4,4.039295492,FALSE,50,230,41,Commercial,Commercial BB,6,4.864775133,FALSE,16,183,131-41,Cn1nc(C(F)(F)F)nc1Br.Nc1ncc(-c2cncc(F)c2)cn1>>Cn1nc(C(F)(F)F)nc1Nc1ncc(-c2cncc(F)c2)cn1,0
Cn1nc(C(F)(F)F)nc1Br,Nc1cc(F)cc(OC(F)F)c1,Cn1nc(C(F)(F)F)nc1Nc1cc(F)cc(OC(F)F)c1,CC(C)c1cc(C(C)C)c(-c2ccccc2[P+](C2CCCCC2)(C2CCCCC2)[Pd-2]2(OS(C)(=O)=O)c3ccccc3-c3ccccc3[NH+]2C)c(C(C)C)c1,CCN=P(N=P(N(C)C)(N(C)C)N(C)C)(N(C)C)N(C)C,CCC(C)(C)O,xphos-pd-g4,P2Et,t-AmOH,Cn1nc(C(F)(F)F)nc1Br.Nc1cc(F)cc(OC(F)F)c1.CC(C)c1cc(C(C)C)c(-c2ccccc2[P+](C2CCCCC2)(C2CCCCC2)[Pd-2]2(OS(C)(=O)=O)c3ccccc3-c3ccccc3[NH+]2C)c(C(C)C)c1.CCN=P(N=P(N(C)C)(N(C)C)N(C)C)(N(C)C)N(C)C.CCC(C)(C)O.>>Cn1nc(C(F)(F)F)nc1Nc1cc(F)cc(OC(F)F)c1,0.83,131,Commercial,Commercial BB,FALSE,4,4.039295492,FALSE,50,230,6,Commercial,Commercial BB,2,4.426971678,FALSE,7,54,131-6,Cn1nc(C(F)(F)F)nc1Br.Nc1cc(F)cc(OC(F)F)c1>>Cn1nc(C(F)(F)F)nc1Nc1cc(F)cc(OC(F)F)c1,12
Cn1nc(C(F)(F)F)nc1Br,NC1CCCN(c2cccnc2)C1,Cn1nc(C(F)(F)F)nc1NC1CCCN(c2cccnc2)C1,CC(C)Oc1cccc(OC(C)C)c1-c1ccccc1[P+](C1CCCCC1)(C1CCCCC1)[Pd-2]1(OS(C)(=O)=O)c2ccccc2-c2ccccc2[NH+]1C,CCN=P(N=P(N(C)C)(N(C)C)N(C)C)(N(C)C)N(C)C,CC(=O)N(C)C,ruphos-pd-g4,P2Et,DMA,Cn1nc(C(F)(F)F)nc1Br.NC1CCCN(c2cccnc2)C1.CC(C)Oc1cccc(OC(C)C)c1-c1ccccc1[P+](C1CCCCC1)(C1CCCCC1)[Pd-2]1(OS(C)(=O)=O)c2ccccc2-c2ccccc2[NH+]1C.CCN=P(N=P(N(C)C)(N(C)C)N(C)C)(N(C)C)N(C)C.CC(=O)N(C)C.>>Cn1nc(C(F)(F)F)nc1NC1CCCN(c2cccnc2)C1,0.8,131,Commercial,Commercial BB,FALSE,4,4.039295492,FALSE,50,230,10,Commercial,Commercial BB,9,5.109367901,FALSE,63,54,131-10,Cn1nc(C(F)(F)F)nc1Br.NC1CCCN(c2cccnc2)C1>>Cn1nc(C(F)(F)F)nc1NC1CCCN(c2cccnc2)C1,0
Cn1nc(C(F)(F)F)nc1Br,NC1(c2c[nH]nn2)CC(F)C1,Cn1nc(C(F)(F)F)nc1NC1(c2c[nH]nn2)CC(F)C1,CC(C)c1cc(C(C)C)c(-c2ccccc2[P+](C2CCCCC2)(C2CCCCC2)[Pd-2]2(OS(C)(=O)=O)c3ccccc3-c3ccccc3[NH+]2C)c(C(C)C)c1,CCN=P(N=P(N(C)C)(N(C)C)N(C)C)(N(C)C)N(C)C,CCC(C)(C)O,xphos-pd-g4,P2Et,t-AmOH,Cn1nc(C(F)(F)F)nc1Br.NC1(c2c[nH]nn2)CC(F)C1.CC(C)c1cc(C(C)C)c(-c2ccccc2[P+](C2CCCCC2)(C2CCCCC2)[Pd-2]2(OS(C)(=O)=O)c3ccccc3-c3ccccc3[NH+]2C)c(C(C)C)c1.CCN=P(N=P(N(C)C)(N(C)C)N(C)C)(N(C)C)N(C)C.CCC(C)(C)O.>>Cn1nc(C(F)(F)F)nc1NC1(c2c[nH]nn2)CC(F)C1,0.845,131,Commercial,Commercial BB,FALSE,4,4.039295492,FALSE,50,230,145,Commercial,Commercial BB,9,4.820815365,FALSE,51,190,131-145,Cn1nc(C(F)(F)F)nc1Br.NC1(c2c[nH]nn2)CC(F)C1>>Cn1nc(C(F)(F)F)nc1NC1(c2c[nH]nn2)CC(F)C1,0
Cn1cc2nc(Br)ccc2n1,Nc1cccn2cncc12,Cn1cc2nc(Nc3cccn4cncc34)ccc2n1,COc1ccc(OC)c([P+](C2CCCCC2)(C2CCCCC2)[Pd-2]2(OS(C)(=O)=O)c3ccccc3-c3ccccc3[NH+]2C)c1-c1c(C(C)C)cc(C(C)C)cc1C(C)C,CCN=P(N=P(N(C)C)(N(C)C)N(C)C)(N(C)C)N(C)C,CCC(C)(C)O,brettphos-pd-g4,P2Et,t-AmOH,Cn1cc2nc(Br)ccc2n1.Nc1cccn2cncc12.COc1ccc(OC)c([P+](C2CCCCC2)(C2CCCCC2)[Pd-2]2(OS(C)(=O)=O)c3ccccc3-c3ccccc3[NH+]2C)c1-c1c(C(C)C)cc(C(C)C)cc1C(C)C.CCN=P(N=P(N(C)C)(N(C)C)N(C)C)(N(C)C)N(C)C.CCC(C)(C)O.>>Cn1cc2nc(Nc3cccn4cncc34)ccc2n1,0.8375,95,Commercial,Commercial BB,FALSE,4,4.666805774,FALSE,30,235,140,Commercial,Commercial BB,6,4.606124675,FALSE,61,127,95-140,Cn1cc2nc(Br)ccc2n1.Nc1cccn2cncc12>>Cn1cc2nc(Nc3cccn4cncc34)ccc2n1,0
Cn1cc2nc(Br)ccc2n1,Nc1ccc2[nH]ncc2c1F,Cn1cc2nc(Nc3ccc4[nH]ncc4c3F)ccc2n1,COc1ccc(OC)c([P+](C2CCCCC2)(C2CCCCC2)[Pd-2]2(OS(C)(=O)=O)c3ccccc3-c3ccccc3[NH+]2C)c1-c1c(C(C)C)cc(C(C)C)cc1C(C)C,CCN=P(N=P(N(C)C)(N(C)C)N(C)C)(N(C)C)N(C)C,CCC(C)(C)O,brettphos-pd-g4,P2Et,t-AmOH,Cn1cc2nc(Br)ccc2n1.Nc1ccc2[nH]ncc2c1F.COc1ccc(OC)c([P+](C2CCCCC2)(C2CCCCC2)[Pd-2]2(OS(C)(=O)=O)c3ccccc3-c3ccccc3[NH+]2C)c1-c1c(C(C)C)cc(C(C)C)cc1C(C)C.CCN=P(N=P(N(C)C)(N(C)C)N(C)C)(N(C)C)N(C)C.CCC(C)(C)O.>>Cn1cc2nc(Nc3ccc4[nH]ncc4c3F)ccc2n1,0.8175,95,Commercial,Commercial BB,FALSE,4,4.666805774,FALSE,30,235,142,Commercial,Commercial BB,6,5.09598507,FALSE,29,231,95-142,Cn1cc2nc(Br)ccc2n1.Nc1ccc2[nH]ncc2c1F>>Cn1cc2nc(Nc3ccc4[nH]ncc4c3F)ccc2n1,0
Cn1cc2nc(Br)ccc2n1,Nc1ccc(-n2ccnc2)c(F)c1,Cn1cc2nc(Nc3ccc(-n4ccnc4)c(F)c3)ccc2n1,CC(C)Oc1cccc(OC(C)C)c1-c1ccccc1[P+](C1CCCCC1)(C1CCCCC1)[Pd-2]1(OS(C)(=O)=O)c2ccccc2-c2ccccc2[NH+]1C,CCN=P(N=P(N(C)C)(N(C)C)N(C)C)(N(C)C)N(C)C,CCC(C)(C)O,ruphos-pd-g4,P2Et,t-AmOH,Cn1cc2nc(Br)ccc2n1.Nc1ccc(-n2ccnc2)c(F)c1.CC(C)Oc1cccc(OC(C)C)c1-c1ccccc1[P+](C1CCCCC1)(C1CCCCC1)[Pd-2]1(OS(C)(=O)=O)c2ccccc2-c2ccccc2[NH+]1C.CCN=P(N=P(N(C)C)(N(C)C)N(C)C)(N(C)C)N(C)C.CCC(C)(C)O.>>Cn1cc2nc(Nc3ccc(-n4ccnc4)c(F)c3)ccc2n1,0.823596059,95,Commercial,Commercial BB,FALSE,4,4.666805774,FALSE,30,235,59,Commercial,Commercial BB,6,5.099704534,FALSE,29,127,95-59,Cn1cc2nc(Br)ccc2n1.Nc1ccc(-n2ccnc2)c(F)c1>>Cn1cc2nc(Nc3ccc(-n4ccnc4)c(F)c3)ccc2n1,0
Cn1cc2nc(Br)ccc2n1,Nc1cc(N2CCCC2)ncn1,Cn1cc2nc(Nc3cc(N4CCCC4)ncn3)ccc2n1,CC(C)c1cc(C(C)C)c(-c2ccccc2[P+](C2CCCCC2)(C2CCCCC2)[Pd-2]2(OS(C)(=O)=O)c3ccccc3-c3ccccc3[NH+]2C)c(C(C)C)c1,CCN=P(N=P(N(C)C)(N(C)C)N(C)C)(N(C)C)N(C)C,CC(=O)N(C)C,xphos-pd-g4,P2Et,DMA,Cn1cc2nc(Br)ccc2n1.Nc1cc(N2CCCC2)ncn1.CC(C)c1cc(C(C)C)c(-c2ccccc2[P+](C2CCCCC2)(C2CCCCC2)[Pd-2]2(OS(C)(=O)=O)c3ccccc3-c3ccccc3[NH+]2C)c(C(C)C)c1.CCN=P(N=P(N(C)C)(N(C)C)N(C)C)(N(C)C)N(C)C.CC(=O)N(C)C.>>Cn1cc2nc(Nc3cc(N4CCCC4)ncn3)ccc2n1,0.8045,95,Commercial,Commercial BB,FALSE,4,4.666805774,FALSE,30,235,102,Commercial,Commercial BB,6,4.775384921,FALSE,6,54,95-102,Cn1cc2nc(Br)ccc2n1.Nc1cc(N2CCCC2)ncn1>>Cn1cc2nc(Nc3cc(N4CCCC4)ncn3)ccc2n1,0
Cn1cc2nc(Br)ccc2n1,NC1CCN(c2ncccc2F)C1,Cn1cc2nc(NC3CCN(c4ncccc4F)C3)ccc2n1,CC(C)Oc1cccc(OC(C)C)c1-c1ccccc1[P+](C1CCCCC1)(C1CCCCC1)[Pd-2]1(OS(C)(=O)=O)c2ccccc2-c2ccccc2[NH+]1C,CCN=P(N=P(N(C)C)(N(C)C)N(C)C)(N(C)C)N(C)C,CC(=O)N(C)C,ruphos-pd-g4,P2Et,DMA,Cn1cc2nc(Br)ccc2n1.NC1CCN(c2ncccc2F)C1.CC(C)Oc1cccc(OC(C)C)c1-c1ccccc1[P+](C1CCCCC1)(C1CCCCC1)[Pd-2]1(OS(C)(=O)=O)c2ccccc2-c2ccccc2[NH+]1C.CCN=P(N=P(N(C)C)(N(C)C)N(C)C)(N(C)C)N(C)C.CC(=O)N(C)C.>>Cn1cc2nc(NC3CCN(c4ncccc4F)C3)ccc2n1,0.815,95,Commercial,Commercial BB,FALSE,4,4.666805774,FALSE,30,235,53,Commercial,Commercial BB,9,5.070870804,FALSE,53,54,95-53,Cn1cc2nc(Br)ccc2n1.NC1CCN(c2ncccc2F)C1>>Cn1cc2nc(NC3CCN(c4ncccc4F)C3)ccc2n1,25
Cn1cc2nc(Br)ccc2n1,NC1CCCN(c2cccnc2)C1,Cn1cc2nc(NC3CCCN(c4cccnc4)C3)ccc2n1,COc1ccc(OC)c([P+](C2CCCCC2)(C2CCCCC2)[Pd-2]2(OS(C)(=O)=O)c3ccccc3-c3ccccc3[NH+]2C)c1-c1c(C(C)C)cc(C(C)C)cc1C(C)C,CCN=P(N=P(N(C)C)(N(C)C)N(C)C)(N(C)C)N(C)C,CCC(C)(C)O,brettphos-pd-g4,P2Et,t-AmOH,Cn1cc2nc(Br)ccc2n1.NC1CCCN(c2cccnc2)C1.COc1ccc(OC)c([P+](C2CCCCC2)(C2CCCCC2)[Pd-2]2(OS(C)(=O)=O)c3ccccc3-c3ccccc3[NH+]2C)c1-c1c(C(C)C)cc(C(C)C)cc1C(C)C.CCN=P(N=P(N(C)C)(N(C)C)N(C)C)(N(C)C)N(C)C.CCC(C)(C)O.>>Cn1cc2nc(NC3CCCN(c4cccnc4)C3)ccc2n1,0.848536842,95,Commercial,Commercial BB,FALSE,4,4.666805774,FALSE,30,235,10,Commercial,Commercial BB,9,5.109367901,FALSE,63,54,95-10,Cn1cc2nc(Br)ccc2n1.NC1CCCN(c2cccnc2)C1>>Cn1cc2nc(NC3CCCN(c4cccnc4)C3)ccc2n1,0
Cn1cc2nc(Br)ccc2n1,NC(c1ccc[nH]1)C(F)(F)F,Cn1cc2nc(NC(c3ccc[nH]3)C(F)(F)F)ccc2n1,CC(C)c1cc(C(C)C)c(-c2ccccc2[P+](C2CCCCC2)(C2CCCCC2)[Pd-2]2(OS(C)(=O)=O)c3ccccc3-c3ccccc3[NH+]2C)c(C(C)C)c1,CCN=P(N=P(N(C)C)(N(C)C)N(C)C)(N(C)C)N(C)C,CCC(C)(C)O,xphos-pd-g4,P2Et,t-AmOH,Cn1cc2nc(Br)ccc2n1.NC(c1ccc[nH]1)C(F)(F)F.CC(C)c1cc(C(C)C)c(-c2ccccc2[P+](C2CCCCC2)(C2CCCCC2)[Pd-2]2(OS(C)(=O)=O)c3ccccc3-c3ccccc3[NH+]2C)c(C(C)C)c1.CCN=P(N=P(N(C)C)(N(C)C)N(C)C)(N(C)C)N(C)C.CCC(C)(C)O.>>Cn1cc2nc(NC(c3ccc[nH]3)C(F)(F)F)ccc2n1,0.858653846,95,Commercial,Commercial BB,FALSE,4,4.666805774,FALSE,30,235,49,Commercial,Commercial BB,1,4.66398101,FALSE,27,300,95-49,Cn1cc2nc(Br)ccc2n1.NC(c1ccc[nH]1)C(F)(F)F>>Cn1cc2nc(NC(c3ccc[nH]3)C(F)(F)F)ccc2n1,10
Cn1cc(Br)n2ncc(C#N)c12,Nc1nnc(C(F)(F)F)[nH]1,Cn1cc(Nc2nnc(C(F)(F)F)[nH]2)n2ncc(C#N)c12,COc1ccc(OC)c([P+](C2CCCCC2)(C2CCCCC2)[Pd-2]2(OS(C)(=O)=O)c3ccccc3-c3ccccc3[NH+]2C)c1-c1c(C(C)C)cc(C(C)C)cc1C(C)C,CCN=P(N=P(N(C)C)(N(C)C)N(C)C)(N(C)C)N(C)C,CC#N,brettphos-pd-g4,P2Et,MeCN,Cn1cc(Br)n2ncc(C#N)c12.Nc1nnc(C(F)(F)F)[nH]1.COc1ccc(OC)c([P+](C2CCCCC2)(C2CCCCC2)[Pd-2]2(OS(C)(=O)=O)c3ccccc3-c3ccccc3[NH+]2C)c1-c1c(C(C)C)cc(C(C)C)cc1C(C)C.CCN=P(N=P(N(C)C)(N(C)C)N(C)C)(N(C)C)N(C)C.CC#N.>>Cn1cc(Nc2nnc(C(F)(F)F)[nH]2)n2ncc(C#N)c12,0.828518519,94,Commercial,Commercial BB,FALSE,4,4.960917406,FALSE,35,216,128,Commercial,Commercial BB,6,4.180932104,FALSE,46,199,94-128,Cn1cc(Br)n2ncc(C#N)c12.Nc1nnc(C(F)(F)F)[nH]1>>Cn1cc(Nc2nnc(C(F)(F)F)[nH]2)n2ncc(C#N)c12,0
Cn1cc(Br)n2ncc(C#N)c12,Nc1csc(N2CCCCC2)n1,Cn1cc(Nc2csc(N3CCCCC3)n2)n2ncc(C#N)c12,CC(C)c1cc(C(C)C)c(-c2ccccc2[P+](C2CCCCC2)(C2CCCCC2)[Pd-2]2(OS(C)(=O)=O)c3ccccc3-c3ccccc3[NH+]2C)c(C(C)C)c1,CCN=P(N=P(N(C)C)(N(C)C)N(C)C)(N(C)C)N(C)C,Cc1ccccc1,xphos-pd-g4,P2Et,Toluene,Cn1cc(Br)n2ncc(C#N)c12.Nc1csc(N2CCCCC2)n1.CC(C)c1cc(C(C)C)c(-c2ccccc2[P+](C2CCCCC2)(C2CCCCC2)[Pd-2]2(OS(C)(=O)=O)c3ccccc3-c3ccccc3[NH+]2C)c(C(C)C)c1.CCN=P(N=P(N(C)C)(N(C)C)N(C)C)(N(C)C)N(C)C.Cc1ccccc1.>>Cn1cc(Nc2csc(N3CCCCC3)n2)n2ncc(C#N)c12,0.845,94,Commercial,Commercial BB,FALSE,4,4.960917406,FALSE,35,216,25,Commercial,Commercial BB,6,4.551687233,FALSE,6,54,94-25,Cn1cc(Br)n2ncc(C#N)c12.Nc1csc(N2CCCCC2)n1>>Cn1cc(Nc2csc(N3CCCCC3)n2)n2ncc(C#N)c12,0
Cn1cc(Br)n2ncc(C#N)c12,Nc1ccccc1Sc1ccccc1,Cn1cc(Nc2ccccc2Sc2ccccc2)n2ncc(C#N)c12,CC(C)c1cc(C(C)C)c(-c2ccccc2[P+](C2CCCCC2)(C2CCCCC2)[Pd-2]2(OS(C)(=O)=O)c3ccccc3-c3ccccc3[NH+]2C)c(C(C)C)c1,CCN=P(N=P(N(C)C)(N(C)C)N(C)C)(N(C)C)N(C)C,CC(=O)N(C)C,xphos-pd-g4,P2Et,DMA,Cn1cc(Br)n2ncc(C#N)c12.Nc1ccccc1Sc1ccccc1.CC(C)c1cc(C(C)C)c(-c2ccccc2[P+](C2CCCCC2)(C2CCCCC2)[Pd-2]2(OS(C)(=O)=O)c3ccccc3-c3ccccc3[NH+]2C)c(C(C)C)c1.CCN=P(N=P(N(C)C)(N(C)C)N(C)C)(N(C)C)N(C)C.CC(=O)N(C)C.>>Cn1cc(Nc2ccccc2Sc2ccccc2)n2ncc(C#N)c12,0.805,94,Commercial,Commercial BB,FALSE,4,4.960917406,FALSE,35,216,104,Commercial,Commercial BB,2,4.181053087,FALSE,7,44,94-104,Cn1cc(Br)n2ncc(C#N)c12.Nc1ccccc1Sc1ccccc1>>Cn1cc(Nc2ccccc2Sc2ccccc2)n2ncc(C#N)c12,0
Cn1cc(Br)n2ncc(C#N)c12,Nc1ccc(-n2nccn2)cc1,Cn1cc(Nc2ccc(-n3nccn3)cc2)n2ncc(C#N)c12,COc1ccc(OC)c([P+](C2CCCCC2)(C2CCCCC2)[Pd-2]2(OS(C)(=O)=O)c3ccccc3-c3ccccc3[NH+]2C)c1-c1c(C(C)C)cc(C(C)C)cc1C(C)C,CCN=P(N=P(N(C)C)(N(C)C)N(C)C)(N(C)C)N(C)C,CCC(C)(C)O,brettphos-pd-g4,P2Et,t-AmOH,Cn1cc(Br)n2ncc(C#N)c12.Nc1ccc(-n2nccn2)cc1.COc1ccc(OC)c([P+](C2CCCCC2)(C2CCCCC2)[Pd-2]2(OS(C)(=O)=O)c3ccccc3-c3ccccc3[NH+]2C)c1-c1c(C(C)C)cc(C(C)C)cc1C(C)C.CCN=P(N=P(N(C)C)(N(C)C)N(C)C)(N(C)C)N(C)C.CCC(C)(C)O.>>Cn1cc(Nc2ccc(-n3nccn3)cc2)n2ncc(C#N)c12,0.896732804,94,Commercial,Commercial BB,FALSE,4,4.960917406,FALSE,35,216,33,Commercial,Commercial BB,6,4.326590771,FALSE,26,127,94-33,Cn1cc(Br)n2ncc(C#N)c12.Nc1ccc(-n2nccn2)cc1>>Cn1cc(Nc2ccc(-n3nccn3)cc2)n2ncc(C#N)c12,0
Cn1cc(Br)n2ncc(C#N)c12,Nc1cc(O)cc(F)c1,Cn1cc(Nc2cc(O)cc(F)c2)n2ncc(C#N)c12,CC(C)Oc1cccc(OC(C)C)c1-c1ccccc1[P+](C1CCCCC1)(C1CCCCC1)[Pd-2]1(OS(C)(=O)=O)c2ccccc2-c2ccccc2[NH+]1C,CCN=P(N=P(N(C)C)(N(C)C)N(C)C)(N(C)C)N(C)C,CCC(C)(C)O,ruphos-pd-g4,P2Et,t-AmOH,Cn1cc(Br)n2ncc(C#N)c12.Nc1cc(O)cc(F)c1.CC(C)Oc1cccc(OC(C)C)c1-c1ccccc1[P+](C1CCCCC1)(C1CCCCC1)[Pd-2]1(OS(C)(=O)=O)c2ccccc2-c2ccccc2[NH+]1C.CCN=P(N=P(N(C)C)(N(C)C)N(C)C)(N(C)C)N(C)C.CCC(C)(C)O.>>Cn1cc(Nc2cc(O)cc(F)c2)n2ncc(C#N)c12,0.805,94,Commercial,Commercial BB,FALSE,4,4.960917406,FALSE,35,216,105,Commercial,Commercial BB,2,4.070976434,FALSE,21,54,94-105,Cn1cc(Br)n2ncc(C#N)c12.Nc1cc(O)cc(F)c1>>Cn1cc(Nc2cc(O)cc(F)c2)n2ncc(C#N)c12,0
Cn1cc(Br)n2ncc(C#N)c12,NCc1nc(O)c2c(n1)CCOC2,Cn1cc(NCc2nc(O)c3c(n2)CCOC3)n2ncc(C#N)c12,COc1ccc(OC)c([P+](C2CCCCC2)(C2CCCCC2)[Pd-2]2(OS(C)(=O)=O)c3ccccc3-c3ccccc3[NH+]2C)c1-c1c(C(C)C)cc(C(C)C)cc1C(C)C,CCN=P(N=P(N(C)C)(N(C)C)N(C)C)(N(C)C)N(C)C,Cc1ccccc1,brettphos-pd-g4,P2Et,Toluene,Cn1cc(Br)n2ncc(C#N)c12.NCc1nc(O)c2c(n1)CCOC2.COc1ccc(OC)c([P+](C2CCCCC2)(C2CCCCC2)[Pd-2]2(OS(C)(=O)=O)c3ccccc3-c3ccccc3[NH+]2C)c1-c1c(C(C)C)cc(C(C)C)cc1C(C)C.CCN=P(N=P(N(C)C)(N(C)C)N(C)C)(N(C)C)N(C)C.Cc1ccccc1.>>Cn1cc(NCc2nc(O)c3c(n2)CCOC3)n2ncc(C#N)c12,0.85,94,Commercial,Commercial BB,FALSE,4,4.960917406,FALSE,35,216,52,Commercial,Commercial BB,9,5.529196874,FALSE,67,228,94-52,Cn1cc(Br)n2ncc(C#N)c12.NCc1nc(O)c2c(n1)CCOC2>>Cn1cc(NCc2nc(O)c3c(n2)CCOC3)n2ncc(C#N)c12,0
Clc1cc(OC2CCOCC2)ncn1,Cn1cc(N2CCCC(N)C2)cn1,Cn1cc(N2CCCC(Nc3cc(OC4CCOCC4)ncn3)C2)cn1,CC(C)Oc1cccc(OC(C)C)c1-c1ccccc1[P+](C1CCCCC1)(C1CCCCC1)[Pd-2]1(OS(C)(=O)=O)c2ccccc2-c2ccccc2[NH+]1C,CCN=P(N=P(N(C)C)(N(C)C)N(C)C)(N(C)C)N(C)C,CC(=O)N(C)C,ruphos-pd-g4,P2Et,DMA,Clc1cc(OC2CCOCC2)ncn1.Cn1cc(N2CCCC(N)C2)cn1.CC(C)Oc1cccc(OC(C)C)c1-c1ccccc1[P+](C1CCCCC1)(C1CCCCC1)[Pd-2]1(OS(C)(=O)=O)c2ccccc2-c2ccccc2[NH+]1C.CCN=P(N=P(N(C)C)(N(C)C)N(C)C)(N(C)C)N(C)C.CC(=O)N(C)C.>>Cn1cc(N2CCCC(Nc3cc(OC4CCOCC4)ncn3)C2)cn1,0.82,108,Commercial,Commercial BB,FALSE,4,5.26706232,FALSE,54,165,118,Commercial,Commercial BB,9,5.292536855,FALSE,15,54,108-118,Clc1cc(OC2CCOCC2)ncn1.Cn1cc(N2CCCC(N)C2)cn1>>Cn1cc(N2CCCC(Nc3cc(OC4CCOCC4)ncn3)C2)cn1,84
N#Cc1cnn2c(Br)c[nH]c12,Cn1cc(N2CCCC(N)C2)cn1,Cn1cc(N2CCCC(Nc3c[nH]c4c(C#N)cnn34)C2)cn1,CC(C)Oc1cccc(OC(C)C)c1-c1ccccc1[P+](C1CCCCC1)(C1CCCCC1)[Pd-2]1(OS(C)(=O)=O)c2ccccc2-c2ccccc2[NH+]1C,CCN=P(N=P(N(C)C)(N(C)C)N(C)C)(N(C)C)N(C)C,CC(=O)N(C)C,ruphos-pd-g4,P2Et,DMA,N#Cc1cnn2c(Br)c[nH]c12.Cn1cc(N2CCCC(N)C2)cn1.CC(C)Oc1cccc(OC(C)C)c1-c1ccccc1[P+](C1CCCCC1)(C1CCCCC1)[Pd-2]1(OS(C)(=O)=O)c2ccccc2-c2ccccc2[NH+]1C.CCN=P(N=P(N(C)C)(N(C)C)N(C)C)(N(C)C)N(C)C.CC(=O)N(C)C.>>Cn1cc(N2CCCC(Nc3c[nH]c4c(C#N)cnn34)C2)cn1,0.81,7,Commercial,Commercial BB,FALSE,4,5.091490848,FALSE,-1,216,118,Commercial,Commercial BB,9,5.292536855,FALSE,15,54,7-118,N#Cc1cnn2c(Br)c[nH]c12.Cn1cc(N2CCCC(N)C2)cn1>>Cn1cc(N2CCCC(Nc3c[nH]c4c(C#N)cnn34)C2)cn1,0
Clc1cnc2c(Br)cnn2c1,Nc1ccc(-n2nccn2)cc1,Clc1cnc2c(Nc3ccc(-n4nccn4)cc3)cnn2c1,CC(C)c1cc(C(C)C)c(-c2ccccc2[P+](C2CCCCC2)(C2CCCCC2)[Pd-2]2(OS(C)(=O)=O)c3ccccc3-c3ccccc3[NH+]2C)c(C(C)C)c1,CCN=P(N=P(N(C)C)(N(C)C)N(C)C)(N(C)C)N(C)C,CC(=O)N(C)C,xphos-pd-g4,P2Et,DMA,Clc1cnc2c(Br)cnn2c1.Nc1ccc(-n2nccn2)cc1.CC(C)c1cc(C(C)C)c(-c2ccccc2[P+](C2CCCCC2)(C2CCCCC2)[Pd-2]2(OS(C)(=O)=O)c3ccccc3-c3ccccc3[NH+]2C)c(C(C)C)c1.CCN=P(N=P(N(C)C)(N(C)C)N(C)C)(N(C)C)N(C)C.CC(=O)N(C)C.>>Clc1cnc2c(Nc3ccc(-n4nccn4)cc3)cnn2c1,0.8,44,Commercial,Commercial BB,FALSE,4,4.717863509,FALSE,130,216,33,Commercial,Commercial BB,6,4.326590771,FALSE,26,127,44-33,Clc1cnc2c(Br)cnn2c1.Nc1ccc(-n2nccn2)cc1>>Clc1cnc2c(Nc3ccc(-n4nccn4)cc3)cnn2c1,0
Brc1cnc2c(C3CC3)cnn2c1,Cc1nncn1-c1ccccc1N,Cc1nncn1-c1ccccc1Nc1cnc2c(C3CC3)cnn2c1,CC(C)c1cc(C(C)C)c(-c2ccccc2[P+](C2CCCCC2)(C2CCCCC2)[Pd-2]2(OS(C)(=O)=O)c3ccccc3-c3ccccc3[NH+]2C)c(C(C)C)c1,CCN=P(N=P(N(C)C)(N(C)C)N(C)C)(N(C)C)N(C)C,CC(=O)N(C)C,xphos-pd-g4,P2Et,DMA,Brc1cnc2c(C3CC3)cnn2c1.Cc1nncn1-c1ccccc1N.CC(C)c1cc(C(C)C)c(-c2ccccc2[P+](C2CCCCC2)(C2CCCCC2)[Pd-2]2(OS(C)(=O)=O)c3ccccc3-c3ccccc3[NH+]2C)c(C(C)C)c1.CCN=P(N=P(N(C)C)(N(C)C)N(C)C)(N(C)C)N(C)C.CC(=O)N(C)C.>>Cc1nncn1-c1ccccc1Nc1cnc2c(C3CC3)cnn2c1,0.81,10,Commercial,Commercial BB,FALSE,4,5.176346448,FALSE,130,216,11,Commercial,Commercial BB,6,4.808282036,FALSE,26,127,11-Oct,Brc1cnc2c(C3CC3)cnn2c1.Cc1nncn1-c1ccccc1N>>Cc1nncn1-c1ccccc1Nc1cnc2c(C3CC3)cnn2c1,
Cc1nnc2cccc(Br)n12,Nc1ncn(Cc2ccncc2)n1,Cc1nnc2cccc(Nc3ncn(Cc4ccncc4)n3)n12,COc1ccc(OC)c([P+](C2CCCCC2)(C2CCCCC2)[Pd-2]2(OS(C)(=O)=O)c3ccccc3-c3ccccc3[NH+]2C)c1-c1c(C(C)C)cc(C(C)C)cc1C(C)C,CCN=P(N=P(N(C)C)(N(C)C)N(C)C)(N(C)C)N(C)C,Cc1ccccc1,brettphos-pd-g4,P2Et,Toluene,Cc1nnc2cccc(Br)n12.Nc1ncn(Cc2ccncc2)n1.COc1ccc(OC)c([P+](C2CCCCC2)(C2CCCCC2)[Pd-2]2(OS(C)(=O)=O)c3ccccc3-c3ccccc3[NH+]2C)c1-c1c(C(C)C)cc(C(C)C)cc1C(C)C.CCN=P(N=P(N(C)C)(N(C)C)N(C)C)(N(C)C)N(C)C.Cc1ccccc1.>>Cc1nnc2cccc(Nc3ncn(Cc4ccncc4)n3)n12,0.8346875,124,Commercial,Commercial BB,FALSE,4,4.778213637,FALSE,40,259,43,Commercial,Commercial BB,6,4.806959204,FALSE,66,119,124-43,Cc1nnc2cccc(Br)n12.Nc1ncn(Cc2ccncc2)n1>>Cc1nnc2cccc(Nc3ncn(Cc4ccncc4)n3)n12,0
Cc1nnc2cccc(Br)n12,NCC1(c2cc(=O)cc[nH]2)CCC1,Cc1nnc2cccc(NCC3(c4cc(=O)cc[nH]4)CCC3)n12,CC(C)c1cc(C(C)C)c(-c2ccccc2[P+](C2CCCCC2)(C2CCCCC2)[Pd-2]2(OS(C)(=O)=O)c3ccccc3-c3ccccc3[NH+]2C)c(C(C)C)c1,CCN=P(N=P(N(C)C)(N(C)C)N(C)C)(N(C)C)N(C)C,CC(=O)N(C)C,xphos-pd-g4,P2Et,DMA,Cc1nnc2cccc(Br)n12.NCC1(c2cc(=O)cc[nH]2)CCC1.CC(C)c1cc(C(C)C)c(-c2ccccc2[P+](C2CCCCC2)(C2CCCCC2)[Pd-2]2(OS(C)(=O)=O)c3ccccc3-c3ccccc3[NH+]2C)c(C(C)C)c1.CCN=P(N=P(N(C)C)(N(C)C)N(C)C)(N(C)C)N(C)C.CC(=O)N(C)C.>>Cc1nnc2cccc(NCC3(c4cc(=O)cc[nH]4)CCC3)n12,0.8004875,124,Commercial,Commercial BB,FALSE,4,4.778213637,FALSE,40,259,19,Commercial,Commercial BB,1,5.053731731,FALSE,62,300,124-19,Cc1nnc2cccc(Br)n12.NCC1(c2cc(=O)cc[nH]2)CCC1>>Cc1nnc2cccc(NCC3(c4cc(=O)cc[nH]4)CCC3)n12,15
Cc1nnc2cccc(Br)n12,CC(C)C(N)c1c[nH]nn1,Cc1nnc2cccc(NC(c3c[nH]nn3)C(C)C)n12,CC(C)c1cc(C(C)C)c(-c2ccccc2[P+](C2CCCCC2)(C2CCCCC2)[Pd-2]2(OS(C)(=O)=O)c3ccccc3-c3ccccc3[NH+]2C)c(C(C)C)c1,CCN=P(N=P(N(C)C)(N(C)C)N(C)C)(N(C)C)N(C)C,CCC(C)(C)O,xphos-pd-g4,P2Et,t-AmOH,Cc1nnc2cccc(Br)n12.CC(C)C(N)c1c[nH]nn1.CC(C)c1cc(C(C)C)c(-c2ccccc2[P+](C2CCCCC2)(C2CCCCC2)[Pd-2]2(OS(C)(=O)=O)c3ccccc3-c3ccccc3[NH+]2C)c(C(C)C)c1.CCN=P(N=P(N(C)C)(N(C)C)N(C)C)(N(C)C)N(C)C.CCC(C)(C)O.>>Cc1nnc2cccc(NC(c3c[nH]nn3)C(C)C)n12,0.86,124,Commercial,Commercial BB,FALSE,4,4.778213637,FALSE,40,259,116,Commercial,Commercial BB,9,4.504490151,FALSE,51,190,124-116,Cc1nnc2cccc(Br)n12.CC(C)C(N)c1c[nH]nn1>>Cc1nnc2cccc(NC(c3c[nH]nn3)C(C)C)n12,24
Cc1nnc2cc(Br)ccn12,Nc1ncc(-c2cn[nH]c2)cn1,Cc1nnc2cc(Nc3ncc(-c4cn[nH]c4)cn3)ccn12,CC(C)c1cc(C(C)C)c(-c2ccccc2[P+](C2CCCCC2)(C2CCCCC2)[Pd-2]2(OS(C)(=O)=O)c3ccccc3-c3ccccc3[NH+]2C)c(C(C)C)c1,CCN=P(N=P(N(C)C)(N(C)C)N(C)C)(N(C)C)N(C)C,CCC(C)(C)O,xphos-pd-g4,P2Et,t-AmOH,Cc1nnc2cc(Br)ccn12.Nc1ncc(-c2cn[nH]c2)cn1.CC(C)c1cc(C(C)C)c(-c2ccccc2[P+](C2CCCCC2)(C2CCCCC2)[Pd-2]2(OS(C)(=O)=O)c3ccccc3-c3ccccc3[NH+]2C)c(C(C)C)c1.CCN=P(N=P(N(C)C)(N(C)C)N(C)C)(N(C)C)N(C)C.CCC(C)(C)O.>>Cc1nnc2cc(Nc3ncc(-c4cn[nH]c4)cn3)ccn12,0.8364,132,Commercial,Commercial BB,FALSE,4,4.87313656,FALSE,185,259,86,Commercial,Commercial BB,6,4.839580863,FALSE,16,183,132-86,Cc1nnc2cc(Br)ccn12.Nc1ncc(-c2cn[nH]c2)cn1>>Cc1nnc2cc(Nc3ncc(-c4cn[nH]c4)cn3)ccn12,0
CC(C)n1ccc2c(Br)cnc-2c1,Cc1ncnn1-c1cccc(N)c1,Cc1ncnn1-c1cccc(Nc2cnc3cn(C(C)C)ccc2-3)c1,CC(C)c1cc(C(C)C)c(-c2ccccc2[P+](C2CCCCC2)(C2CCCCC2)[Pd-2]2(OS(C)(=O)=O)c3ccccc3-c3ccccc3[NH+]2C)c(C(C)C)c1,CCN=P(N=P(N(C)C)(N(C)C)N(C)C)(N(C)C)N(C)C,CS(C)=O,xphos-pd-g4,P2Et,DMSO,CC(C)n1ccc2c(Br)cnc-2c1.Cc1ncnn1-c1cccc(N)c1.CC(C)c1cc(C(C)C)c(-c2ccccc2[P+](C2CCCCC2)(C2CCCCC2)[Pd-2]2(OS(C)(=O)=O)c3ccccc3-c3ccccc3[NH+]2C)c(C(C)C)c1.CCN=P(N=P(N(C)C)(N(C)C)N(C)C)(N(C)C)N(C)C.CS(C)=O.>>Cc1ncnn1-c1cccc(Nc2cnc3cn(C(C)C)ccc2-3)c1,0.814444444,146,Commercial,Commercial BB,FALSE,4,4.908147047,FALSE,148,427,121,Commercial,Commercial BB,6,4.952017096,FALSE,26,127,146-121,CC(C)n1ccc2c(Br)cnc-2c1.Cc1ncnn1-c1cccc(N)c1>>Cc1ncnn1-c1cccc(Nc2cnc3cn(C(C)C)ccc2-3)c1,0
Brc1cn(C2CCOCC2)cn1,Cc1ncnn1-c1cccc(N)c1,Cc1ncnn1-c1cccc(Nc2cn(C3CCOCC3)cn2)c1,CC(C)Oc1cccc(OC(C)C)c1-c1ccccc1[P+](C1CCCCC1)(C1CCCCC1)[Pd-2]1(OS(C)(=O)=O)c2ccccc2-c2ccccc2[NH+]1C,CCN=P(N=P(N(C)C)(N(C)C)N(C)C)(N(C)C)N(C)C,CC(=O)N(C)C,ruphos-pd-g4,P2Et,DMA,Brc1cn(C2CCOCC2)cn1.Cc1ncnn1-c1cccc(N)c1.CC(C)Oc1cccc(OC(C)C)c1-c1ccccc1[P+](C1CCCCC1)(C1CCCCC1)[Pd-2]1(OS(C)(=O)=O)c2ccccc2-c2ccccc2[NH+]1C.CCN=P(N=P(N(C)C)(N(C)C)N(C)C)(N(C)C)N(C)C.CC(=O)N(C)C.>>Cc1ncnn1-c1cccc(Nc2cn(C3CCOCC3)cn2)c1,0.819310345,72,Commercial,Commercial BB,FALSE,4,4.787024627,FALSE,54,165,121,Commercial,Commercial BB,6,4.952017096,FALSE,26,127,72-121,Brc1cn(C2CCOCC2)cn1.Cc1ncnn1-c1cccc(N)c1>>Cc1ncnn1-c1cccc(Nc2cn(C3CCOCC3)cn2)c1,0
Cc1nnc2cc(Br)ccn12,Cc1ncnn1-c1cccc(N)c1,Cc1ncnn1-c1cccc(Nc2ccn3c(C)nnc3c2)c1,CC(C)Oc1cccc(OC(C)C)c1-c1ccccc1[P+](C1CCCCC1)(C1CCCCC1)[Pd-2]1(OS(C)(=O)=O)c2ccccc2-c2ccccc2[NH+]1C,CCN=P(N=P(N(C)C)(N(C)C)N(C)C)(N(C)C)N(C)C,CCC(C)(C)O,ruphos-pd-g4,P2Et,t-AmOH,Cc1nnc2cc(Br)ccn12.Cc1ncnn1-c1cccc(N)c1.CC(C)Oc1cccc(OC(C)C)c1-c1ccccc1[P+](C1CCCCC1)(C1CCCCC1)[Pd-2]1(OS(C)(=O)=O)c2ccccc2-c2ccccc2[NH+]1C.CCN=P(N=P(N(C)C)(N(C)C)N(C)C)(N(C)C)N(C)C.CCC(C)(C)O.>>Cc1ncnn1-c1cccc(Nc2ccn3c(C)nnc3c2)c1,0.815769231,132,Commercial,Commercial BB,FALSE,4,4.87313656,FALSE,185,259,121,Commercial,Commercial BB,6,4.952017096,FALSE,26,127,132-121,Cc1nnc2cc(Br)ccn12.Cc1ncnn1-c1cccc(N)c1>>Cc1ncnn1-c1cccc(Nc2ccn3c(C)nnc3c2)c1,32
CS(C)(=O)=Nc1cccc(Br)n1,Cc1ncnn1-c1cccc(N)c1,Cc1ncnn1-c1cccc(Nc2cccc(N=S(C)(C)=O)n2)c1,CC(C)Oc1cccc(OC(C)C)c1-c1ccccc1[P+](C1CCCCC1)(C1CCCCC1)[Pd-2]1(OS(C)(=O)=O)c2ccccc2-c2ccccc2[NH+]1C,CCN=P(N=P(N(C)C)(N(C)C)N(C)C)(N(C)C)N(C)C,CCC(C)(C)O,ruphos-pd-g4,P2Et,t-AmOH,CS(C)(=O)=Nc1cccc(Br)n1.Cc1ncnn1-c1cccc(N)c1.CC(C)Oc1cccc(OC(C)C)c1-c1ccccc1[P+](C1CCCCC1)(C1CCCCC1)[Pd-2]1(OS(C)(=O)=O)c2ccccc2-c2ccccc2[NH+]1C.CCN=P(N=P(N(C)C)(N(C)C)N(C)C)(N(C)C)N(C)C.CCC(C)(C)O.>>Cc1ncnn1-c1cccc(Nc2cccc(N=S(C)(C)=O)n2)c1,0.809310345,43,Commercial,Commercial BB,FALSE,4,4.369641581,FALSE,34,75,121,Commercial,Commercial BB,6,4.952017096,FALSE,26,127,43-121,CS(C)(=O)=Nc1cccc(Br)n1.Cc1ncnn1-c1cccc(N)c1>>Cc1ncnn1-c1cccc(Nc2cccc(N=S(C)(C)=O)n2)c1,0
CN1CC(=O)Nc2ccc(Cl)nc21,Cc1ncnn1-c1cccc(N)c1,Cc1ncnn1-c1cccc(Nc2ccc3c(n2)N(C)CC(=O)N3)c1,CC(C)c1cc(C(C)C)c(-c2ccccc2[P+](C2CCCCC2)(C2CCCCC2)[Pd-2]2(OS(C)(=O)=O)c3ccccc3-c3ccccc3[NH+]2C)c(C(C)C)c1,CCN=P(N=P(N(C)C)(N(C)C)N(C)C)(N(C)C)N(C)C,CC(=O)N(C)C,xphos-pd-g4,P2Et,DMA,CN1CC(=O)Nc2ccc(Cl)nc21.Cc1ncnn1-c1cccc(N)c1.CC(C)c1cc(C(C)C)c(-c2ccccc2[P+](C2CCCCC2)(C2CCCCC2)[Pd-2]2(OS(C)(=O)=O)c3ccccc3-c3ccccc3[NH+]2C)c(C(C)C)c1.CCN=P(N=P(N(C)C)(N(C)C)N(C)C)(N(C)C)N(C)C.CC(=O)N(C)C.>>Cc1ncnn1-c1cccc(Nc2ccc3c(n2)N(C)CC(=O)N3)c1,0.823106061,99,Commercial,Commercial BB,FALSE,4,5.370991272,FALSE,48,75,121,Commercial,Commercial BB,6,4.952017096,FALSE,26,127,99-121,CN1CC(=O)Nc2ccc(Cl)nc21.Cc1ncnn1-c1cccc(N)c1>>Cc1ncnn1-c1cccc(Nc2ccc3c(n2)N(C)CC(=O)N3)c1,0
Clc1ccc2c(n1)CCN(Cc1ccccc1)C2,Cc1ncnn1-c1cccc(N)c1,Cc1ncnn1-c1cccc(Nc2ccc3c(n2)CCN(Cc2ccccc2)C3)c1,CC(C)Oc1cccc(OC(C)C)c1-c1ccccc1[P+](C1CCCCC1)(C1CCCCC1)[Pd-2]1(OS(C)(=O)=O)c2ccccc2-c2ccccc2[NH+]1C,CCN=P(N=P(N(C)C)(N(C)C)N(C)C)(N(C)C)N(C)C,CCC(C)(C)O,ruphos-pd-g4,P2Et,t-AmOH,Clc1ccc2c(n1)CCN(Cc1ccccc1)C2.Cc1ncnn1-c1cccc(N)c1.CC(C)Oc1cccc(OC(C)C)c1-c1ccccc1[P+](C1CCCCC1)(C1CCCCC1)[Pd-2]1(OS(C)(=O)=O)c2ccccc2-c2ccccc2[NH+]1C.CCN=P(N=P(N(C)C)(N(C)C)N(C)C)(N(C)C)N(C)C.CCC(C)(C)O.>>Cc1ncnn1-c1cccc(Nc2ccc3c(n2)CCN(Cc2ccccc2)C3)c1,0.81,102,Commercial,Commercial BB,FALSE,4,5.751232281,FALSE,38,274,121,Commercial,Commercial BB,6,4.952017096,FALSE,26,127,102-121,Clc1ccc2c(n1)CCN(Cc1ccccc1)C2.Cc1ncnn1-c1cccc(N)c1>>Cc1ncnn1-c1cccc(Nc2ccc3c(n2)CCN(Cc2ccccc2)C3)c1,22
Cn1nnc2ccc(F)c(Br)c21,Cc1ncnn1-c1cccc(N)c1,Cc1ncnn1-c1cccc(Nc2c(F)ccc3nnn(C)c23)c1,COc1ccc(OC)c([P+](C2CCCCC2)(C2CCCCC2)[Pd-2]2(OS(C)(=O)=O)c3ccccc3-c3ccccc3[NH+]2C)c1-c1c(C(C)C)cc(C(C)C)cc1C(C)C,CCN=P(N=P(N(C)C)(N(C)C)N(C)C)(N(C)C)N(C)C,CCC(C)(C)O,brettphos-pd-g4,P2Et,t-AmOH,Cn1nnc2ccc(F)c(Br)c21.Cc1ncnn1-c1cccc(N)c1.COc1ccc(OC)c([P+](C2CCCCC2)(C2CCCCC2)[Pd-2]2(OS(C)(=O)=O)c3ccccc3-c3ccccc3[NH+]2C)c1-c1c(C(C)C)cc(C(C)C)cc1C(C)C.CCN=P(N=P(N(C)C)(N(C)C)N(C)C)(N(C)C)N(C)C.CCC(C)(C)O.>>Cc1ncnn1-c1cccc(Nc2c(F)ccc3nnn(C)c23)c1,0.805,3,Commercial,Commercial BB,FALSE,8,4.91994583,FALSE,-1,281,121,Commercial,Commercial BB,6,4.952017096,FALSE,26,127,3-121,Cn1nnc2ccc(F)c(Br)c21.Cc1ncnn1-c1cccc(N)c1>>Cc1ncnn1-c1cccc(Nc2c(F)ccc3nnn(C)c23)c1,0
N#Cc1cnn2cc(Br)cnc12,Cc1nccn1-c1ccc(N)cc1F,Cc1nccn1-c1ccc(Nc2cnc3c(C#N)cnn3c2)cc1F,CC(C)Oc1cccc(OC(C)C)c1-c1ccccc1[P+](C1CCCCC1)(C1CCCCC1)[Pd-2]1(OS(C)(=O)=O)c2ccccc2-c2ccccc2[NH+]1C,CCN=P(N=P(N(C)C)(N(C)C)N(C)C)(N(C)C)N(C)C,CCC(C)(C)O,ruphos-pd-g4,P2Et,t-AmOH,N#Cc1cnn2cc(Br)cnc12.Cc1nccn1-c1ccc(N)cc1F.CC(C)Oc1cccc(OC(C)C)c1-c1ccccc1[P+](C1CCCCC1)(C1CCCCC1)[Pd-2]1(OS(C)(=O)=O)c2ccccc2-c2ccccc2[NH+]1C.CCN=P(N=P(N(C)C)(N(C)C)N(C)C)(N(C)C)N(C)C.CCC(C)(C)O.>>Cc1nccn1-c1ccc(Nc2cnc3c(C#N)cnn3c2)cc1F,0.83,38,Commercial,Commercial BB,FALSE,4,4.811809166,FALSE,180,216,42,Commercial,Commercial BB,6,5.089903328,FALSE,21,127,38-42,N#Cc1cnn2cc(Br)cnc12.Cc1nccn1-c1ccc(N)cc1F>>Cc1nccn1-c1ccc(Nc2cnc3c(C#N)cnn3c2)cc1F,0
Cn1cc(Br)n2ncc(C#N)c12,Cc1nccn1-c1ccc(N)cc1F,Cc1nccn1-c1ccc(Nc2cn(C)c3c(C#N)cnn23)cc1F,COc1ccc(OC)c([P+](C2CCCCC2)(C2CCCCC2)[Pd-2]2(OS(C)(=O)=O)c3ccccc3-c3ccccc3[NH+]2C)c1-c1c(C(C)C)cc(C(C)C)cc1C(C)C,CCN=P(N=P(N(C)C)(N(C)C)N(C)C)(N(C)C)N(C)C,Cc1ccccc1,brettphos-pd-g4,P2Et,Toluene,Cn1cc(Br)n2ncc(C#N)c12.Cc1nccn1-c1ccc(N)cc1F.COc1ccc(OC)c([P+](C2CCCCC2)(C2CCCCC2)[Pd-2]2(OS(C)(=O)=O)c3ccccc3-c3ccccc3[NH+]2C)c1-c1c(C(C)C)cc(C(C)C)cc1C(C)C.CCN=P(N=P(N(C)C)(N(C)C)N(C)C)(N(C)C)N(C)C.Cc1ccccc1.>>Cc1nccn1-c1ccc(Nc2cn(C)c3c(C#N)cnn23)cc1F,0.813214286,94,Commercial,Commercial BB,FALSE,4,4.960917406,FALSE,35,216,42,Commercial,Commercial BB,6,5.089903328,FALSE,21,127,94-42,Cn1cc(Br)n2ncc(C#N)c12.Cc1nccn1-c1ccc(N)cc1F>>Cc1nccn1-c1ccc(Nc2cn(C)c3c(C#N)cnn23)cc1F,0
N=C(N)Nc1cccc(Br)n1,Cc1nccn1-c1ccc(N)cc1F,Cc1nccn1-c1ccc(Nc2cccc(NC(=N)N)n2)cc1F,CC(C)c1cc(C(C)C)c(-c2ccccc2[P+](C2CCCCC2)(C2CCCCC2)[Pd-2]2(OS(C)(=O)=O)c3ccccc3-c3ccccc3[NH+]2C)c(C(C)C)c1,CCN=P(N=P(N(C)C)(N(C)C)N(C)C)(N(C)C)N(C)C,CCC(C)(C)O,xphos-pd-g4,P2Et,t-AmOH,N=C(N)Nc1cccc(Br)n1.Cc1nccn1-c1ccc(N)cc1F.CC(C)c1cc(C(C)C)c(-c2ccccc2[P+](C2CCCCC2)(C2CCCCC2)[Pd-2]2(OS(C)(=O)=O)c3ccccc3-c3ccccc3[NH+]2C)c(C(C)C)c1.CCN=P(N=P(N(C)C)(N(C)C)N(C)C)(N(C)C)N(C)C.CCC(C)(C)O.>>Cc1nccn1-c1ccc(Nc2cccc(NC(=N)N)n2)cc1F,0.80984127,60,Commercial,Commercial BB,FALSE,4,4.599918659,FALSE,38,75,42,Commercial,Commercial BB,6,5.089903328,FALSE,21,127,60-42,N=C(N)Nc1cccc(Br)n1.Cc1nccn1-c1ccc(N)cc1F>>Cc1nccn1-c1ccc(Nc2cccc(NC(=N)N)n2)cc1F,0
Brc1cn(C2CCOCC2)cn1,Cc1nccn1-c1ccc(F)cc1N,Cc1nccn1-c1ccc(F)cc1Nc1cn(C2CCOCC2)cn1,CC(C)Oc1cccc(OC(C)C)c1-c1ccccc1[P+](C1CCCCC1)(C1CCCCC1)[Pd-2]1(OS(C)(=O)=O)c2ccccc2-c2ccccc2[NH+]1C,CCN=P(N=P(N(C)C)(N(C)C)N(C)C)(N(C)C)N(C)C,CCC(C)(C)O,ruphos-pd-g4,P2Et,t-AmOH,Brc1cn(C2CCOCC2)cn1.Cc1nccn1-c1ccc(F)cc1N.CC(C)Oc1cccc(OC(C)C)c1-c1ccccc1[P+](C1CCCCC1)(C1CCCCC1)[Pd-2]1(OS(C)(=O)=O)c2ccccc2-c2ccccc2[NH+]1C.CCN=P(N=P(N(C)C)(N(C)C)N(C)C)(N(C)C)N(C)C.CCC(C)(C)O.>>Cc1nccn1-c1ccc(F)cc1Nc1cn(C2CCOCC2)cn1,0.835,72,Commercial,Commercial BB,FALSE,4,4.787024627,FALSE,54,165,94,Commercial,Commercial BB,6,5.090192548,FALSE,29,54,72-94,Brc1cn(C2CCOCC2)cn1.Cc1nccn1-c1ccc(F)cc1N>>Cc1nccn1-c1ccc(F)cc1Nc1cn(C2CCOCC2)cn1,0
CC(C)(C)OC(=O)n1cccc1Br,Cc1nccn1-c1ccc(F)cc1N,Cc1nccn1-c1ccc(F)cc1Nc1cccn1C(=O)OC(C)(C)C,CC(C)c1cc(C(C)C)c(-c2ccccc2[P+](C2CCCCC2)(C2CCCCC2)[Pd-2]2(OS(C)(=O)=O)c3ccccc3-c3ccccc3[NH+]2C)c(C(C)C)c1,CCN=P(N=P(N(C)C)(N(C)C)N(C)C)(N(C)C)N(C)C,CCC(C)(C)O,xphos-pd-g4,P2Et,t-AmOH,CC(C)(C)OC(=O)n1cccc1Br.Cc1nccn1-c1ccc(F)cc1N.CC(C)c1cc(C(C)C)c(-c2ccccc2[P+](C2CCCCC2)(C2CCCCC2)[Pd-2]2(OS(C)(=O)=O)c3ccccc3-c3ccccc3[NH+]2C)c(C(C)C)c1.CCN=P(N=P(N(C)C)(N(C)C)N(C)C)(N(C)C)N(C)C.CCC(C)(C)O.>>Cc1nccn1-c1ccc(F)cc1Nc1cccn1C(=O)OC(C)(C)C,0.825,150,Commercial,Commercial BB,FALSE,4,4.439471221,FALSE,23,88,94,Commercial,Commercial BB,6,5.090192548,FALSE,29,54,150-94,CC(C)(C)OC(=O)n1cccc1Br.Cc1nccn1-c1ccc(F)cc1N>>Cc1nccn1-c1ccc(F)cc1Nc1cccn1C(=O)OC(C)(C)C,0
CC(C)n1nnc2cc(C#N)cc(Br)c21,Cc1nccn1-c1ccc(F)cc1N,Cc1nccn1-c1ccc(F)cc1Nc1cc(C#N)cc2nnn(C(C)C)c12,CC(C)Oc1cccc(OC(C)C)c1-c1ccccc1[P+](C1CCCCC1)(C1CCCCC1)[Pd-2]1(OS(C)(=O)=O)c2ccccc2-c2ccccc2[NH+]1C,CCN=P(N=P(N(C)C)(N(C)C)N(C)C)(N(C)C)N(C)C,CS(C)=O,ruphos-pd-g4,P2Et,DMSO,CC(C)n1nnc2cc(C#N)cc(Br)c21.Cc1nccn1-c1ccc(F)cc1N.CC(C)Oc1cccc(OC(C)C)c1-c1ccccc1[P+](C1CCCCC1)(C1CCCCC1)[Pd-2]1(OS(C)(=O)=O)c2ccccc2-c2ccccc2[NH+]1C.CCN=P(N=P(N(C)C)(N(C)C)N(C)C)(N(C)C)N(C)C.CS(C)=O.>>Cc1nccn1-c1ccc(F)cc1Nc1cc(C#N)cc2nnn(C(C)C)c12,0.805,120,Commercial,Commercial BB,FALSE,8,5.286078472,FALSE,102,281,94,Commercial,Commercial BB,6,5.090192548,FALSE,29,54,120-94,CC(C)n1nnc2cc(C#N)cc(Br)c21.Cc1nccn1-c1ccc(F)cc1N>>Cc1nccn1-c1ccc(F)cc1Nc1cc(C#N)cc2nnn(C(C)C)c12,
Cc1nc2ccc(Br)cn2n1,Nc1csc(N2CCCCC2)n1,Cc1nc2ccc(Nc3csc(N4CCCCC4)n3)cn2n1,CC(C)c1cc(C(C)C)c(-c2ccccc2[P+](C2CCCCC2)(C2CCCCC2)[Pd-2]2(OS(C)(=O)=O)c3ccccc3-c3ccccc3[NH+]2C)c(C(C)C)c1,CCN=P(N=P(N(C)C)(N(C)C)N(C)C)(N(C)C)N(C)C,CCC(C)(C)O,xphos-pd-g4,P2Et,t-AmOH,Cc1nc2ccc(Br)cn2n1.Nc1csc(N2CCCCC2)n1.CC(C)c1cc(C(C)C)c(-c2ccccc2[P+](C2CCCCC2)(C2CCCCC2)[Pd-2]2(OS(C)(=O)=O)c3ccccc3-c3ccccc3[NH+]2C)c(C(C)C)c1.CCN=P(N=P(N(C)C)(N(C)C)N(C)C)(N(C)C)N(C)C.CCC(C)(C)O.>>Cc1nc2ccc(Nc3csc(N4CCCCC4)n3)cn2n1,0.815,56,Commercial,Commercial BB,FALSE,4,4.79327472,FALSE,116,259,25,Commercial,Commercial BB,6,4.551687233,FALSE,6,54,56-25,Cc1nc2ccc(Br)cn2n1.Nc1csc(N2CCCCC2)n1>>Cc1nc2ccc(Nc3csc(N4CCCCC4)n3)cn2n1,0
Cc1nc2ccc(Br)cn2n1,Nc1ccc(N2CCCCC2)c(F)c1,Cc1nc2ccc(Nc3ccc(N4CCCCC4)c(F)c3)cn2n1,COc1ccc(OC)c([P+](C2CCCCC2)(C2CCCCC2)[Pd-2]2(OS(C)(=O)=O)c3ccccc3-c3ccccc3[NH+]2C)c1-c1c(C(C)C)cc(C(C)C)cc1C(C)C,CCN=P(N=P(N(C)C)(N(C)C)N(C)C)(N(C)C)N(C)C,CCC(C)(C)O,brettphos-pd-g4,P2Et,t-AmOH,Cc1nc2ccc(Br)cn2n1.Nc1ccc(N2CCCCC2)c(F)c1.COc1ccc(OC)c([P+](C2CCCCC2)(C2CCCCC2)[Pd-2]2(OS(C)(=O)=O)c3ccccc3-c3ccccc3[NH+]2C)c1-c1c(C(C)C)cc(C(C)C)cc1C(C)C.CCN=P(N=P(N(C)C)(N(C)C)N(C)C)(N(C)C)N(C)C.CCC(C)(C)O.>>Cc1nc2ccc(Nc3ccc(N4CCCCC4)c(F)c3)cn2n1,0.8,56,Commercial,Commercial BB,FALSE,4,4.79327472,FALSE,116,259,103,Commercial,Commercial BB,2,4.702275364,FALSE,15,44,56-103,Cc1nc2ccc(Br)cn2n1.Nc1ccc(N2CCCCC2)c(F)c1>>Cc1nc2ccc(Nc3ccc(N4CCCCC4)c(F)c3)cn2n1,0
Cc1nc2ccc(Br)cn2n1,CNc1cc(F)cc(F)c1,Cc1nc2ccc(N(C)c3cc(F)cc(F)c3)cn2n1,CC(C)c1cc(C(C)C)c(-c2ccccc2[P+](C2CCCCC2)(C2CCCCC2)[Pd-2]2(OS(C)(=O)=O)c3ccccc3-c3ccccc3[NH+]2C)c(C(C)C)c1,CCN=P(N=P(N(C)C)(N(C)C)N(C)C)(N(C)C)N(C)C,CS(C)=O,xphos-pd-g4,P2Et,DMSO,Cc1nc2ccc(Br)cn2n1.CNc1cc(F)cc(F)c1.CC(C)c1cc(C(C)C)c(-c2ccccc2[P+](C2CCCCC2)(C2CCCCC2)[Pd-2]2(OS(C)(=O)=O)c3ccccc3-c3ccccc3[NH+]2C)c(C(C)C)c1.CCN=P(N=P(N(C)C)(N(C)C)N(C)C)(N(C)C)N(C)C.CS(C)=O.>>Cc1nc2ccc(N(C)c3cc(F)cc(F)c3)cn2n1,0.8,56,Commercial,Commercial BB,FALSE,4,4.79327472,FALSE,116,259,115,Commercial,Commercial BB,2,3.902962806,FALSE,21,54,56-115,Cc1nc2ccc(Br)cn2n1.CNc1cc(F)cc(F)c1>>Cc1nc2ccc(N(C)c3cc(F)cc(F)c3)cn2n1,0
Brc1ncnn1C1CC1,Cc1nc(N)c2cn[nH]c2n1,Cc1nc(Nc2ncnn2C2CC2)c2cn[nH]c2n1,CC(C)c1cc(C(C)C)c(-c2ccccc2[P+](C2CCCCC2)(C2CCCCC2)[Pd-2]2(OS(C)(=O)=O)c3ccccc3-c3ccccc3[NH+]2C)c(C(C)C)c1,CCN=P(N=P(N(C)C)(N(C)C)N(C)C)(N(C)C)N(C)C,CCC(C)(C)O,xphos-pd-g4,P2Et,t-AmOH,Brc1ncnn1C1CC1.Cc1nc(N)c2cn[nH]c2n1.CC(C)c1cc(C(C)C)c(-c2ccccc2[P+](C2CCCCC2)(C2CCCCC2)[Pd-2]2(OS(C)(=O)=O)c3ccccc3-c3ccccc3[NH+]2C)c(C(C)C)c1.CCN=P(N=P(N(C)C)(N(C)C)N(C)C)(N(C)C)N(C)C.CCC(C)(C)O.>>Cc1nc(Nc2ncnn2C2CC2)c2cn[nH]c2n1,0.80375,101,Commercial,Commercial BB,FALSE,4,4.303661841,FALSE,55,230,32,Commercial,Commercial BB,6,5.047207612,FALSE,6,231,101-32,Brc1ncnn1C1CC1.Cc1nc(N)c2cn[nH]c2n1>>Cc1nc(Nc2ncnn2C2CC2)c2cn[nH]c2n1,0
Cn1nc(C(F)F)nc1Br,Cc1nc(N)c2cn[nH]c2n1,Cc1nc(Nc2nc(C(F)F)nn2C)c2cn[nH]c2n1,CC(C)c1cc(C(C)C)c(-c2ccccc2[P+](C2CCCCC2)(C2CCCCC2)[Pd-2]2(OS(C)(=O)=O)c3ccccc3-c3ccccc3[NH+]2C)c(C(C)C)c1,CCN=P(N=P(N(C)C)(N(C)C)N(C)C)(N(C)C)N(C)C,CS(C)=O,xphos-pd-g4,P2Et,DMSO,Cn1nc(C(F)F)nc1Br.Cc1nc(N)c2cn[nH]c2n1.CC(C)c1cc(C(C)C)c(-c2ccccc2[P+](C2CCCCC2)(C2CCCCC2)[Pd-2]2(OS(C)(=O)=O)c3ccccc3-c3ccccc3[NH+]2C)c(C(C)C)c1.CCN=P(N=P(N(C)C)(N(C)C)N(C)C)(N(C)C)N(C)C.CS(C)=O.>>Cc1nc(Nc2nc(C(F)F)nn2C)c2cn[nH]c2n1,0.86,97,Commercial,Commercial BB,FALSE,4,4.048000649,FALSE,50,230,32,Commercial,Commercial BB,6,5.047207612,FALSE,6,231,97-32,Cn1nc(C(F)F)nc1Br.Cc1nc(N)c2cn[nH]c2n1>>Cc1nc(Nc2nc(C(F)F)nn2C)c2cn[nH]c2n1,0
N#Cc1cnn2cc(Br)cnc12,Cc1nc(N)c2cn[nH]c2n1,Cc1nc(Nc2cnc3c(C#N)cnn3c2)c2cn[nH]c2n1,CC(C)c1cc(C(C)C)c(-c2ccccc2[P+](C2CCCCC2)(C2CCCCC2)[Pd-2]2(OS(C)(=O)=O)c3ccccc3-c3ccccc3[NH+]2C)c(C(C)C)c1,CCN=P(N=P(N(C)C)(N(C)C)N(C)C)(N(C)C)N(C)C,CC(=O)N(C)C,xphos-pd-g4,P2Et,DMA,N#Cc1cnn2cc(Br)cnc12.Cc1nc(N)c2cn[nH]c2n1.CC(C)c1cc(C(C)C)c(-c2ccccc2[P+](C2CCCCC2)(C2CCCCC2)[Pd-2]2(OS(C)(=O)=O)c3ccccc3-c3ccccc3[NH+]2C)c(C(C)C)c1.CCN=P(N=P(N(C)C)(N(C)C)N(C)C)(N(C)C)N(C)C.CC(=O)N(C)C.>>Cc1nc(Nc2cnc3c(C#N)cnn3c2)c2cn[nH]c2n1,0.81,38,Commercial,Commercial BB,FALSE,4,4.811809166,FALSE,180,216,32,Commercial,Commercial BB,6,5.047207612,FALSE,6,231,38-32,N#Cc1cnn2cc(Br)cnc12.Cc1nc(N)c2cn[nH]c2n1>>Cc1nc(Nc2cnc3c(C#N)cnn3c2)c2cn[nH]c2n1,
O=C(O)Cn1ncc2cc(Br)cnc2c1=O,Cc1nc(N)c2cn[nH]c2n1,Cc1nc(Nc2cnc3c(=O)n(CC(=O)O)ncc3c2)c2cn[nH]c2n1,CC(C)c1cc(C(C)C)c(-c2ccccc2[P+](C2CCCCC2)(C2CCCCC2)[Pd-2]2(OS(C)(=O)=O)c3ccccc3-c3ccccc3[NH+]2C)c(C(C)C)c1,CCN=P(N=P(N(C)C)(N(C)C)N(C)C)(N(C)C)N(C)C,CC(=O)N(C)C,xphos-pd-g4,P2Et,DMA,O=C(O)Cn1ncc2cc(Br)cnc2c1=O.Cc1nc(N)c2cn[nH]c2n1.CC(C)c1cc(C(C)C)c(-c2ccccc2[P+](C2CCCCC2)(C2CCCCC2)[Pd-2]2(OS(C)(=O)=O)c3ccccc3-c3ccccc3[NH+]2C)c(C(C)C)c1.CCN=P(N=P(N(C)C)(N(C)C)N(C)C)(N(C)C)N(C)C.CC(=O)N(C)C.>>Cc1nc(Nc2cnc3c(=O)n(CC(=O)O)ncc3c2)c2cn[nH]c2n1,0.81,13,Commercial,Commercial BB,FALSE,6,5.622387149,FALSE,143,90,32,Commercial,Commercial BB,6,5.047207612,FALSE,6,231,13-32,O=C(O)Cn1ncc2cc(Br)cnc2c1=O.Cc1nc(N)c2cn[nH]c2n1>>Cc1nc(Nc2cnc3c(=O)n(CC(=O)O)ncc3c2)c2cn[nH]c2n1,
Cc1nnc2cc(Br)ccn12,Cc1nc(N)c2cc[nH]c2n1,Cc1nc(Nc2ccn3c(C)nnc3c2)c2cc[nH]c2n1,C[NH+]1c2ccccc2-c2ccccc2[Pd-2]1(OS(C)(=O)=O)[P+](C(C)(C)C)(C(C)(C)C)C(C)(C)C,CCN=P(N=P(N(C)C)(N(C)C)N(C)C)(N(C)C)N(C)C,Cc1ccccc1,p(tbu)3-pd-g4,P2Et,Toluene,Cc1nnc2cc(Br)ccn12.Cc1nc(N)c2cc[nH]c2n1.C[NH+]1c2ccccc2-c2ccccc2[Pd-2]1(OS(C)(=O)=O)[P+](C(C)(C)C)(C(C)(C)C)C(C)(C)C.CCN=P(N=P(N(C)C)(N(C)C)N(C)C)(N(C)C)N(C)C.Cc1ccccc1.>>Cc1nc(Nc2ccn3c(C)nnc3c2)c2cc[nH]c2n1,0.80702381,132,Commercial,Commercial BB,FALSE,4,4.87313656,FALSE,185,259,107,Commercial,Commercial BB,6,5.029161469,FALSE,33,267,132-107,Cc1nnc2cc(Br)ccn12.Cc1nc(N)c2cc[nH]c2n1>>Cc1nc(Nc2ccn3c(C)nnc3c2)c2cc[nH]c2n1,0
Cc1c(Br)ccn2c(C(F)(F)F)nnc12,Cc1nc(N)c2cn[nH]c2n1,Cc1nc(Nc2ccn3c(C(F)(F)F)nnc3c2C)c2cn[nH]c2n1,CC(C)Oc1cccc(OC(C)C)c1-c1ccccc1[P+](C1CCCCC1)(C1CCCCC1)[Pd-2]1(OS(C)(=O)=O)c2ccccc2-c2ccccc2[NH+]1C,CCN=P(N=P(N(C)C)(N(C)C)N(C)C)(N(C)C)N(C)C,CCC(C)(C)O,ruphos-pd-g4,P2Et,t-AmOH,Cc1c(Br)ccn2c(C(F)(F)F)nnc12.Cc1nc(N)c2cn[nH]c2n1.CC(C)Oc1cccc(OC(C)C)c1-c1ccccc1[P+](C1CCCCC1)(C1CCCCC1)[Pd-2]1(OS(C)(=O)=O)c2ccccc2-c2ccccc2[NH+]1C.CCN=P(N=P(N(C)C)(N(C)C)N(C)C)(N(C)C)N(C)C.CCC(C)(C)O.>>Cc1nc(Nc2ccn3c(C(F)(F)F)nnc3c2C)c2cn[nH]c2n1,0.85,142,Commercial,Commercial BB,FALSE,4,5.095302738,FALSE,185,259,32,Commercial,Commercial BB,6,5.047207612,FALSE,6,231,142-32,Cc1c(Br)ccn2c(C(F)(F)F)nnc12.Cc1nc(N)c2cn[nH]c2n1>>Cc1nc(Nc2ccn3c(C(F)(F)F)nnc3c2C)c2cn[nH]c2n1,0
N=C(N)Nc1cccc(Br)n1,Cc1nc(N)c2cn[nH]c2n1,Cc1nc(Nc2cccc(NC(=N)N)n2)c2cn[nH]c2n1,COc1ccc(OC)c([P+](C2CCCCC2)(C2CCCCC2)[Pd-2]2(OS(C)(=O)=O)c3ccccc3-c3ccccc3[NH+]2C)c1-c1c(C(C)C)cc(C(C)C)cc1C(C)C,CCN=P(N=P(N(C)C)(N(C)C)N(C)C)(N(C)C)N(C)C,CCC(C)(C)O,brettphos-pd-g4,P2Et,t-AmOH,N=C(N)Nc1cccc(Br)n1.Cc1nc(N)c2cn[nH]c2n1.COc1ccc(OC)c([P+](C2CCCCC2)(C2CCCCC2)[Pd-2]2(OS(C)(=O)=O)c3ccccc3-c3ccccc3[NH+]2C)c1-c1c(C(C)C)cc(C(C)C)cc1C(C)C.CCN=P(N=P(N(C)C)(N(C)C)N(C)C)(N(C)C)N(C)C.CCC(C)(C)O.>>Cc1nc(Nc2cccc(NC(=N)N)n2)c2cn[nH]c2n1,0.815,60,Commercial,Commercial BB,FALSE,4,4.599918659,FALSE,38,75,32,Commercial,Commercial BB,6,5.047207612,FALSE,6,231,60-32,N=C(N)Nc1cccc(Br)n1.Cc1nc(N)c2cn[nH]c2n1>>Cc1nc(Nc2cccc(NC(=N)N)n2)c2cn[nH]c2n1,3
Cc1cnn2cc(Br)cnc12,Nc1cncnc1N1CCCC1,Cc1cnn2cc(Nc3cncnc3N3CCCC3)cnc12,CC(C)c1cc(C(C)C)c(-c2ccccc2[P+](C2CCCCC2)(C2CCCCC2)[Pd-2]2(OS(C)(=O)=O)c3ccccc3-c3ccccc3[NH+]2C)c(C(C)C)c1,CCN=P(N=P(N(C)C)(N(C)C)N(C)C)(N(C)C)N(C)C,CCC(C)(C)O,xphos-pd-g4,P2Et,t-AmOH,Cc1cnn2cc(Br)cnc12.Nc1cncnc1N1CCCC1.CC(C)c1cc(C(C)C)c(-c2ccccc2[P+](C2CCCCC2)(C2CCCCC2)[Pd-2]2(OS(C)(=O)=O)c3ccccc3-c3ccccc3[NH+]2C)c(C(C)C)c1.CCN=P(N=P(N(C)C)(N(C)C)N(C)C)(N(C)C)N(C)C.CCC(C)(C)O.>>Cc1cnn2cc(Nc3cncnc3N3CCCC3)cnc12,0.8,30,Commercial,Commercial BB,FALSE,4,4.797620516,FALSE,130,216,95,Commercial,Commercial BB,6,4.758461288,FALSE,53,54,30-95,Cc1cnn2cc(Br)cnc12.Nc1cncnc1N1CCCC1>>Cc1cnn2cc(Nc3cncnc3N3CCCC3)cnc12,0
Cc1cnn2cc(Br)cnc12,Nc1ccccc1SC1CCCC1,Cc1cnn2cc(Nc3ccccc3SC3CCCC3)cnc12,CC(C)c1cc(C(C)C)c(-c2ccccc2[P+](C2CCCCC2)(C2CCCCC2)[Pd-2]2(OS(C)(=O)=O)c3ccccc3-c3ccccc3[NH+]2C)c(C(C)C)c1,CCN=P(N=P(N(C)C)(N(C)C)N(C)C)(N(C)C)N(C)C,CC(=O)N(C)C,xphos-pd-g4,P2Et,DMA,Cc1cnn2cc(Br)cnc12.Nc1ccccc1SC1CCCC1.CC(C)c1cc(C(C)C)c(-c2ccccc2[P+](C2CCCCC2)(C2CCCCC2)[Pd-2]2(OS(C)(=O)=O)c3ccccc3-c3ccccc3[NH+]2C)c(C(C)C)c1.CCN=P(N=P(N(C)C)(N(C)C)N(C)C)(N(C)C)N(C)C.CC(=O)N(C)C.>>Cc1cnn2cc(Nc3ccccc3SC3CCCC3)cnc12,0.82,30,Commercial,Commercial BB,FALSE,4,4.797620516,FALSE,130,216,8,Commercial,Commercial BB,2,4.41259134,FALSE,7,44,30-8,Cc1cnn2cc(Br)cnc12.Nc1ccccc1SC1CCCC1>>Cc1cnn2cc(Nc3ccccc3SC3CCCC3)cnc12,0
Cc1cnn2cc(Br)cnc12,Nc1ccc(N2CCCCC2)c(F)c1,Cc1cnn2cc(Nc3ccc(N4CCCCC4)c(F)c3)cnc12,COc1ccc(OC)c([P+](C2CCCCC2)(C2CCCCC2)[Pd-2]2(OS(C)(=O)=O)c3ccccc3-c3ccccc3[NH+]2C)c1-c1c(C(C)C)cc(C(C)C)cc1C(C)C,CCN=P(N=P(N(C)C)(N(C)C)N(C)C)(N(C)C)N(C)C,CCC(C)(C)O,brettphos-pd-g4,P2Et,t-AmOH,Cc1cnn2cc(Br)cnc12.Nc1ccc(N2CCCCC2)c(F)c1.COc1ccc(OC)c([P+](C2CCCCC2)(C2CCCCC2)[Pd-2]2(OS(C)(=O)=O)c3ccccc3-c3ccccc3[NH+]2C)c1-c1c(C(C)C)cc(C(C)C)cc1C(C)C.CCN=P(N=P(N(C)C)(N(C)C)N(C)C)(N(C)C)N(C)C.CCC(C)(C)O.>>Cc1cnn2cc(Nc3ccc(N4CCCCC4)c(F)c3)cnc12,0.815,30,Commercial,Commercial BB,FALSE,4,4.797620516,FALSE,130,216,103,Commercial,Commercial BB,2,4.702275364,FALSE,15,44,30-103,Cc1cnn2cc(Br)cnc12.Nc1ccc(N2CCCCC2)c(F)c1>>Cc1cnn2cc(Nc3ccc(N4CCCCC4)c(F)c3)cnc12,59
Cc1cnn2cc(Br)cnc12,Nc1ccc(F)c2cn[nH]c12,Cc1cnn2cc(Nc3ccc(F)c4cn[nH]c34)cnc12,CC(C)c1cc(C(C)C)c(-c2ccccc2[P+](C2CCCCC2)(C2CCCCC2)[Pd-2]2(OS(C)(=O)=O)c3ccccc3-c3ccccc3[NH+]2C)c(C(C)C)c1,CCN=P(N=P(N(C)C)(N(C)C)N(C)C)(N(C)C)N(C)C,CC(=O)N(C)C,xphos-pd-g4,P2Et,DMA,Cc1cnn2cc(Br)cnc12.Nc1ccc(F)c2cn[nH]c12.CC(C)c1cc(C(C)C)c(-c2ccccc2[P+](C2CCCCC2)(C2CCCCC2)[Pd-2]2(OS(C)(=O)=O)c3ccccc3-c3ccccc3[NH+]2C)c(C(C)C)c1.CCN=P(N=P(N(C)C)(N(C)C)N(C)C)(N(C)C)N(C)C.CC(=O)N(C)C.>>Cc1cnn2cc(Nc3ccc(F)c4cn[nH]c34)cnc12,0.805,30,Commercial,Commercial BB,FALSE,4,4.797620516,FALSE,130,216,99,Commercial,Commercial BB,6,5.098249415,FALSE,21,231,30-99,Cc1cnn2cc(Br)cnc12.Nc1ccc(F)c2cn[nH]c12>>Cc1cnn2cc(Nc3ccc(F)c4cn[nH]c34)cnc12,0
Cc1cnn2cc(Br)cnc12,Nc1ccc(-n2nccn2)cc1,Cc1cnn2cc(Nc3ccc(-n4nccn4)cc3)cnc12,CC(C)c1cc(C(C)C)c(-c2ccccc2[P+](C2CCCCC2)(C2CCCCC2)[Pd-2]2(OS(C)(=O)=O)c3ccccc3-c3ccccc3[NH+]2C)c(C(C)C)c1,CCN=P(N=P(N(C)C)(N(C)C)N(C)C)(N(C)C)N(C)C,Cc1ccccc1,xphos-pd-g4,P2Et,Toluene,Cc1cnn2cc(Br)cnc12.Nc1ccc(-n2nccn2)cc1.CC(C)c1cc(C(C)C)c(-c2ccccc2[P+](C2CCCCC2)(C2CCCCC2)[Pd-2]2(OS(C)(=O)=O)c3ccccc3-c3ccccc3[NH+]2C)c(C(C)C)c1.CCN=P(N=P(N(C)C)(N(C)C)N(C)C)(N(C)C)N(C)C.Cc1ccccc1.>>Cc1cnn2cc(Nc3ccc(-n4nccn4)cc3)cnc12,0.83,30,Commercial,Commercial BB,FALSE,4,4.797620516,FALSE,130,216,33,Commercial,Commercial BB,6,4.326590771,FALSE,26,127,30-33,Cc1cnn2cc(Br)cnc12.Nc1ccc(-n2nccn2)cc1>>Cc1cnn2cc(Nc3ccc(-n4nccn4)cc3)cnc12,16
Cc1cnn2cc(Br)cnc12,Nc1cc(F)ccc1N1CCCCC1,Cc1cnn2cc(Nc3cc(F)ccc3N3CCCCC3)cnc12,C[NH+]1c2ccccc2-c2ccccc2[Pd-2]1(OS(C)(=O)=O)[P+](C(C)(C)C)(C(C)(C)C)C(C)(C)C,CCN=P(N=P(N(C)C)(N(C)C)N(C)C)(N(C)C)N(C)C,CS(C)=O,p(tbu)3-pd-g4,P2Et,DMSO,Cc1cnn2cc(Br)cnc12.Nc1cc(F)ccc1N1CCCCC1.C[NH+]1c2ccccc2-c2ccccc2[Pd-2]1(OS(C)(=O)=O)[P+](C(C)(C)C)(C(C)(C)C)C(C)(C)C.CCN=P(N=P(N(C)C)(N(C)C)N(C)C)(N(C)C)N(C)C.CS(C)=O.>>Cc1cnn2cc(Nc3cc(F)ccc3N3CCCCC3)cnc12,0.81,30,Commercial,Commercial BB,FALSE,4,4.797620516,FALSE,130,216,84,Commercial,Commercial BB,2,4.789703418,FALSE,15,44,30-84,Cc1cnn2cc(Br)cnc12.Nc1cc(F)ccc1N1CCCCC1>>Cc1cnn2cc(Nc3cc(F)ccc3N3CCCCC3)cnc12,
Cc1cnn2cc(Br)cnc12,Nc1cc(F)cc2c1OCCC2,Cc1cnn2cc(Nc3cc(F)cc4c3OCCC4)cnc12,CC(C)c1cc(C(C)C)c(-c2ccccc2[P+](C2CCCCC2)(C2CCCCC2)[Pd-2]2(OS(C)(=O)=O)c3ccccc3-c3ccccc3[NH+]2C)c(C(C)C)c1,CCN=P(N=P(N(C)C)(N(C)C)N(C)C)(N(C)C)N(C)C,CCC(C)(C)O,xphos-pd-g4,P2Et,t-AmOH,Cc1cnn2cc(Br)cnc12.Nc1cc(F)cc2c1OCCC2.CC(C)c1cc(C(C)C)c(-c2ccccc2[P+](C2CCCCC2)(C2CCCCC2)[Pd-2]2(OS(C)(=O)=O)c3ccccc3-c3ccccc3[NH+]2C)c(C(C)C)c1.CCN=P(N=P(N(C)C)(N(C)C)N(C)C)(N(C)C)N(C)C.CCC(C)(C)O.>>Cc1cnn2cc(Nc3cc(F)cc4c3OCCC4)cnc12,0.815,30,Commercial,Commercial BB,FALSE,4,4.797620516,FALSE,130,216,114,Commercial,Commercial BB,2,5.083562386,FALSE,56,54,30-114,Cc1cnn2cc(Br)cnc12.Nc1cc(F)cc2c1OCCC2>>Cc1cnn2cc(Nc3cc(F)cc4c3OCCC4)cnc12,0
Cc1cnn2cc(Br)cnc12,Nc1cc(F)cc(OC(F)F)c1,Cc1cnn2cc(Nc3cc(F)cc(OC(F)F)c3)cnc12,C[NH+]1c2ccccc2-c2ccccc2[Pd-2]1(OS(C)(=O)=O)[P+](C(C)(C)C)(C(C)(C)C)C(C)(C)C,CCN=P(N=P(N(C)C)(N(C)C)N(C)C)(N(C)C)N(C)C,CCC(C)(C)O,p(tbu)3-pd-g4,P2Et,t-AmOH,Cc1cnn2cc(Br)cnc12.Nc1cc(F)cc(OC(F)F)c1.C[NH+]1c2ccccc2-c2ccccc2[Pd-2]1(OS(C)(=O)=O)[P+](C(C)(C)C)(C(C)(C)C)C(C)(C)C.CCN=P(N=P(N(C)C)(N(C)C)N(C)C)(N(C)C)N(C)C.CCC(C)(C)O.>>Cc1cnn2cc(Nc3cc(F)cc(OC(F)F)c3)cnc12,0.8,30,Commercial,Commercial BB,FALSE,4,4.797620516,FALSE,130,216,6,Commercial,Commercial BB,2,4.426971678,FALSE,7,54,30-6,Cc1cnn2cc(Br)cnc12.Nc1cc(F)cc(OC(F)F)c1>>Cc1cnn2cc(Nc3cc(F)cc(OC(F)F)c3)cnc12,0
Cc1cnn2cc(Br)cnc12,NC1CCN(c2c(F)cccc2F)C1,Cc1cnn2cc(NC3CCN(c4c(F)cccc4F)C3)cnc12,CC(C)c1cc(C(C)C)c(-c2ccccc2[P+](C2CCCCC2)(C2CCCCC2)[Pd-2]2(OS(C)(=O)=O)c3ccccc3-c3ccccc3[NH+]2C)c(C(C)C)c1,Cc1cc(C(C)(C)C)c([O-])c(C(C)(C)C)c1.[Na+],CS(C)=O,xphos-pd-g4,NaBHT,DMSO,Cc1cnn2cc(Br)cnc12.NC1CCN(c2c(F)cccc2F)C1.CC(C)c1cc(C(C)C)c(-c2ccccc2[P+](C2CCCCC2)(C2CCCCC2)[Pd-2]2(OS(C)(=O)=O)c3ccccc3-c3ccccc3[NH+]2C)c(C(C)C)c1.Cc1cc(C(C)(C)C)c([O-])c(C(C)(C)C)c1.[Na+].CS(C)=O.>>Cc1cnn2cc(NC3CCN(c4c(F)cccc4F)C3)cnc12,0.8,30,Commercial,Commercial BB,FALSE,4,4.797620516,FALSE,130,216,101,Commercial,Commercial BB,5,4.700986089,FALSE,15,54,30-101,Cc1cnn2cc(Br)cnc12.NC1CCN(c2c(F)cccc2F)C1>>Cc1cnn2cc(NC3CCN(c4c(F)cccc4F)C3)cnc12,3
Cc1cnc(Cl)nc1-c1c(F)cccc1F,Nc1ncnc2ccnn12,Cc1cnc(Nc2ncnc3ccnn23)nc1-c1c(F)cccc1F,COc1ccc(OC)c([P+](C2CCCCC2)(C2CCCCC2)[Pd-2]2(OS(C)(=O)=O)c3ccccc3-c3ccccc3[NH+]2C)c1-c1c(C(C)C)cc(C(C)C)cc1C(C)C,CCN=P(N=P(N(C)C)(N(C)C)N(C)C)(N(C)C)N(C)C,CCC(C)(C)O,brettphos-pd-g4,P2Et,t-AmOH,Cc1cnc(Cl)nc1-c1c(F)cccc1F.Nc1ncnc2ccnn12.COc1ccc(OC)c([P+](C2CCCCC2)(C2CCCCC2)[Pd-2]2(OS(C)(=O)=O)c3ccccc3-c3ccccc3[NH+]2C)c1-c1c(C(C)C)cc(C(C)C)cc1C(C)C.CCN=P(N=P(N(C)C)(N(C)C)N(C)C)(N(C)C)N(C)C.CCC(C)(C)O.>>Cc1cnc(Nc2ncnc3ccnn23)nc1-c1c(F)cccc1F,0.825,77,Commercial,Commercial BB,FALSE,4,4.866512184,FALSE,126,210,51,Commercial,Commercial BB,6,4.766028761,FALSE,16,119,77-51,Cc1cnc(Cl)nc1-c1c(F)cccc1F.Nc1ncnc2ccnn12>>Cc1cnc(Nc2ncnc3ccnn23)nc1-c1c(F)cccc1F,0
Cc1cnc(Cl)nc1-c1c(F)cccc1F,Nc1cncc(-c2ccn[nH]2)c1,Cc1cnc(Nc2cncc(-c3ccn[nH]3)c2)nc1-c1c(F)cccc1F,CC(C)Oc1cccc(OC(C)C)c1-c1ccccc1[P+](C1CCCCC1)(C1CCCCC1)[Pd-2]1(OS(C)(=O)=O)c2ccccc2-c2ccccc2[NH+]1C,CCN=P(N=P(N(C)C)(N(C)C)N(C)C)(N(C)C)N(C)C,CC(=O)N(C)C,ruphos-pd-g4,P2Et,DMA,Cc1cnc(Cl)nc1-c1c(F)cccc1F.Nc1cncc(-c2ccn[nH]2)c1.CC(C)Oc1cccc(OC(C)C)c1-c1ccccc1[P+](C1CCCCC1)(C1CCCCC1)[Pd-2]1(OS(C)(=O)=O)c2ccccc2-c2ccccc2[NH+]1C.CCN=P(N=P(N(C)C)(N(C)C)N(C)C)(N(C)C)N(C)C.CC(=O)N(C)C.>>Cc1cnc(Nc2cncc(-c3ccn[nH]3)c2)nc1-c1c(F)cccc1F,0.86,77,Commercial,Commercial BB,FALSE,4,4.866512184,FALSE,126,210,96,Commercial,Commercial BB,6,4.974050209,FALSE,53,229,77-96,Cc1cnc(Cl)nc1-c1c(F)cccc1F.Nc1cncc(-c2ccn[nH]2)c1>>Cc1cnc(Nc2cncc(-c3ccn[nH]3)c2)nc1-c1c(F)cccc1F,
Cc1cnc(Cl)nc1-c1c(F)cccc1F,Nc1ccc2cn[nH]c2c1F,Cc1cnc(Nc2ccc3cn[nH]c3c2F)nc1-c1c(F)cccc1F,COc1ccc(OC)c([P+](C2CCCCC2)(C2CCCCC2)[Pd-2]2(OS(C)(=O)=O)c3ccccc3-c3ccccc3[NH+]2C)c1-c1c(C(C)C)cc(C(C)C)cc1C(C)C,CCN=P(N=P(N(C)C)(N(C)C)N(C)C)(N(C)C)N(C)C,Cc1ccccc1,brettphos-pd-g4,P2Et,Toluene,Cc1cnc(Cl)nc1-c1c(F)cccc1F.Nc1ccc2cn[nH]c2c1F.COc1ccc(OC)c([P+](C2CCCCC2)(C2CCCCC2)[Pd-2]2(OS(C)(=O)=O)c3ccccc3-c3ccccc3[NH+]2C)c1-c1c(C(C)C)cc(C(C)C)cc1C(C)C.CCN=P(N=P(N(C)C)(N(C)C)N(C)C)(N(C)C)N(C)C.Cc1ccccc1.>>Cc1cnc(Nc2ccc3cn[nH]c3c2F)nc1-c1c(F)cccc1F,0.82,77,Commercial,Commercial BB,FALSE,4,4.866512184,FALSE,126,210,137,Commercial,Commercial BB,6,5.094390182,FALSE,29,231,77-137,Cc1cnc(Cl)nc1-c1c(F)cccc1F.Nc1ccc2cn[nH]c2c1F>>Cc1cnc(Nc2ccc3cn[nH]c3c2F)nc1-c1c(F)cccc1F,0
Cc1cn2ccnc(Br)c2n1,CC(C)C(N)c1c[nH]nn1,Cc1cn2ccnc(NC(c3c[nH]nn3)C(C)C)c2n1,CC(C)c1cc(C(C)C)c(-c2ccccc2[P+](C2CCCCC2)(C2CCCCC2)[Pd-2]2(OS(C)(=O)=O)c3ccccc3-c3ccccc3[NH+]2C)c(C(C)C)c1,CCN=P(N=P(N(C)C)(N(C)C)N(C)C)(N(C)C)N(C)C,CC(=O)N(C)C,xphos-pd-g4,P2Et,DMA,Cc1cn2ccnc(Br)c2n1.CC(C)C(N)c1c[nH]nn1.CC(C)c1cc(C(C)C)c(-c2ccccc2[P+](C2CCCCC2)(C2CCCCC2)[Pd-2]2(OS(C)(=O)=O)c3ccccc3-c3ccccc3[NH+]2C)c(C(C)C)c1.CCN=P(N=P(N(C)C)(N(C)C)N(C)C)(N(C)C)N(C)C.CC(=O)N(C)C.>>Cc1cn2ccnc(NC(c3c[nH]nn3)C(C)C)c2n1,0.821923077,59,Commercial,Commercial BB,FALSE,4,4.625472356,FALSE,35,205,116,Commercial,Commercial BB,9,4.504490151,FALSE,51,190,59-116,Cc1cn2ccnc(Br)c2n1.CC(C)C(N)c1c[nH]nn1>>Cc1cn2ccnc(NC(c3c[nH]nn3)C(C)C)c2n1,0
Cc1cn2cc(Br)ncc2n1,N#Cc1cc2c(nc1N)CCOC2,Cc1cn2cc(Nc3nc4c(cc3C#N)COCC4)ncc2n1,CC(C)c1cc(C(C)C)c(-c2ccccc2[P+](C2CCCCC2)(C2CCCCC2)[Pd-2]2(OS(C)(=O)=O)c3ccccc3-c3ccccc3[NH+]2C)c(C(C)C)c1,CCN=P(N=P(N(C)C)(N(C)C)N(C)C)(N(C)C)N(C)C,CCC(C)(C)O,xphos-pd-g4,P2Et,t-AmOH,Cc1cn2cc(Br)ncc2n1.N#Cc1cc2c(nc1N)CCOC2.CC(C)c1cc(C(C)C)c(-c2ccccc2[P+](C2CCCCC2)(C2CCCCC2)[Pd-2]2(OS(C)(=O)=O)c3ccccc3-c3ccccc3[NH+]2C)c(C(C)C)c1.CCN=P(N=P(N(C)C)(N(C)C)N(C)C)(N(C)C)N(C)C.CCC(C)(C)O.>>Cc1cn2cc(Nc3nc4c(cc3C#N)COCC4)ncc2n1,0.802214272,35,Commercial,Commercial BB,FALSE,4,4.605040742,FALSE,35,205,46,Commercial,Commercial BB,6,5.299334781,FALSE,40,124,35-46,Cc1cn2cc(Br)ncc2n1.N#Cc1cc2c(nc1N)CCOC2>>Cc1cn2cc(Nc3nc4c(cc3C#N)COCC4)ncc2n1,0
Cc1cn2cc(Br)ncc2n1,Cc1nccn1-c1ccc(N)cc1F,Cc1cn2cc(Nc3ccc(-n4ccnc4C)c(F)c3)ncc2n1,CC(C)c1cc(C(C)C)c(-c2ccccc2[P+](C2CCCCC2)(C2CCCCC2)[Pd-2]2(OS(C)(=O)=O)c3ccccc3-c3ccccc3[NH+]2C)c(C(C)C)c1,CCN=P(N=P(N(C)C)(N(C)C)N(C)C)(N(C)C)N(C)C,CCC(C)(C)O,xphos-pd-g4,P2Et,t-AmOH,Cc1cn2cc(Br)ncc2n1.Cc1nccn1-c1ccc(N)cc1F.CC(C)c1cc(C(C)C)c(-c2ccccc2[P+](C2CCCCC2)(C2CCCCC2)[Pd-2]2(OS(C)(=O)=O)c3ccccc3-c3ccccc3[NH+]2C)c(C(C)C)c1.CCN=P(N=P(N(C)C)(N(C)C)N(C)C)(N(C)C)N(C)C.CCC(C)(C)O.>>Cc1cn2cc(Nc3ccc(-n4ccnc4C)c(F)c3)ncc2n1,0.805375562,35,Commercial,Commercial BB,FALSE,4,4.605040742,FALSE,35,205,42,Commercial,Commercial BB,6,5.089903328,FALSE,21,127,35-42,Cc1cn2cc(Br)ncc2n1.Cc1nccn1-c1ccc(N)cc1F>>Cc1cn2cc(Nc3ccc(-n4ccnc4C)c(F)c3)ncc2n1,0
Cc1cn2cc(Br)ncc2n1,Nc1cc(F)cc2c1OCCC2,Cc1cn2cc(Nc3cc(F)cc4c3OCCC4)ncc2n1,CC(C)c1cc(C(C)C)c(-c2ccccc2[P+](C2CCCCC2)(C2CCCCC2)[Pd-2]2(OS(C)(=O)=O)c3ccccc3-c3ccccc3[NH+]2C)c(C(C)C)c1,CCN=P(N=P(N(C)C)(N(C)C)N(C)C)(N(C)C)N(C)C,CC(=O)N(C)C,xphos-pd-g4,P2Et,DMA,Cc1cn2cc(Br)ncc2n1.Nc1cc(F)cc2c1OCCC2.CC(C)c1cc(C(C)C)c(-c2ccccc2[P+](C2CCCCC2)(C2CCCCC2)[Pd-2]2(OS(C)(=O)=O)c3ccccc3-c3ccccc3[NH+]2C)c(C(C)C)c1.CCN=P(N=P(N(C)C)(N(C)C)N(C)C)(N(C)C)N(C)C.CC(=O)N(C)C.>>Cc1cn2cc(Nc3cc(F)cc4c3OCCC4)ncc2n1,0.819454545,35,Commercial,Commercial BB,FALSE,4,4.605040742,FALSE,35,205,114,Commercial,Commercial BB,2,5.083562386,FALSE,56,54,35-114,Cc1cn2cc(Br)ncc2n1.Nc1cc(F)cc2c1OCCC2>>Cc1cn2cc(Nc3cc(F)cc4c3OCCC4)ncc2n1,0
Cc1ccc(NC(=O)OCC(F)(F)F)cc1Cl,NCc1nc(O)c2c(n1)CCOC2,Cc1ccc(NC(=O)OCC(F)(F)F)cc1NCc1nc(O)c2c(n1)CCOC2,C[NH+]1c2ccccc2-c2ccccc2[Pd-2]1(OS(C)(=O)=O)[P+](C(C)(C)C)(C(C)(C)C)C(C)(C)C,CCN=P(N=P(N(C)C)(N(C)C)N(C)C)(N(C)C)N(C)C,CS(C)=O,p(tbu)3-pd-g4,P2Et,DMSO,Cc1ccc(NC(=O)OCC(F)(F)F)cc1Cl.NCc1nc(O)c2c(n1)CCOC2.C[NH+]1c2ccccc2-c2ccccc2[Pd-2]1(OS(C)(=O)=O)[P+](C(C)(C)C)(C(C)(C)C)C(C)(C)C.CCN=P(N=P(N(C)C)(N(C)C)N(C)C)(N(C)C)N(C)C.CS(C)=O.>>Cc1ccc(NC(=O)OCC(F)(F)F)cc1NCc1nc(O)c2c(n1)CCOC2,0.81,113,Commercial,Commercial BB,FALSE,8,5.173828923,FALSE,88,69,52,Commercial,Commercial BB,9,5.529196874,FALSE,67,228,113-52,Cc1ccc(NC(=O)OCC(F)(F)F)cc1Cl.NCc1nc(O)c2c(n1)CCOC2>>Cc1ccc(NC(=O)OCC(F)(F)F)cc1NCc1nc(O)c2c(n1)CCOC2,
Cc1cc2nnsc2cc1Br,Nc1nnc(C(F)(F)F)[nH]1,Cc1cc2nnsc2cc1Nc1nnc(C(F)(F)F)[nH]1,COc1ccc(OC)c([P+](C2CCCCC2)(C2CCCCC2)[Pd-2]2(OS(C)(=O)=O)c3ccccc3-c3ccccc3[NH+]2C)c1-c1c(C(C)C)cc(C(C)C)cc1C(C)C,CCN=P(N=P(N(C)C)(N(C)C)N(C)C)(N(C)C)N(C)C,CCC(C)(C)O,brettphos-pd-g4,P2Et,t-AmOH,Cc1cc2nnsc2cc1Br.Nc1nnc(C(F)(F)F)[nH]1.COc1ccc(OC)c([P+](C2CCCCC2)(C2CCCCC2)[Pd-2]2(OS(C)(=O)=O)c3ccccc3-c3ccccc3[NH+]2C)c1-c1c(C(C)C)cc(C(C)C)cc1C(C)C.CCN=P(N=P(N(C)C)(N(C)C)N(C)C)(N(C)C)N(C)C.CCC(C)(C)O.>>Cc1cc2nnsc2cc1Nc1nnc(C(F)(F)F)[nH]1,0.828514493,21,Commercial,Commercial BB,FALSE,0,4.770436028,FALSE,146,90,128,Commercial,Commercial BB,6,4.180932104,FALSE,46,199,21-128,Cc1cc2nnsc2cc1Br.Nc1nnc(C(F)(F)F)[nH]1>>Cc1cc2nnsc2cc1Nc1nnc(C(F)(F)F)[nH]1,0
Cc1cc2nnsc2cc1Br,CC(C)c1nnc(N)[nH]1,Cc1cc2nnsc2cc1Nc1nnc(C(C)C)[nH]1,CC(C)c1cc(C(C)C)c(-c2ccccc2[P+](C2CCCCC2)(C2CCCCC2)[Pd-2]2(OS(C)(=O)=O)c3ccccc3-c3ccccc3[NH+]2C)c(C(C)C)c1,CCN=P(N=P(N(C)C)(N(C)C)N(C)C)(N(C)C)N(C)C,CC(=O)N(C)C,xphos-pd-g4,P2Et,DMA,Cc1cc2nnsc2cc1Br.CC(C)c1nnc(N)[nH]1.CC(C)c1cc(C(C)C)c(-c2ccccc2[P+](C2CCCCC2)(C2CCCCC2)[Pd-2]2(OS(C)(=O)=O)c3ccccc3-c3ccccc3[NH+]2C)c(C(C)C)c1.CCN=P(N=P(N(C)C)(N(C)C)N(C)C)(N(C)C)N(C)C.CC(=O)N(C)C.>>Cc1cc2nnsc2cc1Nc1nnc(C(C)C)[nH]1,0.827747447,21,Commercial,Commercial BB,FALSE,0,4.770436028,FALSE,146,90,18,Commercial,Commercial BB,6,4.064755562,FALSE,23,199,21-18,Cc1cc2nnsc2cc1Br.CC(C)c1nnc(N)[nH]1>>Cc1cc2nnsc2cc1Nc1nnc(C(C)C)[nH]1,0
Cc1cc2nnsc2cc1Br,CN(C)C(=O)Cn1cnc(N)n1,Cc1cc2nnsc2cc1Nc1ncn(CC(=O)N(C)C)n1,COc1ccc(OC)c([P+](C2CCCCC2)(C2CCCCC2)[Pd-2]2(OS(C)(=O)=O)c3ccccc3-c3ccccc3[NH+]2C)c1-c1c(C(C)C)cc(C(C)C)cc1C(C)C,CCN=P(N=P(N(C)C)(N(C)C)N(C)C)(N(C)C)N(C)C,CCC(C)(C)O,brettphos-pd-g4,P2Et,t-AmOH,Cc1cc2nnsc2cc1Br.CN(C)C(=O)Cn1cnc(N)n1.COc1ccc(OC)c([P+](C2CCCCC2)(C2CCCCC2)[Pd-2]2(OS(C)(=O)=O)c3ccccc3-c3ccccc3[NH+]2C)c1-c1c(C(C)C)cc(C(C)C)cc1C(C)C.CCN=P(N=P(N(C)C)(N(C)C)N(C)C)(N(C)C)N(C)C.CCC(C)(C)O.>>Cc1cc2nnsc2cc1Nc1ncn(CC(=O)N(C)C)n1,0.858329308,21,Commercial,Commercial BB,FALSE,0,4.770436028,FALSE,146,90,69,Commercial,Commercial BB,6,4.778639229,FALSE,66,119,21-69,Cc1cc2nnsc2cc1Br.CN(C)C(=O)Cn1cnc(N)n1>>Cc1cc2nnsc2cc1Nc1ncn(CC(=O)N(C)C)n1,0
Cc1cc2nnsc2cc1Br,Cc1nccn1-c1ccc(F)cc1N,Cc1cc2nnsc2cc1Nc1cc(F)ccc1-n1ccnc1C,CC(C)c1cc(C(C)C)c(-c2ccccc2[P+](C2CCCCC2)(C2CCCCC2)[Pd-2]2(OS(C)(=O)=O)c3ccccc3-c3ccccc3[NH+]2C)c(C(C)C)c1,CCN=P(N=P(N(C)C)(N(C)C)N(C)C)(N(C)C)N(C)C,CC(=O)N(C)C,xphos-pd-g4,P2Et,DMA,Cc1cc2nnsc2cc1Br.Cc1nccn1-c1ccc(F)cc1N.CC(C)c1cc(C(C)C)c(-c2ccccc2[P+](C2CCCCC2)(C2CCCCC2)[Pd-2]2(OS(C)(=O)=O)c3ccccc3-c3ccccc3[NH+]2C)c(C(C)C)c1.CCN=P(N=P(N(C)C)(N(C)C)N(C)C)(N(C)C)N(C)C.CC(=O)N(C)C.>>Cc1cc2nnsc2cc1Nc1cc(F)ccc1-n1ccnc1C,0.808201993,21,Commercial,Commercial BB,FALSE,0,4.770436028,FALSE,146,90,94,Commercial,Commercial BB,6,5.090192548,FALSE,29,54,21-94,Cc1cc2nnsc2cc1Br.Cc1nccn1-c1ccc(F)cc1N>>Cc1cc2nnsc2cc1Nc1cc(F)ccc1-n1ccnc1C,0
Cc1cc2nnsc2cc1Br,Nc1cc(F)cc(OC(F)F)c1,Cc1cc2nnsc2cc1Nc1cc(F)cc(OC(F)F)c1,COc1ccc(OC)c([P+](C2CCCCC2)(C2CCCCC2)[Pd-2]2(OS(C)(=O)=O)c3ccccc3-c3ccccc3[NH+]2C)c1-c1c(C(C)C)cc(C(C)C)cc1C(C)C,CCN=P(N=P(N(C)C)(N(C)C)N(C)C)(N(C)C)N(C)C,CCC(C)(C)O,brettphos-pd-g4,P2Et,t-AmOH,Cc1cc2nnsc2cc1Br.Nc1cc(F)cc(OC(F)F)c1.COc1ccc(OC)c([P+](C2CCCCC2)(C2CCCCC2)[Pd-2]2(OS(C)(=O)=O)c3ccccc3-c3ccccc3[NH+]2C)c1-c1c(C(C)C)cc(C(C)C)cc1C(C)C.CCN=P(N=P(N(C)C)(N(C)C)N(C)C)(N(C)C)N(C)C.CCC(C)(C)O.>>Cc1cc2nnsc2cc1Nc1cc(F)cc(OC(F)F)c1,0.846811196,21,Commercial,Commercial BB,FALSE,0,4.770436028,FALSE,146,90,6,Commercial,Commercial BB,2,4.426971678,FALSE,7,54,21-6,Cc1cc2nnsc2cc1Br.Nc1cc(F)cc(OC(F)F)c1>>Cc1cc2nnsc2cc1Nc1cc(F)cc(OC(F)F)c1,0
Cc1cc2nnsc2cc1Br,NC1(c2c[nH]nn2)CC(F)(F)C1,Cc1cc2nnsc2cc1NC1(c2c[nH]nn2)CC(F)(F)C1,CC(C)Oc1cccc(OC(C)C)c1-c1ccccc1[P+](C1CCCCC1)(C1CCCCC1)[Pd-2]1(OS(C)(=O)=O)c2ccccc2-c2ccccc2[NH+]1C,CCN=P(N=P(N(C)C)(N(C)C)N(C)C)(N(C)C)N(C)C,CC(=O)N(C)C,ruphos-pd-g4,P2Et,DMA,Cc1cc2nnsc2cc1Br.NC1(c2c[nH]nn2)CC(F)(F)C1.CC(C)Oc1cccc(OC(C)C)c1-c1ccccc1[P+](C1CCCCC1)(C1CCCCC1)[Pd-2]1(OS(C)(=O)=O)c2ccccc2-c2ccccc2[NH+]1C.CCN=P(N=P(N(C)C)(N(C)C)N(C)C)(N(C)C)N(C)C.CC(=O)N(C)C.>>Cc1cc2nnsc2cc1NC1(c2c[nH]nn2)CC(F)(F)C1,0.839166667,21,Commercial,Commercial BB,FALSE,0,4.770436028,FALSE,146,90,144,Commercial,Commercial BB,9,4.923013102,FALSE,51,190,21-144,Cc1cc2nnsc2cc1Br.NC1(c2c[nH]nn2)CC(F)(F)C1>>Cc1cc2nnsc2cc1NC1(c2c[nH]nn2)CC(F)(F)C1,
Cc1cc2nnn(C)c2cc1Br,Nc1ncn(Cc2ccncc2)n1,Cc1cc2nnn(C)c2cc1Nc1ncn(Cc2ccncc2)n1,CC(C)c1cc(C(C)C)c(-c2ccccc2[P+](C2CCCCC2)(C2CCCCC2)[Pd-2]2(OS(C)(=O)=O)c3ccccc3-c3ccccc3[NH+]2C)c(C(C)C)c1,CCN=P(N=P(N(C)C)(N(C)C)N(C)C)(N(C)C)N(C)C,Cc1ccccc1,xphos-pd-g4,P2Et,Toluene,Cc1cc2nnn(C)c2cc1Br.Nc1ncn(Cc2ccncc2)n1.CC(C)c1cc(C(C)C)c(-c2ccccc2[P+](C2CCCCC2)(C2CCCCC2)[Pd-2]2(OS(C)(=O)=O)c3ccccc3-c3ccccc3[NH+]2C)c(C(C)C)c1.CCN=P(N=P(N(C)C)(N(C)C)N(C)C)(N(C)C)N(C)C.Cc1ccccc1.>>Cc1cc2nnn(C)c2cc1Nc1ncn(Cc2ccncc2)n1,0.849448836,85,Commercial,Commercial BB,FALSE,8,5.031398356,FALSE,102,281,43,Commercial,Commercial BB,6,4.806959204,FALSE,66,119,85-43,Cc1cc2nnn(C)c2cc1Br.Nc1ncn(Cc2ccncc2)n1>>Cc1cc2nnn(C)c2cc1Nc1ncn(Cc2ccncc2)n1,0
Cc1cc2nnn(C)c2cc1Br,Nc1cncc(-c2ccn[nH]2)c1,Cc1cc2nnn(C)c2cc1Nc1cncc(-c2ccn[nH]2)c1,COc1ccc(OC)c([P+](C2CCCCC2)(C2CCCCC2)[Pd-2]2(OS(C)(=O)=O)c3ccccc3-c3ccccc3[NH+]2C)c1-c1c(C(C)C)cc(C(C)C)cc1C(C)C,CCN=P(N=P(N(C)C)(N(C)C)N(C)C)(N(C)C)N(C)C,CC(=O)N(C)C,brettphos-pd-g4,P2Et,DMA,Cc1cc2nnn(C)c2cc1Br.Nc1cncc(-c2ccn[nH]2)c1.COc1ccc(OC)c([P+](C2CCCCC2)(C2CCCCC2)[Pd-2]2(OS(C)(=O)=O)c3ccccc3-c3ccccc3[NH+]2C)c1-c1c(C(C)C)cc(C(C)C)cc1C(C)C.CCN=P(N=P(N(C)C)(N(C)C)N(C)C)(N(C)C)N(C)C.CC(=O)N(C)C.>>Cc1cc2nnn(C)c2cc1Nc1cncc(-c2ccn[nH]2)c1,0.849347826,85,Commercial,Commercial BB,FALSE,8,5.031398356,FALSE,102,281,96,Commercial,Commercial BB,6,4.974050209,FALSE,53,229,85-96,Cc1cc2nnn(C)c2cc1Br.Nc1cncc(-c2ccn[nH]2)c1>>Cc1cc2nnn(C)c2cc1Nc1cncc(-c2ccn[nH]2)c1,
Cc1cc2nnn(C)c2cc1Br,Nc1cn[nH]c1-c1cnccn1,Cc1cc2nnn(C)c2cc1Nc1cn[nH]c1-c1cnccn1,CC(C)c1cc(C(C)C)c(-c2ccccc2[P+](C2CCCCC2)(C2CCCCC2)[Pd-2]2(OS(C)(=O)=O)c3ccccc3-c3ccccc3[NH+]2C)c(C(C)C)c1,CCN=P(N=P(N(C)C)(N(C)C)N(C)C)(N(C)C)N(C)C,CC(=O)N(C)C,xphos-pd-g4,P2Et,DMA,Cc1cc2nnn(C)c2cc1Br.Nc1cn[nH]c1-c1cnccn1.CC(C)c1cc(C(C)C)c(-c2ccccc2[P+](C2CCCCC2)(C2CCCCC2)[Pd-2]2(OS(C)(=O)=O)c3ccccc3-c3ccccc3[NH+]2C)c(C(C)C)c1.CCN=P(N=P(N(C)C)(N(C)C)N(C)C)(N(C)C)N(C)C.CC(=O)N(C)C.>>Cc1cc2nnn(C)c2cc1Nc1cn[nH]c1-c1cnccn1,0.863578595,85,Commercial,Commercial BB,FALSE,8,5.031398356,FALSE,102,281,113,Commercial,Commercial BB,6,4.674498771,FALSE,39,229,85-113,Cc1cc2nnn(C)c2cc1Br.Nc1cn[nH]c1-c1cnccn1>>Cc1cc2nnn(C)c2cc1Nc1cn[nH]c1-c1cnccn1,15
Cc1cc2nnn(C)c2cc1Br,Cc1cc2nccn2cc1N,Cc1cc2nnn(C)c2cc1Nc1cn2ccnc2cc1C,CC(C)c1cc(C(C)C)c(-c2ccccc2[P+](C2CCCCC2)(C2CCCCC2)[Pd-2]2(OS(C)(=O)=O)c3ccccc3-c3ccccc3[NH+]2C)c(C(C)C)c1,CCN=P(N=P(N(C)C)(N(C)C)N(C)C)(N(C)C)N(C)C,CCC(C)(C)O,xphos-pd-g4,P2Et,t-AmOH,Cc1cc2nnn(C)c2cc1Br.Cc1cc2nccn2cc1N.CC(C)c1cc(C(C)C)c(-c2ccccc2[P+](C2CCCCC2)(C2CCCCC2)[Pd-2]2(OS(C)(=O)=O)c3ccccc3-c3ccccc3[NH+]2C)c(C(C)C)c1.CCN=P(N=P(N(C)C)(N(C)C)N(C)C)(N(C)C)N(C)C.CCC(C)(C)O.>>Cc1cc2nnn(C)c2cc1Nc1cn2ccnc2cc1C,0.863893281,85,Commercial,Commercial BB,FALSE,8,5.031398356,FALSE,102,281,136,Commercial,Commercial BB,6,4.722287843,FALSE,2,127,85-136,Cc1cc2nnn(C)c2cc1Br.Cc1cc2nccn2cc1N>>Cc1cc2nnn(C)c2cc1Nc1cn2ccnc2cc1C,0
Cc1cc2nnn(C)c2cc1Br,Nc1cc(N2CCCC2)ncn1,Cc1cc2nnn(C)c2cc1Nc1cc(N2CCCC2)ncn1,CC(C)c1cc(C(C)C)c(-c2ccccc2[P+](C2CCCCC2)(C2CCCCC2)[Pd-2]2(OS(C)(=O)=O)c3ccccc3-c3ccccc3[NH+]2C)c(C(C)C)c1,CCN=P(N=P(N(C)C)(N(C)C)N(C)C)(N(C)C)N(C)C,CCC(C)(C)O,xphos-pd-g4,P2Et,t-AmOH,Cc1cc2nnn(C)c2cc1Br.Nc1cc(N2CCCC2)ncn1.CC(C)c1cc(C(C)C)c(-c2ccccc2[P+](C2CCCCC2)(C2CCCCC2)[Pd-2]2(OS(C)(=O)=O)c3ccccc3-c3ccccc3[NH+]2C)c(C(C)C)c1.CCN=P(N=P(N(C)C)(N(C)C)N(C)C)(N(C)C)N(C)C.CCC(C)(C)O.>>Cc1cc2nnn(C)c2cc1Nc1cc(N2CCCC2)ncn1,0.808847826,85,Commercial,Commercial BB,FALSE,8,5.031398356,FALSE,102,281,102,Commercial,Commercial BB,6,4.775384921,FALSE,6,54,85-102,Cc1cc2nnn(C)c2cc1Br.Nc1cc(N2CCCC2)ncn1>>Cc1cc2nnn(C)c2cc1Nc1cc(N2CCCC2)ncn1,0
Cc1cc2nnn(C)c2cc1Br,NCc1nc(O)c2c(n1)CCOC2,Cc1cc2nnn(C)c2cc1NCc1nc(O)c2c(n1)CCOC2,C[NH+]1c2ccccc2-c2ccccc2[Pd-2]1(OS(C)(=O)=O)[P+](C(C)(C)C)(C(C)(C)C)C(C)(C)C,CCN=P(N=P(N(C)C)(N(C)C)N(C)C)(N(C)C)N(C)C,CS(C)=O,p(tbu)3-pd-g4,P2Et,DMSO,Cc1cc2nnn(C)c2cc1Br.NCc1nc(O)c2c(n1)CCOC2.C[NH+]1c2ccccc2-c2ccccc2[Pd-2]1(OS(C)(=O)=O)[P+](C(C)(C)C)(C(C)(C)C)C(C)(C)C.CCN=P(N=P(N(C)C)(N(C)C)N(C)C)(N(C)C)N(C)C.CS(C)=O.>>Cc1cc2nnn(C)c2cc1NCc1nc(O)c2c(n1)CCOC2,0.864545455,85,Commercial,Commercial BB,FALSE,8,5.031398356,FALSE,102,281,52,Commercial,Commercial BB,9,5.529196874,FALSE,67,228,85-52,Cc1cc2nnn(C)c2cc1Br.NCc1nc(O)c2c(n1)CCOC2>>Cc1cc2nnn(C)c2cc1NCc1nc(O)c2c(n1)CCOC2,60
Brc1cn(C2CCOCC2)cn1,Cc1cc2nccn2cc1N,Cc1cc2nccn2cc1Nc1cn(C2CCOCC2)cn1,CC(C)Oc1cccc(OC(C)C)c1-c1ccccc1[P+](C1CCCCC1)(C1CCCCC1)[Pd-2]1(OS(C)(=O)=O)c2ccccc2-c2ccccc2[NH+]1C,CCN=P(N=P(N(C)C)(N(C)C)N(C)C)(N(C)C)N(C)C,CCC(C)(C)O,ruphos-pd-g4,P2Et,t-AmOH,Brc1cn(C2CCOCC2)cn1.Cc1cc2nccn2cc1N.CC(C)Oc1cccc(OC(C)C)c1-c1ccccc1[P+](C1CCCCC1)(C1CCCCC1)[Pd-2]1(OS(C)(=O)=O)c2ccccc2-c2ccccc2[NH+]1C.CCN=P(N=P(N(C)C)(N(C)C)N(C)C)(N(C)C)N(C)C.CCC(C)(C)O.>>Cc1cc2nccn2cc1Nc1cn(C2CCOCC2)cn1,0.82,72,Commercial,Commercial BB,FALSE,4,4.787024627,FALSE,54,165,136,Commercial,Commercial BB,6,4.722287843,FALSE,2,127,72-136,Brc1cn(C2CCOCC2)cn1.Cc1cc2nccn2cc1N>>Cc1cc2nccn2cc1Nc1cn(C2CCOCC2)cn1,0
Cn1nnc2c(Br)cccc21,Cc1cc2nccn2cc1N,Cc1cc2nccn2cc1Nc1cccc2c1nnn2C,COc1ccc(OC)c([P+](C2CCCCC2)(C2CCCCC2)[Pd-2]2(OS(C)(=O)=O)c3ccccc3-c3ccccc3[NH+]2C)c1-c1c(C(C)C)cc(C(C)C)cc1C(C)C,CCN=P(N=P(N(C)C)(N(C)C)N(C)C)(N(C)C)N(C)C,CCC(C)(C)O,brettphos-pd-g4,P2Et,t-AmOH,Cn1nnc2c(Br)cccc21.Cc1cc2nccn2cc1N.COc1ccc(OC)c([P+](C2CCCCC2)(C2CCCCC2)[Pd-2]2(OS(C)(=O)=O)c3ccccc3-c3ccccc3[NH+]2C)c1-c1c(C(C)C)cc(C(C)C)cc1C(C)C.CCN=P(N=P(N(C)C)(N(C)C)N(C)C)(N(C)C)N(C)C.CCC(C)(C)O.>>Cc1cc2nccn2cc1Nc1cccc2c1nnn2C,0.81,27,Commercial,Commercial BB,FALSE,0,4.655117372,FALSE,102,281,136,Commercial,Commercial BB,6,4.722287843,FALSE,2,127,27-136,Cn1nnc2c(Br)cccc21.Cc1cc2nccn2cc1N>>Cc1cc2nccn2cc1Nc1cccc2c1nnn2C,
FC(F)(F)Cn1nnc2ccc(Br)cc21,Cc1cc2nccn2cc1N,Cc1cc2nccn2cc1Nc1ccc2nnn(CC(F)(F)F)c2c1,CC(C)c1cc(C(C)C)c(-c2ccccc2[P+](C2CCCCC2)(C2CCCCC2)[Pd-2]2(OS(C)(=O)=O)c3ccccc3-c3ccccc3[NH+]2C)c(C(C)C)c1,CCN=P(N=P(N(C)C)(N(C)C)N(C)C)(N(C)C)N(C)C,CC(=O)N(C)C,xphos-pd-g4,P2Et,DMA,FC(F)(F)Cn1nnc2ccc(Br)cc21.Cc1cc2nccn2cc1N.CC(C)c1cc(C(C)C)c(-c2ccccc2[P+](C2CCCCC2)(C2CCCCC2)[Pd-2]2(OS(C)(=O)=O)c3ccccc3-c3ccccc3[NH+]2C)c(C(C)C)c1.CCN=P(N=P(N(C)C)(N(C)C)N(C)C)(N(C)C)N(C)C.CC(=O)N(C)C.>>Cc1cc2nccn2cc1Nc1ccc2nnn(CC(F)(F)F)c2c1,0.82,69,Commercial,Commercial BB,FALSE,0,5.295034512,FALSE,102,90,136,Commercial,Commercial BB,6,4.722287843,FALSE,2,127,69-136,FC(F)(F)Cn1nnc2ccc(Br)cc21.Cc1cc2nccn2cc1N>>Cc1cc2nccn2cc1Nc1ccc2nnn(CC(F)(F)F)c2c1,39
Brc1ccc2nnsc2c1,Cc1cc2[nH]ncc2cc1N,Cc1cc2[nH]ncc2cc1Nc1ccc2nnsc2c1,CC(C)c1cc(C(C)C)c(-c2ccccc2[P+](C2CCCCC2)(C2CCCCC2)[Pd-2]2(OS(C)(=O)=O)c3ccccc3-c3ccccc3[NH+]2C)c(C(C)C)c1,CCN=P(N=P(N(C)C)(N(C)C)N(C)C)(N(C)C)N(C)C,CCC(C)(C)O,xphos-pd-g4,P2Et,t-AmOH,Brc1ccc2nnsc2c1.Cc1cc2[nH]ncc2cc1N.CC(C)c1cc(C(C)C)c(-c2ccccc2[P+](C2CCCCC2)(C2CCCCC2)[Pd-2]2(OS(C)(=O)=O)c3ccccc3-c3ccccc3[NH+]2C)c(C(C)C)c1.CCN=P(N=P(N(C)C)(N(C)C)N(C)C)(N(C)C)N(C)C.CCC(C)(C)O.>>Cc1cc2[nH]ncc2cc1Nc1ccc2nnsc2c1,0.86,37,Commercial,Commercial BB,FALSE,0,4.365458188,FALSE,78,90,71,Commercial,Commercial BB,6,5.027978732,FALSE,2,231,37-71,Brc1ccc2nnsc2c1.Cc1cc2[nH]ncc2cc1N>>Cc1cc2[nH]ncc2cc1Nc1ccc2nnsc2c1,0
Cn1nnc2c(Br)cccc21,Cc1cc(N)ccc1-n1ccnc1,Cc1cc(Nc2cccc3c2nnn3C)ccc1-n1ccnc1,COc1ccc(OC)c([P+](C2CCCCC2)(C2CCCCC2)[Pd-2]2(OS(C)(=O)=O)c3ccccc3-c3ccccc3[NH+]2C)c1-c1c(C(C)C)cc(C(C)C)cc1C(C)C,CCN=P(N=P(N(C)C)(N(C)C)N(C)C)(N(C)C)N(C)C,CS(C)=O,brettphos-pd-g4,P2Et,DMSO,Cn1nnc2c(Br)cccc21.Cc1cc(N)ccc1-n1ccnc1.COc1ccc(OC)c([P+](C2CCCCC2)(C2CCCCC2)[Pd-2]2(OS(C)(=O)=O)c3ccccc3-c3ccccc3[NH+]2C)c1-c1c(C(C)C)cc(C(C)C)cc1C(C)C.CCN=P(N=P(N(C)C)(N(C)C)N(C)C)(N(C)C)N(C)C.CS(C)=O.>>Cc1cc(Nc2cccc3c2nnn3C)ccc1-n1ccnc1,0.8235,27,Commercial,Commercial BB,FALSE,0,4.655117372,FALSE,102,281,108,Commercial,Commercial BB,6,4.899572289,FALSE,26,127,27-108,Cn1nnc2c(Br)cccc21.Cc1cc(N)ccc1-n1ccnc1>>Cc1cc(Nc2cccc3c2nnn3C)ccc1-n1ccnc1,10
CN1CCN(c2cc(O)ccc2Br)CC1,Cc1cc(N)ccc1-n1cnnn1,Cc1cc(Nc2ccc(O)cc2N2CCN(C)CC2)ccc1-n1cnnn1,CC(C)c1cc(C(C)C)c(-c2ccccc2[P+](C2CCCCC2)(C2CCCCC2)[Pd-2]2(OS(C)(=O)=O)c3ccccc3-c3ccccc3[NH+]2C)c(C(C)C)c1,CCN=P(N=P(N(C)C)(N(C)C)N(C)C)(N(C)C)N(C)C,CC(=O)N(C)C,xphos-pd-g4,P2Et,DMA,CN1CCN(c2cc(O)ccc2Br)CC1.Cc1cc(N)ccc1-n1cnnn1.CC(C)c1cc(C(C)C)c(-c2ccccc2[P+](C2CCCCC2)(C2CCCCC2)[Pd-2]2(OS(C)(=O)=O)c3ccccc3-c3ccccc3[NH+]2C)c(C(C)C)c1.CCN=P(N=P(N(C)C)(N(C)C)N(C)C)(N(C)C)N(C)C.CC(=O)N(C)C.>>Cc1cc(Nc2ccc(O)cc2N2CCN(C)CC2)ccc1-n1cnnn1,0.813409091,51,Commercial,Commercial BB,FALSE,7,5.021027254,FALSE,71,269,111,Commercial,Commercial BB,2,4.974427062,FALSE,26,127,51-111,CN1CCN(c2cc(O)ccc2Br)CC1.Cc1cc(N)ccc1-n1cnnn1>>Cc1cc(Nc2ccc(O)cc2N2CCN(C)CC2)ccc1-n1cnnn1,0
Cc1cc(Br)cn2c(CN(C)C)cnc12,NC1CCCN(c2cccnc2)C1,Cc1cc(NC2CCCN(c3cccnc3)C2)cn2c(CN(C)C)cnc12,CC(C)Oc1cccc(OC(C)C)c1-c1ccccc1[P+](C1CCCCC1)(C1CCCCC1)[Pd-2]1(OS(C)(=O)=O)c2ccccc2-c2ccccc2[NH+]1C,CCN=P(N=P(N(C)C)(N(C)C)N(C)C)(N(C)C)N(C)C,CCC(C)(C)O,ruphos-pd-g4,P2Et,t-AmOH,Cc1cc(Br)cn2c(CN(C)C)cnc12.NC1CCCN(c2cccnc2)C1.CC(C)Oc1cccc(OC(C)C)c1-c1ccccc1[P+](C1CCCCC1)(C1CCCCC1)[Pd-2]1(OS(C)(=O)=O)c2ccccc2-c2ccccc2[NH+]1C.CCN=P(N=P(N(C)C)(N(C)C)N(C)C)(N(C)C)N(C)C.CCC(C)(C)O.>>Cc1cc(NC2CCCN(c3cccnc3)C2)cn2c(CN(C)C)cnc12,0.8,2,Commercial,Commercial BB,FALSE,4,5.292733393,FALSE,140,205,10,Commercial,Commercial BB,9,5.109367901,FALSE,63,54,10-Feb,Cc1cc(Br)cn2c(CN(C)C)cnc12.NC1CCCN(c2cccnc2)C1>>Cc1cc(NC2CCCN(c3cccnc3)C2)cn2c(CN(C)C)cnc12,0
Cc1cc(Br)cn2c(CN(C)C)cnc12,NC1(c2c[nH]nn2)CC(F)(F)C1,Cc1cc(NC2(c3c[nH]nn3)CC(F)(F)C2)cn2c(CN(C)C)cnc12,CC(C)Oc1cccc(OC(C)C)c1-c1ccccc1[P+](C1CCCCC1)(C1CCCCC1)[Pd-2]1(OS(C)(=O)=O)c2ccccc2-c2ccccc2[NH+]1C,CCN=P(N=P(N(C)C)(N(C)C)N(C)C)(N(C)C)N(C)C,CCC(C)(C)O,ruphos-pd-g4,P2Et,t-AmOH,Cc1cc(Br)cn2c(CN(C)C)cnc12.NC1(c2c[nH]nn2)CC(F)(F)C1.CC(C)Oc1cccc(OC(C)C)c1-c1ccccc1[P+](C1CCCCC1)(C1CCCCC1)[Pd-2]1(OS(C)(=O)=O)c2ccccc2-c2ccccc2[NH+]1C.CCN=P(N=P(N(C)C)(N(C)C)N(C)C)(N(C)C)N(C)C.CCC(C)(C)O.>>Cc1cc(NC2(c3c[nH]nn3)CC(F)(F)C2)cn2c(CN(C)C)cnc12,0.81,2,Commercial,Commercial BB,FALSE,4,5.292733393,FALSE,140,205,144,Commercial,Commercial BB,9,4.923013102,FALSE,51,190,2-144,Cc1cc(Br)cn2c(CN(C)C)cnc12.NC1(c2c[nH]nn2)CC(F)(F)C1>>Cc1cc(NC2(c3c[nH]nn3)CC(F)(F)C2)cn2c(CN(C)C)cnc12,
Cc1cc(Br)cn2c(CN(C)C)cnc12,NC(c1ccc[nH]1)C(F)(F)F,Cc1cc(NC(c2ccc[nH]2)C(F)(F)F)cn2c(CN(C)C)cnc12,COc1ccc(OC)c([P+](C2CCCCC2)(C2CCCCC2)[Pd-2]2(OS(C)(=O)=O)c3ccccc3-c3ccccc3[NH+]2C)c1-c1c(C(C)C)cc(C(C)C)cc1C(C)C,CCN=P(N=P(N(C)C)(N(C)C)N(C)C)(N(C)C)N(C)C,CS(C)=O,brettphos-pd-g4,P2Et,DMSO,Cc1cc(Br)cn2c(CN(C)C)cnc12.NC(c1ccc[nH]1)C(F)(F)F.COc1ccc(OC)c([P+](C2CCCCC2)(C2CCCCC2)[Pd-2]2(OS(C)(=O)=O)c3ccccc3-c3ccccc3[NH+]2C)c1-c1c(C(C)C)cc(C(C)C)cc1C(C)C.CCN=P(N=P(N(C)C)(N(C)C)N(C)C)(N(C)C)N(C)C.CS(C)=O.>>Cc1cc(NC(c2ccc[nH]2)C(F)(F)F)cn2c(CN(C)C)cnc12,0.8,2,Commercial,Commercial BB,FALSE,4,5.292733393,FALSE,140,205,49,Commercial,Commercial BB,1,4.66398101,FALSE,27,300,Feb-49,Cc1cc(Br)cn2c(CN(C)C)cnc12.NC(c1ccc[nH]1)C(F)(F)F>>Cc1cc(NC(c2ccc[nH]2)C(F)(F)F)cn2c(CN(C)C)cnc12,
Cc1cc(C)n(-c2ccnc(Cl)n2)n1,Cc1nccn1-c1ccc(N)cc1F,Cc1cc(C)n(-c2ccnc(Nc3ccc(-n4ccnc4C)c(F)c3)n2)n1,COc1ccc(OC)c([P+](C2CCCCC2)(C2CCCCC2)[Pd-2]2(OS(C)(=O)=O)c3ccccc3-c3ccccc3[NH+]2C)c1-c1c(C(C)C)cc(C(C)C)cc1C(C)C,CCN=P(N=P(N(C)C)(N(C)C)N(C)C)(N(C)C)N(C)C,CCC(C)(C)O,brettphos-pd-g4,P2Et,t-AmOH,Cc1cc(C)n(-c2ccnc(Cl)n2)n1.Cc1nccn1-c1ccc(N)cc1F.COc1ccc(OC)c([P+](C2CCCCC2)(C2CCCCC2)[Pd-2]2(OS(C)(=O)=O)c3ccccc3-c3ccccc3[NH+]2C)c1-c1c(C(C)C)cc(C(C)C)cc1C(C)C.CCN=P(N=P(N(C)C)(N(C)C)N(C)C)(N(C)C)N(C)C.CCC(C)(C)O.>>Cc1cc(C)n(-c2ccnc(Nc3ccc(-n4ccnc4C)c(F)c3)n2)n1,0.804090909,49,Commercial,Commercial BB,FALSE,4,4.920835901,FALSE,131,294,42,Commercial,Commercial BB,6,5.089903328,FALSE,21,127,49-42,Cc1cc(C)n(-c2ccnc(Cl)n2)n1.Cc1nccn1-c1ccc(N)cc1F>>Cc1cc(C)n(-c2ccnc(Nc3ccc(-n4ccnc4C)c(F)c3)n2)n1,40
CC(C)(C)OC(=O)n1cccc1Br,Cc1cc(-n2nccc2N)ncn1,Cc1cc(-n2nccc2Nc2cccn2C(=O)OC(C)(C)C)ncn1,CC(C)c1cc(C(C)C)c(-c2ccccc2[P+](C2CCCCC2)(C2CCCCC2)[Pd-2]2(OS(C)(=O)=O)c3ccccc3-c3ccccc3[NH+]2C)c(C(C)C)c1,CCN=P(N=P(N(C)C)(N(C)C)N(C)C)(N(C)C)N(C)C,CC(=O)N(C)C,xphos-pd-g4,P2Et,DMA,CC(C)(C)OC(=O)n1cccc1Br.Cc1cc(-n2nccc2N)ncn1.CC(C)c1cc(C(C)C)c(-c2ccccc2[P+](C2CCCCC2)(C2CCCCC2)[Pd-2]2(OS(C)(=O)=O)c3ccccc3-c3ccccc3[NH+]2C)c(C(C)C)c1.CCN=P(N=P(N(C)C)(N(C)C)N(C)C)(N(C)C)N(C)C.CC(=O)N(C)C.>>Cc1cc(-n2nccc2Nc2cccn2C(=O)OC(C)(C)C)ncn1,0.85,150,Commercial,Commercial BB,FALSE,4,4.439471221,FALSE,23,88,64,Commercial,Commercial BB,6,4.934064378,FALSE,33,213,150-64,CC(C)(C)OC(=O)n1cccc1Br.Cc1cc(-n2nccc2N)ncn1>>Cc1cc(-n2nccc2Nc2cccn2C(=O)OC(C)(C)C)ncn1,0
Cc1c(Br)ccn2c(C3CC3)nnc12,Nc1ncn(C2CCCCC2)n1,Cc1c(Nc2ncn(C3CCCCC3)n2)ccn2c(C3CC3)nnc12,COc1ccc(OC)c([P+](C2CCCCC2)(C2CCCCC2)[Pd-2]2(OS(C)(=O)=O)c3ccccc3-c3ccccc3[NH+]2C)c1-c1c(C(C)C)cc(C(C)C)cc1C(C)C,CCN=P(N=P(N(C)C)(N(C)C)N(C)C)(N(C)C)N(C)C,CCC(C)(C)O,brettphos-pd-g4,P2Et,t-AmOH,Cc1c(Br)ccn2c(C3CC3)nnc12.Nc1ncn(C2CCCCC2)n1.COc1ccc(OC)c([P+](C2CCCCC2)(C2CCCCC2)[Pd-2]2(OS(C)(=O)=O)c3ccccc3-c3ccccc3[NH+]2C)c1-c1c(C(C)C)cc(C(C)C)cc1C(C)C.CCN=P(N=P(N(C)C)(N(C)C)N(C)C)(N(C)C)N(C)C.CCC(C)(C)O.>>Cc1c(Nc2ncn(C3CCCCC3)n2)ccn2c(C3CC3)nnc12,0.809473684,133,Commercial,Commercial BB,FALSE,4,5.358103429,FALSE,185,259,58,Commercial,Commercial BB,6,4.647285056,FALSE,66,119,133-58,Cc1c(Br)ccn2c(C3CC3)nnc12.Nc1ncn(C2CCCCC2)n1>>Cc1c(Nc2ncn(C3CCCCC3)n2)ccn2c(C3CC3)nnc12,0
Cc1c(Br)ccn2c(C(F)(F)F)nnc12,Nc1ncc2sc(=O)[nH]c2n1,Cc1c(Nc2ncc3sc(=O)[nH]c3n2)ccn2c(C(F)(F)F)nnc12,COc1ccc(OC)c([P+](C2CCCCC2)(C2CCCCC2)[Pd-2]2(OS(C)(=O)=O)c3ccccc3-c3ccccc3[NH+]2C)c1-c1c(C(C)C)cc(C(C)C)cc1C(C)C,CCN=P(N=P(N(C)C)(N(C)C)N(C)C)(N(C)C)N(C)C,CC(=O)N(C)C,brettphos-pd-g4,P2Et,DMA,Cc1c(Br)ccn2c(C(F)(F)F)nnc12.Nc1ncc2sc(=O)[nH]c2n1.COc1ccc(OC)c([P+](C2CCCCC2)(C2CCCCC2)[Pd-2]2(OS(C)(=O)=O)c3ccccc3-c3ccccc3[NH+]2C)c1-c1c(C(C)C)cc(C(C)C)cc1C(C)C.CCN=P(N=P(N(C)C)(N(C)C)N(C)C)(N(C)C)N(C)C.CC(=O)N(C)C.>>Cc1c(Nc2ncc3sc(=O)[nH]c3n2)ccn2c(C(F)(F)F)nnc12,0.815,142,Commercial,Commercial BB,FALSE,4,5.095302738,FALSE,185,259,147,Commercial,Commercial BB,6,5.132542174,FALSE,16,267,142-147,Cc1c(Br)ccn2c(C(F)(F)F)nnc12.Nc1ncc2sc(=O)[nH]c2n1>>Cc1c(Nc2ncc3sc(=O)[nH]c3n2)ccn2c(C(F)(F)F)nnc12,0
Cc1c(Br)ccn2c(C(F)(F)F)nnc12,Nc1cncnc1N1CCCC1,Cc1c(Nc2cncnc2N2CCCC2)ccn2c(C(F)(F)F)nnc12,CC(C)c1cc(C(C)C)c(-c2ccccc2[P+](C2CCCCC2)(C2CCCCC2)[Pd-2]2(OS(C)(=O)=O)c3ccccc3-c3ccccc3[NH+]2C)c(C(C)C)c1,CCN=P(N=P(N(C)C)(N(C)C)N(C)C)(N(C)C)N(C)C,CCC(C)(C)O,xphos-pd-g4,P2Et,t-AmOH,Cc1c(Br)ccn2c(C(F)(F)F)nnc12.Nc1cncnc1N1CCCC1.CC(C)c1cc(C(C)C)c(-c2ccccc2[P+](C2CCCCC2)(C2CCCCC2)[Pd-2]2(OS(C)(=O)=O)c3ccccc3-c3ccccc3[NH+]2C)c(C(C)C)c1.CCN=P(N=P(N(C)C)(N(C)C)N(C)C)(N(C)C)N(C)C.CCC(C)(C)O.>>Cc1c(Nc2cncnc2N2CCCC2)ccn2c(C(F)(F)F)nnc12,0.8,142,Commercial,Commercial BB,FALSE,4,5.095302738,FALSE,185,259,95,Commercial,Commercial BB,6,4.758461288,FALSE,53,54,142-95,Cc1c(Br)ccn2c(C(F)(F)F)nnc12.Nc1cncnc1N1CCCC1>>Cc1c(Nc2cncnc2N2CCCC2)ccn2c(C(F)(F)F)nnc12,25
CC(C)(C)OC(=O)n1cccc1Br,Cc1c(N)ccc2cn[nH]c12,Cc1c(Nc2cccn2C(=O)OC(C)(C)C)ccc2cn[nH]c12,C[NH+]1c2ccccc2-c2ccccc2[Pd-2]1(OS(C)(=O)=O)[P+](C(C)(C)C)(C(C)(C)C)C(C)(C)C,CCN=P(N=P(N(C)C)(N(C)C)N(C)C)(N(C)C)N(C)C,CS(C)=O,p(tbu)3-pd-g4,P2Et,DMSO,CC(C)(C)OC(=O)n1cccc1Br.Cc1c(N)ccc2cn[nH]c12.C[NH+]1c2ccccc2-c2ccccc2[Pd-2]1(OS(C)(=O)=O)[P+](C(C)(C)C)(C(C)(C)C)C(C)(C)C.CCN=P(N=P(N(C)C)(N(C)C)N(C)C)(N(C)C)N(C)C.CS(C)=O.>>Cc1c(Nc2cccn2C(=O)OC(C)(C)C)ccc2cn[nH]c12,0.82,150,Commercial,Commercial BB,FALSE,4,4.439471221,FALSE,23,88,135,Commercial,Commercial BB,6,4.983831129,FALSE,61,231,150-135,CC(C)(C)OC(=O)n1cccc1Br.Cc1c(N)ccc2cn[nH]c12>>Cc1c(Nc2cccn2C(=O)OC(C)(C)C)ccc2cn[nH]c12,0
Cn1cc2nc(Br)ccc2n1,Cc1c(N)ccc2cn[nH]c12,Cc1c(Nc2ccc3nn(C)cc3n2)ccc2cn[nH]c12,COc1ccc(OC)c([P+](C2CCCCC2)(C2CCCCC2)[Pd-2]2(OS(C)(=O)=O)c3ccccc3-c3ccccc3[NH+]2C)c1-c1c(C(C)C)cc(C(C)C)cc1C(C)C,CCN=P(N=P(N(C)C)(N(C)C)N(C)C)(N(C)C)N(C)C,CCC(C)(C)O,brettphos-pd-g4,P2Et,t-AmOH,Cn1cc2nc(Br)ccc2n1.Cc1c(N)ccc2cn[nH]c12.COc1ccc(OC)c([P+](C2CCCCC2)(C2CCCCC2)[Pd-2]2(OS(C)(=O)=O)c3ccccc3-c3ccccc3[NH+]2C)c1-c1c(C(C)C)cc(C(C)C)cc1C(C)C.CCN=P(N=P(N(C)C)(N(C)C)N(C)C)(N(C)C)N(C)C.CCC(C)(C)O.>>Cc1c(Nc2ccc3nn(C)cc3n2)ccc2cn[nH]c12,0.8725,95,Commercial,Commercial BB,FALSE,4,4.666805774,FALSE,30,235,135,Commercial,Commercial BB,6,4.983831129,FALSE,61,231,95-135,Cn1cc2nc(Br)ccc2n1.Cc1c(N)ccc2cn[nH]c12>>Cc1c(Nc2ccc3nn(C)cc3n2)ccc2cn[nH]c12,0
Cc1c(Br)ccn2c(C3CC3)nnc12,Nc1ccc2cn[nH]c2c1F,Cc1c(Nc2ccc3cn[nH]c3c2F)ccn2c(C3CC3)nnc12,CC(C)c1cc(C(C)C)c(-c2ccccc2[P+](C2CCCCC2)(C2CCCCC2)[Pd-2]2(OS(C)(=O)=O)c3ccccc3-c3ccccc3[NH+]2C)c(C(C)C)c1,CCN=P(N=P(N(C)C)(N(C)C)N(C)C)(N(C)C)N(C)C,CC(=O)N(C)C,xphos-pd-g4,P2Et,DMA,Cc1c(Br)ccn2c(C3CC3)nnc12.Nc1ccc2cn[nH]c2c1F.CC(C)c1cc(C(C)C)c(-c2ccccc2[P+](C2CCCCC2)(C2CCCCC2)[Pd-2]2(OS(C)(=O)=O)c3ccccc3-c3ccccc3[NH+]2C)c(C(C)C)c1.CCN=P(N=P(N(C)C)(N(C)C)N(C)C)(N(C)C)N(C)C.CC(=O)N(C)C.>>Cc1c(Nc2ccc3cn[nH]c3c2F)ccn2c(C3CC3)nnc12,0.804473684,133,Commercial,Commercial BB,FALSE,4,5.358103429,FALSE,185,259,137,Commercial,Commercial BB,6,5.094390182,FALSE,29,231,133-137,Cc1c(Br)ccn2c(C3CC3)nnc12.Nc1ccc2cn[nH]c2c1F>>Cc1c(Nc2ccc3cn[nH]c3c2F)ccn2c(C3CC3)nnc12,0
Cn1nnc2c(C(F)F)c(Br)ccc21,Cc1c(N)ccc2cn[nH]c12,Cc1c(Nc2ccc3c(nnn3C)c2C(F)F)ccc2cn[nH]c12,CC(C)Oc1cccc(OC(C)C)c1-c1ccccc1[P+](C1CCCCC1)(C1CCCCC1)[Pd-2]1(OS(C)(=O)=O)c2ccccc2-c2ccccc2[NH+]1C,CCN=P(N=P(N(C)C)(N(C)C)N(C)C)(N(C)C)N(C)C,CC(=O)N(C)C,ruphos-pd-g4,P2Et,DMA,Cn1nnc2c(C(F)F)c(Br)ccc21.Cc1c(N)ccc2cn[nH]c12.CC(C)Oc1cccc(OC(C)C)c1-c1ccccc1[P+](C1CCCCC1)(C1CCCCC1)[Pd-2]1(OS(C)(=O)=O)c2ccccc2-c2ccccc2[NH+]1C.CCN=P(N=P(N(C)C)(N(C)C)N(C)C)(N(C)C)N(C)C.CC(=O)N(C)C.>>Cc1c(Nc2ccc3c(nnn3C)c2C(F)F)ccc2cn[nH]c12,0.8,153,Commercial,Commercial BB,FALSE,8,5.131604485,FALSE,102,281,135,Commercial,Commercial BB,6,4.983831129,FALSE,61,231,153-135,Cn1nnc2c(C(F)F)c(Br)ccc21.Cc1c(N)ccc2cn[nH]c12>>Cc1c(Nc2ccc3c(nnn3C)c2C(F)F)ccc2cn[nH]c12,0
Cc1c(Br)ccn2c(C(F)(F)F)nnc12,Nc1ccc(-n2nccn2)cc1,Cc1c(Nc2ccc(-n3nccn3)cc2)ccn2c(C(F)(F)F)nnc12,CC(C)Oc1cccc(OC(C)C)c1-c1ccccc1[P+](C1CCCCC1)(C1CCCCC1)[Pd-2]1(OS(C)(=O)=O)c2ccccc2-c2ccccc2[NH+]1C,CCN=P(N=P(N(C)C)(N(C)C)N(C)C)(N(C)C)N(C)C,CS(C)=O,ruphos-pd-g4,P2Et,DMSO,Cc1c(Br)ccn2c(C(F)(F)F)nnc12.Nc1ccc(-n2nccn2)cc1.CC(C)Oc1cccc(OC(C)C)c1-c1ccccc1[P+](C1CCCCC1)(C1CCCCC1)[Pd-2]1(OS(C)(=O)=O)c2ccccc2-c2ccccc2[NH+]1C.CCN=P(N=P(N(C)C)(N(C)C)N(C)C)(N(C)C)N(C)C.CS(C)=O.>>Cc1c(Nc2ccc(-n3nccn3)cc2)ccn2c(C(F)(F)F)nnc12,0.865,142,Commercial,Commercial BB,FALSE,4,5.095302738,FALSE,185,259,33,Commercial,Commercial BB,6,4.326590771,FALSE,26,127,142-33,Cc1c(Br)ccn2c(C(F)(F)F)nnc12.Nc1ccc(-n2nccn2)cc1>>Cc1c(Nc2ccc(-n3nccn3)cc2)ccn2c(C(F)(F)F)nnc12,0
Cc1c(Br)ccn2c(C(F)(F)F)nnc12,Cc1nccn1-c1ccc(N)cc1F,Cc1c(Nc2ccc(-n3ccnc3C)c(F)c2)ccn2c(C(F)(F)F)nnc12,CC(C)Oc1cccc(OC(C)C)c1-c1ccccc1[P+](C1CCCCC1)(C1CCCCC1)[Pd-2]1(OS(C)(=O)=O)c2ccccc2-c2ccccc2[NH+]1C,CCN=P(N=P(N(C)C)(N(C)C)N(C)C)(N(C)C)N(C)C,CCC(C)(C)O,ruphos-pd-g4,P2Et,t-AmOH,Cc1c(Br)ccn2c(C(F)(F)F)nnc12.Cc1nccn1-c1ccc(N)cc1F.CC(C)Oc1cccc(OC(C)C)c1-c1ccccc1[P+](C1CCCCC1)(C1CCCCC1)[Pd-2]1(OS(C)(=O)=O)c2ccccc2-c2ccccc2[NH+]1C.CCN=P(N=P(N(C)C)(N(C)C)N(C)C)(N(C)C)N(C)C.CCC(C)(C)O.>>Cc1c(Nc2ccc(-n3ccnc3C)c(F)c2)ccn2c(C(F)(F)F)nnc12,0.825,142,Commercial,Commercial BB,FALSE,4,5.095302738,FALSE,185,259,42,Commercial,Commercial BB,6,5.089903328,FALSE,21,127,142-42,Cc1c(Br)ccn2c(C(F)(F)F)nnc12.Cc1nccn1-c1ccc(N)cc1F>>Cc1c(Nc2ccc(-n3ccnc3C)c(F)c2)ccn2c(C(F)(F)F)nnc12,16
Cc1c(Br)ccn2c(C(F)(F)F)nnc12,Nc1cc(F)ccc1N1CCCC1,Cc1c(Nc2cc(F)ccc2N2CCCC2)ccn2c(C(F)(F)F)nnc12,CC(C)c1cc(C(C)C)c(-c2ccccc2[P+](C2CCCCC2)(C2CCCCC2)[Pd-2]2(OS(C)(=O)=O)c3ccccc3-c3ccccc3[NH+]2C)c(C(C)C)c1,CCN=P(N=P(N(C)C)(N(C)C)N(C)C)(N(C)C)N(C)C,CCC(C)(C)O,xphos-pd-g4,P2Et,t-AmOH,Cc1c(Br)ccn2c(C(F)(F)F)nnc12.Nc1cc(F)ccc1N1CCCC1.CC(C)c1cc(C(C)C)c(-c2ccccc2[P+](C2CCCCC2)(C2CCCCC2)[Pd-2]2(OS(C)(=O)=O)c3ccccc3-c3ccccc3[NH+]2C)c(C(C)C)c1.CCN=P(N=P(N(C)C)(N(C)C)N(C)C)(N(C)C)N(C)C.CCC(C)(C)O.>>Cc1c(Nc2cc(F)ccc2N2CCCC2)ccn2c(C(F)(F)F)nnc12,0.81,142,Commercial,Commercial BB,FALSE,4,5.095302738,FALSE,185,259,48,Commercial,Commercial BB,2,4.699454297,FALSE,15,54,142-48,Cc1c(Br)ccn2c(C(F)(F)F)nnc12.Nc1cc(F)ccc1N1CCCC1>>Cc1c(Nc2cc(F)ccc2N2CCCC2)ccn2c(C(F)(F)F)nnc12,
Cc1c(Br)ccn2c(C(F)(F)F)nnc12,Nc1c(F)ccc2c1OCO2,Cc1c(Nc2c(F)ccc3c2OCO3)ccn2c(C(F)(F)F)nnc12,C[NH+]1c2ccccc2-c2ccccc2[Pd-2]1(OS(C)(=O)=O)[P+](C(C)(C)C)(C(C)(C)C)C(C)(C)C,CCN=P(N=P(N(C)C)(N(C)C)N(C)C)(N(C)C)N(C)C,CS(C)=O,p(tbu)3-pd-g4,P2Et,DMSO,Cc1c(Br)ccn2c(C(F)(F)F)nnc12.Nc1c(F)ccc2c1OCO2.C[NH+]1c2ccccc2-c2ccccc2[Pd-2]1(OS(C)(=O)=O)[P+](C(C)(C)C)(C(C)(C)C)C(C)(C)C.CCN=P(N=P(N(C)C)(N(C)C)N(C)C)(N(C)C)N(C)C.CS(C)=O.>>Cc1c(Nc2c(F)ccc3c2OCO3)ccn2c(C(F)(F)F)nnc12,0.813846154,142,Commercial,Commercial BB,FALSE,4,5.095302738,FALSE,185,259,74,Commercial,Commercial BB,2,4.649112898,FALSE,21,54,142-74,Cc1c(Br)ccn2c(C(F)(F)F)nnc12.Nc1c(F)ccc2c1OCO2>>Cc1c(Nc2c(F)ccc3c2OCO3)ccn2c(C(F)(F)F)nnc12,18
Cc1c(Br)ccn2c(C(F)(F)F)nnc12,NCC1(c2cc(=O)cc[nH]2)CCC1,Cc1c(NCC2(c3cc(=O)cc[nH]3)CCC2)ccn2c(C(F)(F)F)nnc12,CC(C)c1cc(C(C)C)c(-c2ccccc2[P+](C2CCCCC2)(C2CCCCC2)[Pd-2]2(OS(C)(=O)=O)c3ccccc3-c3ccccc3[NH+]2C)c(C(C)C)c1,CCN=P(N=P(N(C)C)(N(C)C)N(C)C)(N(C)C)N(C)C,CCC(C)(C)O,xphos-pd-g4,P2Et,t-AmOH,Cc1c(Br)ccn2c(C(F)(F)F)nnc12.NCC1(c2cc(=O)cc[nH]2)CCC1.CC(C)c1cc(C(C)C)c(-c2ccccc2[P+](C2CCCCC2)(C2CCCCC2)[Pd-2]2(OS(C)(=O)=O)c3ccccc3-c3ccccc3[NH+]2C)c(C(C)C)c1.CCN=P(N=P(N(C)C)(N(C)C)N(C)C)(N(C)C)N(C)C.CCC(C)(C)O.>>Cc1c(NCC2(c3cc(=O)cc[nH]3)CCC2)ccn2c(C(F)(F)F)nnc12,0.8408,142,Commercial,Commercial BB,FALSE,4,5.095302738,FALSE,185,259,19,Commercial,Commercial BB,1,5.053731731,FALSE,62,300,142-19,Cc1c(Br)ccn2c(C(F)(F)F)nnc12.NCC1(c2cc(=O)cc[nH]2)CCC1>>Cc1c(NCC2(c3cc(=O)cc[nH]3)CCC2)ccn2c(C(F)(F)F)nnc12,0
Cc1c(Br)ccn2c(C3CC3)nnc12,NC1CCN(c2ncccc2F)C1,Cc1c(NC2CCN(c3ncccc3F)C2)ccn2c(C3CC3)nnc12,CC(C)Oc1cccc(OC(C)C)c1-c1ccccc1[P+](C1CCCCC1)(C1CCCCC1)[Pd-2]1(OS(C)(=O)=O)c2ccccc2-c2ccccc2[NH+]1C,CCN=P(N=P(N(C)C)(N(C)C)N(C)C)(N(C)C)N(C)C,CCC(C)(C)O,ruphos-pd-g4,P2Et,t-AmOH,Cc1c(Br)ccn2c(C3CC3)nnc12.NC1CCN(c2ncccc2F)C1.CC(C)Oc1cccc(OC(C)C)c1-c1ccccc1[P+](C1CCCCC1)(C1CCCCC1)[Pd-2]1(OS(C)(=O)=O)c2ccccc2-c2ccccc2[NH+]1C.CCN=P(N=P(N(C)C)(N(C)C)N(C)C)(N(C)C)N(C)C.CCC(C)(C)O.>>Cc1c(NC2CCN(c3ncccc3F)C2)ccn2c(C3CC3)nnc12,0.839473684,133,Commercial,Commercial BB,FALSE,4,5.358103429,FALSE,185,259,53,Commercial,Commercial BB,9,5.070870804,FALSE,53,54,133-53,Cc1c(Br)ccn2c(C3CC3)nnc12.NC1CCN(c2ncccc2F)C1>>Cc1c(NC2CCN(c3ncccc3F)C2)ccn2c(C3CC3)nnc12,0
Cc1c(Br)ccn2c(C3CC3)nnc12,NC1CCN(c2ncccc2F)C1,Cc1c(NC2CCN(c3ncccc3F)C2)ccn2c(C3CC3)nnc12,COc1ccc(OC)c([P+](C2CCCCC2)(C2CCCCC2)[Pd-2]2(OS(C)(=O)=O)c3ccccc3-c3ccccc3[NH+]2C)c1-c1c(C(C)C)cc(C(C)C)cc1C(C)C,CCN=P(N=P(N(C)C)(N(C)C)N(C)C)(N(C)C)N(C)C,CS(C)=O,brettphos-pd-g4,P2Et,DMSO,Cc1c(Br)ccn2c(C3CC3)nnc12.NC1CCN(c2ncccc2F)C1.COc1ccc(OC)c([P+](C2CCCCC2)(C2CCCCC2)[Pd-2]2(OS(C)(=O)=O)c3ccccc3-c3ccccc3[NH+]2C)c1-c1c(C(C)C)cc(C(C)C)cc1C(C)C.CCN=P(N=P(N(C)C)(N(C)C)N(C)C)(N(C)C)N(C)C.CS(C)=O.>>Cc1c(NC2CCN(c3ncccc3F)C2)ccn2c(C3CC3)nnc12,0.808283208,133,Commercial,Commercial BB,FALSE,4,5.358103429,FALSE,185,259,53,Commercial,Commercial BB,9,5.070870804,FALSE,53,54,133-53,Cc1c(Br)ccn2c(C3CC3)nnc12.NC1CCN(c2ncccc2F)C1>>Cc1c(NC2CCN(c3ncccc3F)C2)ccn2c(C3CC3)nnc12,0
Cc1c(Br)ccn2c(C(F)F)nnc12,NC1CCN(c2ncccc2F)C1,Cc1c(NC2CCN(c3ncccc3F)C2)ccn2c(C(F)F)nnc12,COc1ccc(OC)c([P+](C2CCCCC2)(C2CCCCC2)[Pd-2]2(OS(C)(=O)=O)c3ccccc3-c3ccccc3[NH+]2C)c1-c1c(C(C)C)cc(C(C)C)cc1C(C)C,CCN=P(N=P(N(C)C)(N(C)C)N(C)C)(N(C)C)N(C)C,CCC(C)(C)O,brettphos-pd-g4,P2Et,t-AmOH,Cc1c(Br)ccn2c(C(F)F)nnc12.NC1CCN(c2ncccc2F)C1.COc1ccc(OC)c([P+](C2CCCCC2)(C2CCCCC2)[Pd-2]2(OS(C)(=O)=O)c3ccccc3-c3ccccc3[NH+]2C)c1-c1c(C(C)C)cc(C(C)C)cc1C(C)C.CCN=P(N=P(N(C)C)(N(C)C)N(C)C)(N(C)C)N(C)C.CCC(C)(C)O.>>Cc1c(NC2CCN(c3ncccc3F)C2)ccn2c(C(F)F)nnc12,0.808283208,156,Commercial,Commercial BB,FALSE,4,5.201117951,FALSE,185,259,53,Commercial,Commercial BB,9,5.070870804,FALSE,53,54,156-53,Cc1c(Br)ccn2c(C(F)F)nnc12.NC1CCN(c2ncccc2F)C1>>Cc1c(NC2CCN(c3ncccc3F)C2)ccn2c(C(F)F)nnc12,0
Cc1c(Br)ccn2c(C(F)(F)F)nnc12,NC1CCN(c2ncccc2F)C1,Cc1c(NC2CCN(c3ncccc3F)C2)ccn2c(C(F)(F)F)nnc12,COc1ccc(OC)c([P+](C2CCCCC2)(C2CCCCC2)[Pd-2]2(OS(C)(=O)=O)c3ccccc3-c3ccccc3[NH+]2C)c1-c1c(C(C)C)cc(C(C)C)cc1C(C)C,CCN=P(N=P(N(C)C)(N(C)C)N(C)C)(N(C)C)N(C)C,CCC(C)(C)O,brettphos-pd-g4,P2Et,t-AmOH,Cc1c(Br)ccn2c(C(F)(F)F)nnc12.NC1CCN(c2ncccc2F)C1.COc1ccc(OC)c([P+](C2CCCCC2)(C2CCCCC2)[Pd-2]2(OS(C)(=O)=O)c3ccccc3-c3ccccc3[NH+]2C)c1-c1c(C(C)C)cc(C(C)C)cc1C(C)C.CCN=P(N=P(N(C)C)(N(C)C)N(C)C)(N(C)C)N(C)C.CCC(C)(C)O.>>Cc1c(NC2CCN(c3ncccc3F)C2)ccn2c(C(F)(F)F)nnc12,0.84,142,Commercial,Commercial BB,FALSE,4,5.095302738,FALSE,185,259,53,Commercial,Commercial BB,9,5.070870804,FALSE,53,54,142-53,Cc1c(Br)ccn2c(C(F)(F)F)nnc12.NC1CCN(c2ncccc2F)C1>>Cc1c(NC2CCN(c3ncccc3F)C2)ccn2c(C(F)(F)F)nnc12,15
Cn1cc(Br)n2ncc(C#N)c12,CSc1nnc(N)[nH]1,CSc1nnc(Nc2cn(C)c3c(C#N)cnn23)[nH]1,COc1ccc(OC)c([P+](C2CCCCC2)(C2CCCCC2)[Pd-2]2(OS(C)(=O)=O)c3ccccc3-c3ccccc3[NH+]2C)c1-c1c(C(C)C)cc(C(C)C)cc1C(C)C,CCN=P(N=P(N(C)C)(N(C)C)N(C)C)(N(C)C)N(C)C,CCC(C)(C)O,brettphos-pd-g4,P2Et,t-AmOH,Cn1cc(Br)n2ncc(C#N)c12.CSc1nnc(N)[nH]1.COc1ccc(OC)c([P+](C2CCCCC2)(C2CCCCC2)[Pd-2]2(OS(C)(=O)=O)c3ccccc3-c3ccccc3[NH+]2C)c1-c1c(C(C)C)cc(C(C)C)cc1C(C)C.CCN=P(N=P(N(C)C)(N(C)C)N(C)C)(N(C)C)N(C)C.CCC(C)(C)O.>>CSc1nnc(Nc2cn(C)c3c(C#N)cnn23)[nH]1,0.813518519,94,Commercial,Commercial BB,FALSE,4,4.960917406,FALSE,35,216,76,Commercial,Commercial BB,6,4.117422087,FALSE,7,199,94-76,Cn1cc(Br)n2ncc(C#N)c12.CSc1nnc(N)[nH]1>>CSc1nnc(Nc2cn(C)c3c(C#N)cnn23)[nH]1,0
CN1CCN(c2cc(O)ccc2Br)CC1,Nc1ncn(Cc2ccncc2)n1,CN1CCN(c2cc(O)ccc2Nc2ncn(Cc3ccncc3)n2)CC1,CC(C)c1cc(C(C)C)c(-c2ccccc2[P+](C2CCCCC2)(C2CCCCC2)[Pd-2]2(OS(C)(=O)=O)c3ccccc3-c3ccccc3[NH+]2C)c(C(C)C)c1,CCN=P(N=P(N(C)C)(N(C)C)N(C)C)(N(C)C)N(C)C,CCC(C)(C)O,xphos-pd-g4,P2Et,t-AmOH,CN1CCN(c2cc(O)ccc2Br)CC1.Nc1ncn(Cc2ccncc2)n1.CC(C)c1cc(C(C)C)c(-c2ccccc2[P+](C2CCCCC2)(C2CCCCC2)[Pd-2]2(OS(C)(=O)=O)c3ccccc3-c3ccccc3[NH+]2C)c(C(C)C)c1.CCN=P(N=P(N(C)C)(N(C)C)N(C)C)(N(C)C)N(C)C.CCC(C)(C)O.>>CN1CCN(c2cc(O)ccc2Nc2ncn(Cc3ccncc3)n2)CC1,0.86,51,Commercial,Commercial BB,FALSE,7,5.021027254,FALSE,71,269,43,Commercial,Commercial BB,6,4.806959204,FALSE,66,119,51-43,CN1CCN(c2cc(O)ccc2Br)CC1.Nc1ncn(Cc2ccncc2)n1>>CN1CCN(c2cc(O)ccc2Nc2ncn(Cc3ccncc3)n2)CC1,0
CN1CCN(c2cc(O)ccc2Br)CC1,Nc1csc(N2CCCCC2)n1,CN1CCN(c2cc(O)ccc2Nc2csc(N3CCCCC3)n2)CC1,CC(C)Oc1cccc(OC(C)C)c1-c1ccccc1[P+](C1CCCCC1)(C1CCCCC1)[Pd-2]1(OS(C)(=O)=O)c2ccccc2-c2ccccc2[NH+]1C,CCN=P(N=P(N(C)C)(N(C)C)N(C)C)(N(C)C)N(C)C,CCC(C)(C)O,ruphos-pd-g4,P2Et,t-AmOH,CN1CCN(c2cc(O)ccc2Br)CC1.Nc1csc(N2CCCCC2)n1.CC(C)Oc1cccc(OC(C)C)c1-c1ccccc1[P+](C1CCCCC1)(C1CCCCC1)[Pd-2]1(OS(C)(=O)=O)c2ccccc2-c2ccccc2[NH+]1C.CCN=P(N=P(N(C)C)(N(C)C)N(C)C)(N(C)C)N(C)C.CCC(C)(C)O.>>CN1CCN(c2cc(O)ccc2Nc2csc(N3CCCCC3)n2)CC1,0.81,51,Commercial,Commercial BB,FALSE,7,5.021027254,FALSE,71,269,25,Commercial,Commercial BB,6,4.551687233,FALSE,6,54,51-25,CN1CCN(c2cc(O)ccc2Br)CC1.Nc1csc(N2CCCCC2)n1>>CN1CCN(c2cc(O)ccc2Nc2csc(N3CCCCC3)n2)CC1,27
CN1CCN(c2cc(O)ccc2Br)CC1,Nc1cncc(-c2ccn[nH]2)c1,CN1CCN(c2cc(O)ccc2Nc2cncc(-c3ccn[nH]3)c2)CC1,CC(C)Oc1cccc(OC(C)C)c1-c1ccccc1[P+](C1CCCCC1)(C1CCCCC1)[Pd-2]1(OS(C)(=O)=O)c2ccccc2-c2ccccc2[NH+]1C,CCN=P(N=P(N(C)C)(N(C)C)N(C)C)(N(C)C)N(C)C,CC(=O)N(C)C,ruphos-pd-g4,P2Et,DMA,CN1CCN(c2cc(O)ccc2Br)CC1.Nc1cncc(-c2ccn[nH]2)c1.CC(C)Oc1cccc(OC(C)C)c1-c1ccccc1[P+](C1CCCCC1)(C1CCCCC1)[Pd-2]1(OS(C)(=O)=O)c2ccccc2-c2ccccc2[NH+]1C.CCN=P(N=P(N(C)C)(N(C)C)N(C)C)(N(C)C)N(C)C.CC(=O)N(C)C.>>CN1CCN(c2cc(O)ccc2Nc2cncc(-c3ccn[nH]3)c2)CC1,0.875,51,Commercial,Commercial BB,FALSE,7,5.021027254,FALSE,71,269,96,Commercial,Commercial BB,6,4.974050209,FALSE,53,229,51-96,CN1CCN(c2cc(O)ccc2Br)CC1.Nc1cncc(-c2ccn[nH]2)c1>>CN1CCN(c2cc(O)ccc2Nc2cncc(-c3ccn[nH]3)c2)CC1,
CN1CCN(c2cc(O)ccc2Br)CC1,Nc1cncc(-c2ccn[nH]2)c1,CN1CCN(c2cc(O)ccc2Nc2cncc(-c3ccn[nH]3)c2)CC1,CC(C)c1cc(C(C)C)c(-c2ccccc2[P+](C2CCCCC2)(C2CCCCC2)[Pd-2]2(OS(C)(=O)=O)c3ccccc3-c3ccccc3[NH+]2C)c(C(C)C)c1,CCN=P(N=P(N(C)C)(N(C)C)N(C)C)(N(C)C)N(C)C,Cc1ccccc1,xphos-pd-g4,P2Et,Toluene,CN1CCN(c2cc(O)ccc2Br)CC1.Nc1cncc(-c2ccn[nH]2)c1.CC(C)c1cc(C(C)C)c(-c2ccccc2[P+](C2CCCCC2)(C2CCCCC2)[Pd-2]2(OS(C)(=O)=O)c3ccccc3-c3ccccc3[NH+]2C)c(C(C)C)c1.CCN=P(N=P(N(C)C)(N(C)C)N(C)C)(N(C)C)N(C)C.Cc1ccccc1.>>CN1CCN(c2cc(O)ccc2Nc2cncc(-c3ccn[nH]3)c2)CC1,0.835,51,Commercial,Commercial BB,FALSE,7,5.021027254,FALSE,71,269,96,Commercial,Commercial BB,6,4.974050209,FALSE,53,229,51-96,CN1CCN(c2cc(O)ccc2Br)CC1.Nc1cncc(-c2ccn[nH]2)c1>>CN1CCN(c2cc(O)ccc2Nc2cncc(-c3ccn[nH]3)c2)CC1,
CN1CCN(c2cc(O)ccc2Br)CC1,Nc1ccc(-n2nccn2)cc1,CN1CCN(c2cc(O)ccc2Nc2ccc(-n3nccn3)cc2)CC1,CC(C)Oc1cccc(OC(C)C)c1-c1ccccc1[P+](C1CCCCC1)(C1CCCCC1)[Pd-2]1(OS(C)(=O)=O)c2ccccc2-c2ccccc2[NH+]1C,CCN=P(N=P(N(C)C)(N(C)C)N(C)C)(N(C)C)N(C)C,CC(=O)N(C)C,ruphos-pd-g4,P2Et,DMA,CN1CCN(c2cc(O)ccc2Br)CC1.Nc1ccc(-n2nccn2)cc1.CC(C)Oc1cccc(OC(C)C)c1-c1ccccc1[P+](C1CCCCC1)(C1CCCCC1)[Pd-2]1(OS(C)(=O)=O)c2ccccc2-c2ccccc2[NH+]1C.CCN=P(N=P(N(C)C)(N(C)C)N(C)C)(N(C)C)N(C)C.CC(=O)N(C)C.>>CN1CCN(c2cc(O)ccc2Nc2ccc(-n3nccn3)cc2)CC1,0.909772727,51,Commercial,Commercial BB,FALSE,7,5.021027254,FALSE,71,269,33,Commercial,Commercial BB,6,4.326590771,FALSE,26,127,51-33,CN1CCN(c2cc(O)ccc2Br)CC1.Nc1ccc(-n2nccn2)cc1>>CN1CCN(c2cc(O)ccc2Nc2ccc(-n3nccn3)cc2)CC1,17
CN1CCN(c2cc(O)ccc2Br)CC1,NCc1nn[nH]c1C1CC1,CN1CCN(c2cc(O)ccc2NCc2nn[nH]c2C2CC2)CC1,CC(C)c1cc(C(C)C)c(-c2ccccc2[P+](C2CCCCC2)(C2CCCCC2)[Pd-2]2(OS(C)(=O)=O)c3ccccc3-c3ccccc3[NH+]2C)c(C(C)C)c1,CCN=P(N=P(N(C)C)(N(C)C)N(C)C)(N(C)C)N(C)C,CCC(C)(C)O,xphos-pd-g4,P2Et,t-AmOH,CN1CCN(c2cc(O)ccc2Br)CC1.NCc1nn[nH]c1C1CC1.CC(C)c1cc(C(C)C)c(-c2ccccc2[P+](C2CCCCC2)(C2CCCCC2)[Pd-2]2(OS(C)(=O)=O)c3ccccc3-c3ccccc3[NH+]2C)c(C(C)C)c1.CCN=P(N=P(N(C)C)(N(C)C)N(C)C)(N(C)C)N(C)C.CCC(C)(C)O.>>CN1CCN(c2cc(O)ccc2NCc2nn[nH]c2C2CC2)CC1,0.825,51,Commercial,Commercial BB,FALSE,7,5.021027254,FALSE,71,269,5,Commercial,Commercial BB,9,4.745884889,FALSE,51,190,51-5,CN1CCN(c2cc(O)ccc2Br)CC1.NCc1nn[nH]c1C1CC1>>CN1CCN(c2cc(O)ccc2NCc2nn[nH]c2C2CC2)CC1,0
CN1CCN(c2cc(O)ccc2Br)CC1,NC1(c2c[nH]nn2)CC(F)C1,CN1CCN(c2cc(O)ccc2NC2(c3c[nH]nn3)CC(F)C2)CC1,COc1ccc(OC)c([P+](C2CCCCC2)(C2CCCCC2)[Pd-2]2(OS(C)(=O)=O)c3ccccc3-c3ccccc3[NH+]2C)c1-c1c(C(C)C)cc(C(C)C)cc1C(C)C,CCN=P(N=P(N(C)C)(N(C)C)N(C)C)(N(C)C)N(C)C,CCC(C)(C)O,brettphos-pd-g4,P2Et,t-AmOH,CN1CCN(c2cc(O)ccc2Br)CC1.NC1(c2c[nH]nn2)CC(F)C1.COc1ccc(OC)c([P+](C2CCCCC2)(C2CCCCC2)[Pd-2]2(OS(C)(=O)=O)c3ccccc3-c3ccccc3[NH+]2C)c1-c1c(C(C)C)cc(C(C)C)cc1C(C)C.CCN=P(N=P(N(C)C)(N(C)C)N(C)C)(N(C)C)N(C)C.CCC(C)(C)O.>>CN1CCN(c2cc(O)ccc2NC2(c3c[nH]nn3)CC(F)C2)CC1,0.82,51,Commercial,Commercial BB,FALSE,7,5.021027254,FALSE,71,269,145,Commercial,Commercial BB,9,4.820815365,FALSE,51,190,51-145,CN1CCN(c2cc(O)ccc2Br)CC1.NC1(c2c[nH]nn2)CC(F)C1>>CN1CCN(c2cc(O)ccc2NC2(c3c[nH]nn3)CC(F)C2)CC1,1
CN1C(=O)C[C@@](C)(c2cc(Br)cs2)N=C1NC(=O)OC(C)(C)C,Nc1ccc2cc[nH]c2n1,CN1C(=O)C[C@@](C)(c2cc(Nc3ccc4cc[nH]c4n3)cs2)N=C1NC(=O)OC(C)(C)C,C[NH+]1c2ccccc2-c2ccccc2[Pd-2]1(OS(C)(=O)=O)[P+](C(C)(C)C)(C(C)(C)C)C(C)(C)C,CCN=P(N=P(N(C)C)(N(C)C)N(C)C)(N(C)C)N(C)C,CS(C)=O,p(tbu)3-pd-g4,P2Et,DMSO,CN1C(=O)C[C@@](C)(c2cc(Br)cs2)N=C1NC(=O)OC(C)(C)C.Nc1ccc2cc[nH]c2n1.C[NH+]1c2ccccc2-c2ccccc2[Pd-2]1(OS(C)(=O)=O)[P+](C(C)(C)C)(C(C)(C)C)C(C)(C)C.CCN=P(N=P(N(C)C)(N(C)C)N(C)C)(N(C)C)N(C)C.CS(C)=O.>>CN1C(=O)C[C@@](C)(c2cc(Nc3ccc4cc[nH]c4n3)cs2)N=C1NC(=O)OC(C)(C)C,0.835,0,Commercial,Commercial BB,TRUE,4,6.184414072,FALSE,116,58,87,Commercial,Commercial BB,6,4.899488159,FALSE,6,267,0-87,CN1C(=O)C[C@@](C)(c2cc(Br)cs2)N=C1NC(=O)OC(C)(C)C.Nc1ccc2cc[nH]c2n1>>CN1C(=O)C[C@@](C)(c2cc(Nc3ccc4cc[nH]c4n3)cs2)N=C1NC(=O)OC(C)(C)C,
Cn1nnc2c(C(F)F)c(Br)ccc21,CN(C)C(=O)Cn1cnc(N)n1,CN(C)C(=O)Cn1cnc(Nc2ccc3c(nnn3C)c2C(F)F)n1,COc1ccc(OC)c([P+](C2CCCCC2)(C2CCCCC2)[Pd-2]2(OS(C)(=O)=O)c3ccccc3-c3ccccc3[NH+]2C)c1-c1c(C(C)C)cc(C(C)C)cc1C(C)C,CCN=P(N=P(N(C)C)(N(C)C)N(C)C)(N(C)C)N(C)C,Cc1ccccc1,brettphos-pd-g4,P2Et,Toluene,Cn1nnc2c(C(F)F)c(Br)ccc21.CN(C)C(=O)Cn1cnc(N)n1.COc1ccc(OC)c([P+](C2CCCCC2)(C2CCCCC2)[Pd-2]2(OS(C)(=O)=O)c3ccccc3-c3ccccc3[NH+]2C)c1-c1c(C(C)C)cc(C(C)C)cc1C(C)C.CCN=P(N=P(N(C)C)(N(C)C)N(C)C)(N(C)C)N(C)C.Cc1ccccc1.>>CN(C)C(=O)Cn1cnc(Nc2ccc3c(nnn3C)c2C(F)F)n1,0.814636243,153,Commercial,Commercial BB,FALSE,8,5.131604485,FALSE,102,281,69,Commercial,Commercial BB,6,4.778639229,FALSE,66,119,153-69,Cn1nnc2c(C(F)F)c(Br)ccc21.CN(C)C(=O)Cn1cnc(N)n1>>CN(C)C(=O)Cn1cnc(Nc2ccc3c(nnn3C)c2C(F)F)n1,0
CCn1nnc2c(Br)cccc21,NC1CCN(c2ncccc2F)C1,CCn1nnc2c(NC3CCN(c4ncccc4F)C3)cccc21,CC(C)c1cc(C(C)C)c(-c2ccccc2[P+](C2CCCCC2)(C2CCCCC2)[Pd-2]2(OS(C)(=O)=O)c3ccccc3-c3ccccc3[NH+]2C)c(C(C)C)c1,CCN=P(N=P(N(C)C)(N(C)C)N(C)C)(N(C)C)N(C)C,CC(=O)N(C)C,xphos-pd-g4,P2Et,DMA,CCn1nnc2c(Br)cccc21.NC1CCN(c2ncccc2F)C1.CC(C)c1cc(C(C)C)c(-c2ccccc2[P+](C2CCCCC2)(C2CCCCC2)[Pd-2]2(OS(C)(=O)=O)c3ccccc3-c3ccccc3[NH+]2C)c(C(C)C)c1.CCN=P(N=P(N(C)C)(N(C)C)N(C)C)(N(C)C)N(C)C.CC(=O)N(C)C.>>CCn1nnc2c(NC3CCN(c4ncccc4F)C3)cccc21,0.805,19,Commercial,Commercial BB,FALSE,0,4.95394012,FALSE,102,281,53,Commercial,Commercial BB,9,5.070870804,FALSE,53,54,19-53,CCn1nnc2c(Br)cccc21.NC1CCN(c2ncccc2F)C1>>CCn1nnc2c(NC3CCN(c4ncccc4F)C3)cccc21,0
CCn1ncc2cc(Br)ccc21,NC1CCN(c2ncccc2F)C1,CCn1ncc2cc(NC3CCN(c4ncccc4F)C3)ccc21,CC(C)c1cc(C(C)C)c(-c2ccccc2[P+](C2CCCCC2)(C2CCCCC2)[Pd-2]2(OS(C)(=O)=O)c3ccccc3-c3ccccc3[NH+]2C)c(C(C)C)c1,CCN=P(N=P(N(C)C)(N(C)C)N(C)C)(N(C)C)N(C)C,CCC(C)(C)O,xphos-pd-g4,P2Et,t-AmOH,CCn1ncc2cc(Br)ccc21.NC1CCN(c2ncccc2F)C1.CC(C)c1cc(C(C)C)c(-c2ccccc2[P+](C2CCCCC2)(C2CCCCC2)[Pd-2]2(OS(C)(=O)=O)c3ccccc3-c3ccccc3[NH+]2C)c(C(C)C)c1.CCN=P(N=P(N(C)C)(N(C)C)N(C)C)(N(C)C)N(C)C.CCC(C)(C)O.>>CCn1ncc2cc(NC3CCN(c4ncccc4F)C3)ccc21,0.808863636,136,Commercial,Commercial BB,FALSE,0,4.713339824,FALSE,78,90,53,Commercial,Commercial BB,9,5.070870804,FALSE,53,54,136-53,CCn1ncc2cc(Br)ccc21.NC1CCN(c2ncccc2F)C1>>CCn1ncc2cc(NC3CCN(c4ncccc4F)C3)ccc21,11
CCn1ncc2cc(Br)ccc21,CNc1cc(F)cc(F)c1,CCn1ncc2cc(N(C)c3cc(F)cc(F)c3)ccc21,CC(C)c1cc(C(C)C)c(-c2ccccc2[P+](C2CCCCC2)(C2CCCCC2)[Pd-2]2(OS(C)(=O)=O)c3ccccc3-c3ccccc3[NH+]2C)c(C(C)C)c1,CCN=P(N=P(N(C)C)(N(C)C)N(C)C)(N(C)C)N(C)C,CCC(C)(C)O,xphos-pd-g4,P2Et,t-AmOH,CCn1ncc2cc(Br)ccc21.CNc1cc(F)cc(F)c1.CC(C)c1cc(C(C)C)c(-c2ccccc2[P+](C2CCCCC2)(C2CCCCC2)[Pd-2]2(OS(C)(=O)=O)c3ccccc3-c3ccccc3[NH+]2C)c(C(C)C)c1.CCN=P(N=P(N(C)C)(N(C)C)N(C)C)(N(C)C)N(C)C.CCC(C)(C)O.>>CCn1ncc2cc(N(C)c3cc(F)cc(F)c3)ccc21,0.82,136,Commercial,Commercial BB,FALSE,0,4.713339824,FALSE,78,90,115,Commercial,Commercial BB,2,3.902962806,FALSE,21,54,136-115,CCn1ncc2cc(Br)ccc21.CNc1cc(F)cc(F)c1>>CCn1ncc2cc(N(C)c3cc(F)cc(F)c3)ccc21,0
CCn1nc(Br)nc1C,Nc1ncn(Cc2ccncc2)n1,CCn1nc(Nc2ncn(Cc3ccncc3)n2)nc1C,CC(C)Oc1cccc(OC(C)C)c1-c1ccccc1[P+](C1CCCCC1)(C1CCCCC1)[Pd-2]1(OS(C)(=O)=O)c2ccccc2-c2ccccc2[NH+]1C,CCN=P(N=P(N(C)C)(N(C)C)N(C)C)(N(C)C)N(C)C,CC(=O)N(C)C,ruphos-pd-g4,P2Et,DMA,CCn1nc(Br)nc1C.Nc1ncn(Cc2ccncc2)n1.CC(C)Oc1cccc(OC(C)C)c1-c1ccccc1[P+](C1CCCCC1)(C1CCCCC1)[Pd-2]1(OS(C)(=O)=O)c2ccccc2-c2ccccc2[NH+]1C.CCN=P(N=P(N(C)C)(N(C)C)N(C)C)(N(C)C)N(C)C.CC(=O)N(C)C.>>CCn1nc(Nc2ncn(Cc3ccncc3)n2)nc1C,0.86,149,Commercial,Commercial BB,FALSE,4,4.012975116,FALSE,55,230,43,Commercial,Commercial BB,6,4.806959204,FALSE,66,119,149-43,CCn1nc(Br)nc1C.Nc1ncn(Cc2ccncc2)n1>>CCn1nc(Nc2ncn(Cc3ccncc3)n2)nc1C,0
CCn1nc(Br)nc1C,Nc1nc2ccc(F)cn2n1,CCn1nc(Nc2nc3ccc(F)cn3n2)nc1C,CC(C)c1cc(C(C)C)c(-c2ccccc2[P+](C2CCCCC2)(C2CCCCC2)[Pd-2]2(OS(C)(=O)=O)c3ccccc3-c3ccccc3[NH+]2C)c(C(C)C)c1,CCN=P(N=P(N(C)C)(N(C)C)N(C)C)(N(C)C)N(C)C,CC(=O)N(C)C,xphos-pd-g4,P2Et,DMA,CCn1nc(Br)nc1C.Nc1nc2ccc(F)cn2n1.CC(C)c1cc(C(C)C)c(-c2ccccc2[P+](C2CCCCC2)(C2CCCCC2)[Pd-2]2(OS(C)(=O)=O)c3ccccc3-c3ccccc3[NH+]2C)c(C(C)C)c1.CCN=P(N=P(N(C)C)(N(C)C)N(C)C)(N(C)C)N(C)C.CC(=O)N(C)C.>>CCn1nc(Nc2nc3ccc(F)cn3n2)nc1C,0.855,149,Commercial,Commercial BB,FALSE,4,4.012975116,FALSE,55,230,2,Commercial,Commercial BB,6,5.045854056,FALSE,29,183,149-2,CCn1nc(Br)nc1C.Nc1nc2ccc(F)cn2n1>>CCn1nc(Nc2nc3ccc(F)cn3n2)nc1C,14
CCn1nc(Br)nc1C,Nc1cccn2cncc12,CCn1nc(Nc2cccn3cncc23)nc1C,COc1ccc(OC)c([P+](C2CCCCC2)(C2CCCCC2)[Pd-2]2(OS(C)(=O)=O)c3ccccc3-c3ccccc3[NH+]2C)c1-c1c(C(C)C)cc(C(C)C)cc1C(C)C,CCN=P(N=P(N(C)C)(N(C)C)N(C)C)(N(C)C)N(C)C,CCC(C)(C)O,brettphos-pd-g4,P2Et,t-AmOH,CCn1nc(Br)nc1C.Nc1cccn2cncc12.COc1ccc(OC)c([P+](C2CCCCC2)(C2CCCCC2)[Pd-2]2(OS(C)(=O)=O)c3ccccc3-c3ccccc3[NH+]2C)c1-c1c(C(C)C)cc(C(C)C)cc1C(C)C.CCN=P(N=P(N(C)C)(N(C)C)N(C)C)(N(C)C)N(C)C.CCC(C)(C)O.>>CCn1nc(Nc2cccn3cncc23)nc1C,0.827237027,149,Commercial,Commercial BB,FALSE,4,4.012975116,FALSE,55,230,140,Commercial,Commercial BB,6,4.606124675,FALSE,61,127,149-140,CCn1nc(Br)nc1C.Nc1cccn2cncc12>>CCn1nc(Nc2cccn3cncc23)nc1C,0
CCn1nc(Br)nc1C,Nc1cccn2cncc12,CCn1nc(Nc2cccn3cncc23)nc1C,CC(C)Oc1cccc(OC(C)C)c1-c1ccccc1[P+](C1CCCCC1)(C1CCCCC1)[Pd-2]1(OS(C)(=O)=O)c2ccccc2-c2ccccc2[NH+]1C,CCN=P(N=P(N(C)C)(N(C)C)N(C)C)(N(C)C)N(C)C,CCC(C)(C)O,ruphos-pd-g4,P2Et,t-AmOH,CCn1nc(Br)nc1C.Nc1cccn2cncc12.CC(C)Oc1cccc(OC(C)C)c1-c1ccccc1[P+](C1CCCCC1)(C1CCCCC1)[Pd-2]1(OS(C)(=O)=O)c2ccccc2-c2ccccc2[NH+]1C.CCN=P(N=P(N(C)C)(N(C)C)N(C)C)(N(C)C)N(C)C.CCC(C)(C)O.>>CCn1nc(Nc2cccn3cncc23)nc1C,0.828043478,149,Commercial,Commercial BB,FALSE,4,4.012975116,FALSE,55,230,140,Commercial,Commercial BB,6,4.606124675,FALSE,61,127,149-140,CCn1nc(Br)nc1C.Nc1cccn2cncc12>>CCn1nc(Nc2cccn3cncc23)nc1C,0
CCn1nc(Br)nc1C,CC(C)Oc1cc(N)cc(F)c1,CCn1nc(Nc2cc(F)cc(OC(C)C)c2)nc1C,CC(C)c1cc(C(C)C)c(-c2ccccc2[P+](C2CCCCC2)(C2CCCCC2)[Pd-2]2(OS(C)(=O)=O)c3ccccc3-c3ccccc3[NH+]2C)c(C(C)C)c1,CCN=P(N=P(N(C)C)(N(C)C)N(C)C)(N(C)C)N(C)C,CC(=O)N(C)C,xphos-pd-g4,P2Et,DMA,CCn1nc(Br)nc1C.CC(C)Oc1cc(N)cc(F)c1.CC(C)c1cc(C(C)C)c(-c2ccccc2[P+](C2CCCCC2)(C2CCCCC2)[Pd-2]2(OS(C)(=O)=O)c3ccccc3-c3ccccc3[NH+]2C)c(C(C)C)c1.CCN=P(N=P(N(C)C)(N(C)C)N(C)C)(N(C)C)N(C)C.CC(=O)N(C)C.>>CCn1nc(Nc2cc(F)cc(OC(C)C)c2)nc1C,0.82,149,Commercial,Commercial BB,FALSE,4,4.012975116,FALSE,55,230,61,Commercial,Commercial BB,2,4.379001297,FALSE,21,44,149-61,CCn1nc(Br)nc1C.CC(C)Oc1cc(N)cc(F)c1>>CCn1nc(Nc2cc(F)cc(OC(C)C)c2)nc1C,0
CCn1nc(C)nc1Br,Nc1nccn1-c1ccccc1,CCn1nc(C)nc1Nc1nccn1-c1ccccc1,CC(C)c1cc(C(C)C)c(-c2ccccc2[P+](C2CCCCC2)(C2CCCCC2)[Pd-2]2(OS(C)(=O)=O)c3ccccc3-c3ccccc3[NH+]2C)c(C(C)C)c1,CCN=P(N=P(N(C)C)(N(C)C)N(C)C)(N(C)C)N(C)C,CCC(C)(C)O,xphos-pd-g4,P2Et,t-AmOH,CCn1nc(C)nc1Br.Nc1nccn1-c1ccccc1.CC(C)c1cc(C(C)C)c(-c2ccccc2[P+](C2CCCCC2)(C2CCCCC2)[Pd-2]2(OS(C)(=O)=O)c3ccccc3-c3ccccc3[NH+]2C)c(C(C)C)c1.CCN=P(N=P(N(C)C)(N(C)C)N(C)C)(N(C)C)N(C)C.CCC(C)(C)O.>>CCn1nc(C)nc1Nc1nccn1-c1ccccc1,0.8,155,Commercial,Commercial BB,FALSE,4,4.014932811,FALSE,55,230,83,Commercial,Commercial BB,6,4.380599312,FALSE,26,127,155-83,CCn1nc(C)nc1Br.Nc1nccn1-c1ccccc1>>CCn1nc(C)nc1Nc1nccn1-c1ccccc1,38
CCn1nc(C)nc1Br,Nc1ccc(-n2nccn2)cc1,CCn1nc(C)nc1Nc1ccc(-n2nccn2)cc1,CC(C)Oc1cccc(OC(C)C)c1-c1ccccc1[P+](C1CCCCC1)(C1CCCCC1)[Pd-2]1(OS(C)(=O)=O)c2ccccc2-c2ccccc2[NH+]1C,CCN=P(N=P(N(C)C)(N(C)C)N(C)C)(N(C)C)N(C)C,CC(=O)N(C)C,ruphos-pd-g4,P2Et,DMA,CCn1nc(C)nc1Br.Nc1ccc(-n2nccn2)cc1.CC(C)Oc1cccc(OC(C)C)c1-c1ccccc1[P+](C1CCCCC1)(C1CCCCC1)[Pd-2]1(OS(C)(=O)=O)c2ccccc2-c2ccccc2[NH+]1C.CCN=P(N=P(N(C)C)(N(C)C)N(C)C)(N(C)C)N(C)C.CC(=O)N(C)C.>>CCn1nc(C)nc1Nc1ccc(-n2nccn2)cc1,0.83,155,Commercial,Commercial BB,FALSE,4,4.014932811,FALSE,55,230,33,Commercial,Commercial BB,6,4.326590771,FALSE,26,127,155-33,CCn1nc(C)nc1Br.Nc1ccc(-n2nccn2)cc1>>CCn1nc(C)nc1Nc1ccc(-n2nccn2)cc1,0
CCn1nc(C)nc1Br,CC(C)Oc1cc(N)cc(F)c1,CCn1nc(C)nc1Nc1cc(F)cc(OC(C)C)c1,CC(C)c1cc(C(C)C)c(-c2ccccc2[P+](C2CCCCC2)(C2CCCCC2)[Pd-2]2(OS(C)(=O)=O)c3ccccc3-c3ccccc3[NH+]2C)c(C(C)C)c1,CCN=P(N=P(N(C)C)(N(C)C)N(C)C)(N(C)C)N(C)C,CC(=O)N(C)C,xphos-pd-g4,P2Et,DMA,CCn1nc(C)nc1Br.CC(C)Oc1cc(N)cc(F)c1.CC(C)c1cc(C(C)C)c(-c2ccccc2[P+](C2CCCCC2)(C2CCCCC2)[Pd-2]2(OS(C)(=O)=O)c3ccccc3-c3ccccc3[NH+]2C)c(C(C)C)c1.CCN=P(N=P(N(C)C)(N(C)C)N(C)C)(N(C)C)N(C)C.CC(=O)N(C)C.>>CCn1nc(C)nc1Nc1cc(F)cc(OC(C)C)c1,0.835,155,Commercial,Commercial BB,FALSE,4,4.014932811,FALSE,55,230,61,Commercial,Commercial BB,2,4.379001297,FALSE,21,44,155-61,CCn1nc(C)nc1Br.CC(C)Oc1cc(N)cc(F)c1>>CCn1nc(C)nc1Nc1cc(F)cc(OC(C)C)c1,0
CCc1nnc2c(C)c(Br)ccn12,Cc1cc(-n2nccc2N)ncn1,CCc1nnc2c(C)c(Nc3ccnn3-c3cc(C)ncn3)ccn12,CC(C)c1cc(C(C)C)c(-c2ccccc2[P+](C2CCCCC2)(C2CCCCC2)[Pd-2]2(OS(C)(=O)=O)c3ccccc3-c3ccccc3[NH+]2C)c(C(C)C)c1,CCN=P(N=P(N(C)C)(N(C)C)N(C)C)(N(C)C)N(C)C,CCC(C)(C)O,xphos-pd-g4,P2Et,t-AmOH,CCc1nnc2c(C)c(Br)ccn12.Cc1cc(-n2nccc2N)ncn1.CC(C)c1cc(C(C)C)c(-c2ccccc2[P+](C2CCCCC2)(C2CCCCC2)[Pd-2]2(OS(C)(=O)=O)c3ccccc3-c3ccccc3[NH+]2C)c(C(C)C)c1.CCN=P(N=P(N(C)C)(N(C)C)N(C)C)(N(C)C)N(C)C.CCC(C)(C)O.>>CCc1nnc2c(C)c(Nc3ccnn3-c3cc(C)ncn3)ccn12,0.83,119,Commercial,Commercial BB,FALSE,4,5.134657825,FALSE,185,259,64,Commercial,Commercial BB,6,4.934064378,FALSE,33,213,119-64,CCc1nnc2c(C)c(Br)ccn12.Cc1cc(-n2nccc2N)ncn1>>CCc1nnc2c(C)c(Nc3ccnn3-c3cc(C)ncn3)ccn12,0
CCc1nnc2c(C)c(Br)ccn12,Nc1cc(F)cc2c1OCCC2,CCc1nnc2c(C)c(Nc3cc(F)cc4c3OCCC4)ccn12,CC(C)Oc1cccc(OC(C)C)c1-c1ccccc1[P+](C1CCCCC1)(C1CCCCC1)[Pd-2]1(OS(C)(=O)=O)c2ccccc2-c2ccccc2[NH+]1C,CCN=P(N=P(N(C)C)(N(C)C)N(C)C)(N(C)C)N(C)C,CS(C)=O,ruphos-pd-g4,P2Et,DMSO,CCc1nnc2c(C)c(Br)ccn12.Nc1cc(F)cc2c1OCCC2.CC(C)Oc1cccc(OC(C)C)c1-c1ccccc1[P+](C1CCCCC1)(C1CCCCC1)[Pd-2]1(OS(C)(=O)=O)c2ccccc2-c2ccccc2[NH+]1C.CCN=P(N=P(N(C)C)(N(C)C)N(C)C)(N(C)C)N(C)C.CS(C)=O.>>CCc1nnc2c(C)c(Nc3cc(F)cc4c3OCCC4)ccn12,0.834473684,119,Commercial,Commercial BB,FALSE,4,5.134657825,FALSE,185,259,114,Commercial,Commercial BB,2,5.083562386,FALSE,56,54,119-114,CCc1nnc2c(C)c(Br)ccn12.Nc1cc(F)cc2c1OCCC2>>CCc1nnc2c(C)c(Nc3cc(F)cc4c3OCCC4)ccn12,0
CCc1nnc2c(C)c(Br)ccn12,NC1CCCN(c2cccc(F)c2)C1,CCc1nnc2c(C)c(NC3CCCN(c4cccc(F)c4)C3)ccn12,CC(C)Oc1cccc(OC(C)C)c1-c1ccccc1[P+](C1CCCCC1)(C1CCCCC1)[Pd-2]1(OS(C)(=O)=O)c2ccccc2-c2ccccc2[NH+]1C,CCN=P(N=P(N(C)C)(N(C)C)N(C)C)(N(C)C)N(C)C,CC(=O)N(C)C,ruphos-pd-g4,P2Et,DMA,CCc1nnc2c(C)c(Br)ccn12.NC1CCCN(c2cccc(F)c2)C1.CC(C)Oc1cccc(OC(C)C)c1-c1ccccc1[P+](C1CCCCC1)(C1CCCCC1)[Pd-2]1(OS(C)(=O)=O)c2ccccc2-c2ccccc2[NH+]1C.CCN=P(N=P(N(C)C)(N(C)C)N(C)C)(N(C)C)N(C)C.CC(=O)N(C)C.>>CCc1nnc2c(C)c(NC3CCCN(c4cccc(F)c4)C3)ccn12,0.809259259,119,Commercial,Commercial BB,FALSE,4,5.134657825,FALSE,185,259,1,Commercial,Commercial BB,5,5.10815949,FALSE,17,54,119-1,CCc1nnc2c(C)c(Br)ccn12.NC1CCCN(c2cccc(F)c2)C1>>CCc1nnc2c(C)c(NC3CCCN(c4cccc(F)c4)C3)ccn12,68
CCc1cc(Br)cn2cc(C)nc12,CC(C)(CN)c1cc(=O)cc[nH]1,CCc1cc(NCC(C)(C)c2cc(=O)cc[nH]2)cn2cc(C)nc12,CC(C)Oc1cccc(OC(C)C)c1-c1ccccc1[P+](C1CCCCC1)(C1CCCCC1)[Pd-2]1(OS(C)(=O)=O)c2ccccc2-c2ccccc2[NH+]1C,CCN=P(N=P(N(C)C)(N(C)C)N(C)C)(N(C)C)N(C)C,CS(C)=O,ruphos-pd-g4,P2Et,DMSO,CCc1cc(Br)cn2cc(C)nc12.CC(C)(CN)c1cc(=O)cc[nH]1.CC(C)Oc1cccc(OC(C)C)c1-c1ccccc1[P+](C1CCCCC1)(C1CCCCC1)[Pd-2]1(OS(C)(=O)=O)c2ccccc2-c2ccccc2[NH+]1C.CCN=P(N=P(N(C)C)(N(C)C)N(C)C)(N(C)C)N(C)C.CS(C)=O.>>CCc1cc(NCC(C)(C)c2cc(=O)cc[nH]2)cn2cc(C)nc12,0.82,115,Commercial,Commercial BB,FALSE,4,4.984689926,FALSE,140,205,12,Commercial,Commercial BB,9,4.974037475,FALSE,3,300,115-12,CCc1cc(Br)cn2cc(C)nc12.CC(C)(CN)c1cc(=O)cc[nH]1>>CCc1cc(NCC(C)(C)c2cc(=O)cc[nH]2)cn2cc(C)nc12,38
CC(C)(C)OC(=O)n1cccc1Br,CCOc1cc2c(cc1N)OC(C)C2,CCOc1cc2c(cc1Nc1cccn1C(=O)OC(C)(C)C)OC(C)C2,CC(C)c1cc(C(C)C)c(-c2ccccc2[P+](C2CCCCC2)(C2CCCCC2)[Pd-2]2(OS(C)(=O)=O)c3ccccc3-c3ccccc3[NH+]2C)c(C(C)C)c1,CCN=P(N=P(N(C)C)(N(C)C)N(C)C)(N(C)C)N(C)C,CC(=O)N(C)C,xphos-pd-g4,P2Et,DMA,CC(C)(C)OC(=O)n1cccc1Br.CCOc1cc2c(cc1N)OC(C)C2.CC(C)c1cc(C(C)C)c(-c2ccccc2[P+](C2CCCCC2)(C2CCCCC2)[Pd-2]2(OS(C)(=O)=O)c3ccccc3-c3ccccc3[NH+]2C)c(C(C)C)c1.CCN=P(N=P(N(C)C)(N(C)C)N(C)C)(N(C)C)N(C)C.CC(=O)N(C)C.>>CCOc1cc2c(cc1Nc1cccn1C(=O)OC(C)(C)C)OC(C)C2,0.844285714,150,Commercial,Commercial BB,FALSE,4,4.439471221,FALSE,23,88,126,Commercial,Commercial BB,5,5.102781708,FALSE,7,44,150-126,CC(C)(C)OC(=O)n1cccc1Br.CCOc1cc2c(cc1N)OC(C)C2>>CCOc1cc2c(cc1Nc1cccn1C(=O)OC(C)(C)C)OC(C)C2,3
Cc1cnn2cc(Br)cnc12,CCOc1cc(O)ccc1N,CCOc1cc(O)ccc1Nc1cnc2c(C)cnn2c1,C[NH+]1c2ccccc2-c2ccccc2[Pd-2]1(OS(C)(=O)=O)[P+](C(C)(C)C)(C(C)(C)C)C(C)(C)C,CCN=P(N=P(N(C)C)(N(C)C)N(C)C)(N(C)C)N(C)C,CS(C)=O,p(tbu)3-pd-g4,P2Et,DMSO,Cc1cnn2cc(Br)cnc12.CCOc1cc(O)ccc1N.C[NH+]1c2ccccc2-c2ccccc2[Pd-2]1(OS(C)(=O)=O)[P+](C(C)(C)C)(C(C)(C)C)C(C)(C)C.CCN=P(N=P(N(C)C)(N(C)C)N(C)C)(N(C)C)N(C)C.CS(C)=O.>>CCOc1cc(O)ccc1Nc1cnc2c(C)cnn2c1,0.803863636,30,Commercial,Commercial BB,FALSE,4,4.797620516,FALSE,130,216,60,Commercial,Commercial BB,2,4.475018115,FALSE,7,44,30-60,Cc1cnn2cc(Br)cnc12.CCOc1cc(O)ccc1N>>CCOc1cc(O)ccc1Nc1cnc2c(C)cnn2c1,0
CC(C)(C)OC(=O)n1cccc1Br,CCOc1cc(O)ccc1N,CCOc1cc(O)ccc1Nc1cccn1C(=O)OC(C)(C)C,CC(C)c1cc(C(C)C)c(-c2ccccc2[P+](C2CCCCC2)(C2CCCCC2)[Pd-2]2(OS(C)(=O)=O)c3ccccc3-c3ccccc3[NH+]2C)c(C(C)C)c1,CCN=P(N=P(N(C)C)(N(C)C)N(C)C)(N(C)C)N(C)C,CC(=O)N(C)C,xphos-pd-g4,P2Et,DMA,CC(C)(C)OC(=O)n1cccc1Br.CCOc1cc(O)ccc1N.CC(C)c1cc(C(C)C)c(-c2ccccc2[P+](C2CCCCC2)(C2CCCCC2)[Pd-2]2(OS(C)(=O)=O)c3ccccc3-c3ccccc3[NH+]2C)c(C(C)C)c1.CCN=P(N=P(N(C)C)(N(C)C)N(C)C)(N(C)C)N(C)C.CC(=O)N(C)C.>>CCOc1cc(O)ccc1Nc1cccn1C(=O)OC(C)(C)C,0.868448276,150,Commercial,Commercial BB,FALSE,4,4.439471221,FALSE,23,88,60,Commercial,Commercial BB,2,4.475018115,FALSE,7,44,150-60,CC(C)(C)OC(=O)n1cccc1Br.CCOc1cc(O)ccc1N>>CCOc1cc(O)ccc1Nc1cccn1C(=O)OC(C)(C)C,0
CCCn1ncnc1Br,Nc1ncnn1-c1ncccn1,CCCn1ncnc1Nc1ncnn1-c1ncccn1,CC(C)c1cc(C(C)C)c(-c2ccccc2[P+](C2CCCCC2)(C2CCCCC2)[Pd-2]2(OS(C)(=O)=O)c3ccccc3-c3ccccc3[NH+]2C)c(C(C)C)c1,CCN=P(N=P(N(C)C)(N(C)C)N(C)C)(N(C)C)N(C)C,CCC(C)(C)O,xphos-pd-g4,P2Et,t-AmOH,CCCn1ncnc1Br.Nc1ncnn1-c1ncccn1.CC(C)c1cc(C(C)C)c(-c2ccccc2[P+](C2CCCCC2)(C2CCCCC2)[Pd-2]2(OS(C)(=O)=O)c3ccccc3-c3ccccc3[NH+]2C)c(C(C)C)c1.CCN=P(N=P(N(C)C)(N(C)C)N(C)C)(N(C)C)N(C)C.CCC(C)(C)O.>>CCCn1ncnc1Nc1ncnn1-c1ncccn1,0.815357143,79,Commercial,Commercial BB,FALSE,4,4.367674534,FALSE,55,230,129,Commercial,Commercial BB,6,4.668322032,FALSE,66,119,79-129,CCCn1ncnc1Br.Nc1ncnn1-c1ncccn1>>CCCn1ncnc1Nc1ncnn1-c1ncccn1,0
CCCn1ncnc1Br,Nc1cncc(-c2ccn[nH]2)c1,CCCn1ncnc1Nc1cncc(-c2ccn[nH]2)c1,COc1ccc(OC)c([P+](C2CCCCC2)(C2CCCCC2)[Pd-2]2(OS(C)(=O)=O)c3ccccc3-c3ccccc3[NH+]2C)c1-c1c(C(C)C)cc(C(C)C)cc1C(C)C,CCN=P(N=P(N(C)C)(N(C)C)N(C)C)(N(C)C)N(C)C,CCC(C)(C)O,brettphos-pd-g4,P2Et,t-AmOH,CCCn1ncnc1Br.Nc1cncc(-c2ccn[nH]2)c1.COc1ccc(OC)c([P+](C2CCCCC2)(C2CCCCC2)[Pd-2]2(OS(C)(=O)=O)c3ccccc3-c3ccccc3[NH+]2C)c1-c1c(C(C)C)cc(C(C)C)cc1C(C)C.CCN=P(N=P(N(C)C)(N(C)C)N(C)C)(N(C)C)N(C)C.CCC(C)(C)O.>>CCCn1ncnc1Nc1cncc(-c2ccn[nH]2)c1,0.853888889,79,Commercial,Commercial BB,FALSE,4,4.367674534,FALSE,55,230,96,Commercial,Commercial BB,6,4.974050209,FALSE,53,229,79-96,CCCn1ncnc1Br.Nc1cncc(-c2ccn[nH]2)c1>>CCCn1ncnc1Nc1cncc(-c2ccn[nH]2)c1,
CCCn1ncnc1Br,Nc1cccn2cncc12,CCCn1ncnc1Nc1cccn2cncc12,CC(C)Oc1cccc(OC(C)C)c1-c1ccccc1[P+](C1CCCCC1)(C1CCCCC1)[Pd-2]1(OS(C)(=O)=O)c2ccccc2-c2ccccc2[NH+]1C,CCN=P(N=P(N(C)C)(N(C)C)N(C)C)(N(C)C)N(C)C,CCC(C)(C)O,ruphos-pd-g4,P2Et,t-AmOH,CCCn1ncnc1Br.Nc1cccn2cncc12.CC(C)Oc1cccc(OC(C)C)c1-c1ccccc1[P+](C1CCCCC1)(C1CCCCC1)[Pd-2]1(OS(C)(=O)=O)c2ccccc2-c2ccccc2[NH+]1C.CCN=P(N=P(N(C)C)(N(C)C)N(C)C)(N(C)C)N(C)C.CCC(C)(C)O.>>CCCn1ncnc1Nc1cccn2cncc12,0.8,79,Commercial,Commercial BB,FALSE,4,4.367674534,FALSE,55,230,140,Commercial,Commercial BB,6,4.606124675,FALSE,61,127,79-140,CCCn1ncnc1Br.Nc1cccn2cncc12>>CCCn1ncnc1Nc1cccn2cncc12,0
CCCn1ncnc1Br,Nc1cc(F)cc(F)c1F,CCCn1ncnc1Nc1cc(F)cc(F)c1F,COc1ccc(OC)c([P+](C2CCCCC2)(C2CCCCC2)[Pd-2]2(OS(C)(=O)=O)c3ccccc3-c3ccccc3[NH+]2C)c1-c1c(C(C)C)cc(C(C)C)cc1C(C)C,CCN=P(N=P(N(C)C)(N(C)C)N(C)C)(N(C)C)N(C)C,CCC(C)(C)O,brettphos-pd-g4,P2Et,t-AmOH,CCCn1ncnc1Br.Nc1cc(F)cc(F)c1F.COc1ccc(OC)c([P+](C2CCCCC2)(C2CCCCC2)[Pd-2]2(OS(C)(=O)=O)c3ccccc3-c3ccccc3[NH+]2C)c1-c1c(C(C)C)cc(C(C)C)cc1C(C)C.CCN=P(N=P(N(C)C)(N(C)C)N(C)C)(N(C)C)N(C)C.CCC(C)(C)O.>>CCCn1ncnc1Nc1cc(F)cc(F)c1F,0.823888889,79,Commercial,Commercial BB,FALSE,4,4.367674534,FALSE,55,230,98,Commercial,Commercial BB,2,3.982673737,FALSE,21,54,79-98,CCCn1ncnc1Br.Nc1cc(F)cc(F)c1F>>CCCn1ncnc1Nc1cc(F)cc(F)c1F,0
CCCn1ncnc1Br,CC(C)(CN)c1cc(=O)cc[nH]1,CCCn1ncnc1NCC(C)(C)c1cc(=O)cc[nH]1,COc1ccc(OC)c([P+](C2CCCCC2)(C2CCCCC2)[Pd-2]2(OS(C)(=O)=O)c3ccccc3-c3ccccc3[NH+]2C)c1-c1c(C(C)C)cc(C(C)C)cc1C(C)C,CCN=P(N=P(N(C)C)(N(C)C)N(C)C)(N(C)C)N(C)C,Cc1ccccc1,brettphos-pd-g4,P2Et,Toluene,CCCn1ncnc1Br.CC(C)(CN)c1cc(=O)cc[nH]1.COc1ccc(OC)c([P+](C2CCCCC2)(C2CCCCC2)[Pd-2]2(OS(C)(=O)=O)c3ccccc3-c3ccccc3[NH+]2C)c1-c1c(C(C)C)cc(C(C)C)cc1C(C)C.CCN=P(N=P(N(C)C)(N(C)C)N(C)C)(N(C)C)N(C)C.Cc1ccccc1.>>CCCn1ncnc1NCC(C)(C)c1cc(=O)cc[nH]1,0.804,79,Commercial,Commercial BB,FALSE,4,4.367674534,FALSE,55,230,12,Commercial,Commercial BB,9,4.974037475,FALSE,3,300,79-12,CCCn1ncnc1Br.CC(C)(CN)c1cc(=O)cc[nH]1>>CCCn1ncnc1NCC(C)(C)c1cc(=O)cc[nH]1,0
CCCn1cc2cc(Br)ccc2n1,Nc1ncn(Cc2ccncc2)n1,CCCn1cc2cc(Nc3ncn(Cc4ccncc4)n3)ccc2n1,CC(C)c1cc(C(C)C)c(-c2ccccc2[P+](C2CCCCC2)(C2CCCCC2)[Pd-2]2(OS(C)(=O)=O)c3ccccc3-c3ccccc3[NH+]2C)c(C(C)C)c1,CCN=P(N=P(N(C)C)(N(C)C)N(C)C)(N(C)C)N(C)C,CCC(C)(C)O,xphos-pd-g4,P2Et,t-AmOH,CCCn1cc2cc(Br)ccc2n1.Nc1ncn(Cc2ccncc2)n1.CC(C)c1cc(C(C)C)c(-c2ccccc2[P+](C2CCCCC2)(C2CCCCC2)[Pd-2]2(OS(C)(=O)=O)c3ccccc3-c3ccccc3[NH+]2C)c(C(C)C)c1.CCN=P(N=P(N(C)C)(N(C)C)N(C)C)(N(C)C)N(C)C.CCC(C)(C)O.>>CCCn1cc2cc(Nc3ncn(Cc4ccncc4)n3)ccc2n1,0.83,147,Commercial,Commercial BB,FALSE,0,4.953739924,FALSE,78,90,43,Commercial,Commercial BB,6,4.806959204,FALSE,66,119,147-43,CCCn1cc2cc(Br)ccc2n1.Nc1ncn(Cc2ccncc2)n1>>CCCn1cc2cc(Nc3ncn(Cc4ccncc4)n3)ccc2n1,0
CCCn1cc2cc(Br)ccc2n1,Nc1cnc(-n2ccnc2)nc1,CCCn1cc2cc(Nc3cnc(-n4ccnc4)nc3)ccc2n1,CC(C)c1cc(C(C)C)c(-c2ccccc2[P+](C2CCCCC2)(C2CCCCC2)[Pd-2]2(OS(C)(=O)=O)c3ccccc3-c3ccccc3[NH+]2C)c(C(C)C)c1,CCN=P(N=P(N(C)C)(N(C)C)N(C)C)(N(C)C)N(C)C,CC(=O)N(C)C,xphos-pd-g4,P2Et,DMA,CCCn1cc2cc(Br)ccc2n1.Nc1cnc(-n2ccnc2)nc1.CC(C)c1cc(C(C)C)c(-c2ccccc2[P+](C2CCCCC2)(C2CCCCC2)[Pd-2]2(OS(C)(=O)=O)c3ccccc3-c3ccccc3[NH+]2C)c(C(C)C)c1.CCN=P(N=P(N(C)C)(N(C)C)N(C)C)(N(C)C)N(C)C.CC(=O)N(C)C.>>CCCn1cc2cc(Nc3cnc(-n4ccnc4)nc3)ccc2n1,0.81,147,Commercial,Commercial BB,FALSE,0,4.953739924,FALSE,78,90,139,Commercial,Commercial BB,6,4.635435208,FALSE,61,127,147-139,CCCn1cc2cc(Br)ccc2n1.Nc1cnc(-n2ccnc2)nc1>>CCCn1cc2cc(Nc3cnc(-n4ccnc4)nc3)ccc2n1,0
CCC(C)c1cn2cccc(Br)c2n1,Nc1cccn2cncc12,CCC(C)c1cn2cccc(Nc3cccn4cncc34)c2n1,CC(C)c1cc(C(C)C)c(-c2ccccc2[P+](C2CCCCC2)(C2CCCCC2)[Pd-2]2(OS(C)(=O)=O)c3ccccc3-c3ccccc3[NH+]2C)c(C(C)C)c1,CCN=P(N=P(N(C)C)(N(C)C)N(C)C)(N(C)C)N(C)C,CC(=O)N(C)C,xphos-pd-g4,P2Et,DMA,CCC(C)c1cn2cccc(Br)c2n1.Nc1cccn2cncc12.CC(C)c1cc(C(C)C)c(-c2ccccc2[P+](C2CCCCC2)(C2CCCCC2)[Pd-2]2(OS(C)(=O)=O)c3ccccc3-c3ccccc3[NH+]2C)c(C(C)C)c1.CCN=P(N=P(N(C)C)(N(C)C)N(C)C)(N(C)C)N(C)C.CC(=O)N(C)C.>>CCC(C)c1cn2cccc(Nc3cccn4cncc34)c2n1,0.868043478,18,Commercial,Commercial BB,FALSE,4,4.933282536,FALSE,174,205,140,Commercial,Commercial BB,6,4.606124675,FALSE,61,127,18-140,CCC(C)c1cn2cccc(Br)c2n1.Nc1cccn2cncc12>>CCC(C)c1cn2cccc(Nc3cccn4cncc34)c2n1,0
CCC(C)c1cn2cccc(Br)c2n1,Cc1c(N)cccc1-n1cnnn1,CCC(C)c1cn2cccc(Nc3cccc(-n4cnnn4)c3C)c2n1,CC(C)c1cc(C(C)C)c(-c2ccccc2[P+](C2CCCCC2)(C2CCCCC2)[Pd-2]2(OS(C)(=O)=O)c3ccccc3-c3ccccc3[NH+]2C)c(C(C)C)c1,CCN=P(N=P(N(C)C)(N(C)C)N(C)C)(N(C)C)N(C)C,CCC(C)(C)O,xphos-pd-g4,P2Et,t-AmOH,CCC(C)c1cn2cccc(Br)c2n1.Cc1c(N)cccc1-n1cnnn1.CC(C)c1cc(C(C)C)c(-c2ccccc2[P+](C2CCCCC2)(C2CCCCC2)[Pd-2]2(OS(C)(=O)=O)c3ccccc3-c3ccccc3[NH+]2C)c(C(C)C)c1.CCN=P(N=P(N(C)C)(N(C)C)N(C)C)(N(C)C)N(C)C.CCC(C)(C)O.>>CCC(C)c1cn2cccc(Nc3cccc(-n4cnnn4)c3C)c2n1,0.813043478,18,Commercial,Commercial BB,FALSE,4,4.933282536,FALSE,174,205,39,Commercial,Commercial BB,2,5.06852425,FALSE,26,92,18-39,CCC(C)c1cn2cccc(Br)c2n1.Cc1c(N)cccc1-n1cnnn1>>CCC(C)c1cn2cccc(Nc3cccc(-n4cnnn4)c3C)c2n1,0
CCC(C)c1cn2cccc(Br)c2n1,CC(C)Oc1cc(N)cc(F)c1,CCC(C)c1cn2cccc(Nc3cc(F)cc(OC(C)C)c3)c2n1,CC(C)c1cc(C(C)C)c(-c2ccccc2[P+](C2CCCCC2)(C2CCCCC2)[Pd-2]2(OS(C)(=O)=O)c3ccccc3-c3ccccc3[NH+]2C)c(C(C)C)c1,CCN=P(N=P(N(C)C)(N(C)C)N(C)C)(N(C)C)N(C)C,CCC(C)(C)O,xphos-pd-g4,P2Et,t-AmOH,CCC(C)c1cn2cccc(Br)c2n1.CC(C)Oc1cc(N)cc(F)c1.CC(C)c1cc(C(C)C)c(-c2ccccc2[P+](C2CCCCC2)(C2CCCCC2)[Pd-2]2(OS(C)(=O)=O)c3ccccc3-c3ccccc3[NH+]2C)c(C(C)C)c1.CCN=P(N=P(N(C)C)(N(C)C)N(C)C)(N(C)C)N(C)C.CCC(C)(C)O.>>CCC(C)c1cn2cccc(Nc3cc(F)cc(OC(C)C)c3)c2n1,0.813043478,18,Commercial,Commercial BB,FALSE,4,4.933282536,FALSE,174,205,61,Commercial,Commercial BB,2,4.379001297,FALSE,21,44,18-61,CCC(C)c1cn2cccc(Br)c2n1.CC(C)Oc1cc(N)cc(F)c1>>CCC(C)c1cn2cccc(Nc3cc(F)cc(OC(C)C)c3)c2n1,0
Brc1cnc2c(C3CC3)cnn2c1,CC1CNC(C)(C)C(C(F)(F)F)O1,CC1CN(c2cnc3c(C4CC4)cnn3c2)C(C)(C)C(C(F)(F)F)O1,CC(C)c1cc(C(C)C)c(-c2ccccc2[P+](C2CCCCC2)(C2CCCCC2)[Pd-2]2(OS(C)(=O)=O)c3ccccc3-c3ccccc3[NH+]2C)c(C(C)C)c1,CCN=P(N=P(N(C)C)(N(C)C)N(C)C)(N(C)C)N(C)C,CC(=O)N(C)C,xphos-pd-g4,P2Et,DMA,Brc1cnc2c(C3CC3)cnn2c1.CC1CNC(C)(C)C(C(F)(F)F)O1.CC(C)c1cc(C(C)C)c(-c2ccccc2[P+](C2CCCCC2)(C2CCCCC2)[Pd-2]2(OS(C)(=O)=O)c3ccccc3-c3ccccc3[NH+]2C)c(C(C)C)c1.CCN=P(N=P(N(C)C)(N(C)C)N(C)C)(N(C)C)N(C)C.CC(=O)N(C)C.>>CC1CN(c2cnc3c(C4CC4)cnn3c2)C(C)(C)C(C(F)(F)F)O1,0.815,10,Commercial,Commercial BB,FALSE,4,5.176346448,FALSE,130,216,63,Commercial,Commercial BB,0,4.311638051,FALSE,35,62,Oct-63,Brc1cnc2c(C3CC3)cnn2c1.CC1CNC(C)(C)C(C(F)(F)F)O1>>CC1CN(c2cnc3c(C4CC4)cnn3c2)C(C)(C)C(C(F)(F)F)O1,0
CC1CCn2cc(Br)cc2C(=O)N1,Nc1ncn(C2CCCCC2)n1,CC1CCn2cc(Nc3ncn(C4CCCCC4)n3)cc2C(=O)N1,CC(C)c1cc(C(C)C)c(-c2ccccc2[P+](C2CCCCC2)(C2CCCCC2)[Pd-2]2(OS(C)(=O)=O)c3ccccc3-c3ccccc3[NH+]2C)c(C(C)C)c1,CCN=P(N=P(N(C)C)(N(C)C)N(C)C)(N(C)C)N(C)C,Cc1ccccc1,xphos-pd-g4,P2Et,Toluene,CC1CCn2cc(Br)cc2C(=O)N1.Nc1ncn(C2CCCCC2)n1.CC(C)c1cc(C(C)C)c(-c2ccccc2[P+](C2CCCCC2)(C2CCCCC2)[Pd-2]2(OS(C)(=O)=O)c3ccccc3-c3ccccc3[NH+]2C)c(C(C)C)c1.CCN=P(N=P(N(C)C)(N(C)C)N(C)C)(N(C)C)N(C)C.Cc1ccccc1.>>CC1CCn2cc(Nc3ncn(C4CCCCC4)n3)cc2C(=O)N1,0.83,39,Commercial,Commercial BB,FALSE,4,5.438564372,FALSE,156,201,58,Commercial,Commercial BB,6,4.647285056,FALSE,66,119,39-58,CC1CCn2cc(Br)cc2C(=O)N1.Nc1ncn(C2CCCCC2)n1>>CC1CCn2cc(Nc3ncn(C4CCCCC4)n3)cc2C(=O)N1,0
CC1CCn2cc(Br)cc2C(=O)N1,Nc1cccc(-n2cnnc2)c1,CC1CCn2cc(Nc3cccc(-n4cnnc4)c3)cc2C(=O)N1,C[NH+]1c2ccccc2-c2ccccc2[Pd-2]1(OS(C)(=O)=O)[P+](C(C)(C)C)(C(C)(C)C)C(C)(C)C,CCN=P(N=P(N(C)C)(N(C)C)N(C)C)(N(C)C)N(C)C,CS(C)=O,p(tbu)3-pd-g4,P2Et,DMSO,CC1CCn2cc(Br)cc2C(=O)N1.Nc1cccc(-n2cnnc2)c1.C[NH+]1c2ccccc2-c2ccccc2[Pd-2]1(OS(C)(=O)=O)[P+](C(C)(C)C)(C(C)(C)C)C(C)(C)C.CCN=P(N=P(N(C)C)(N(C)C)N(C)C)(N(C)C)N(C)C.CS(C)=O.>>CC1CCn2cc(Nc3cccc(-n4cnnc4)c3)cc2C(=O)N1,0.835,39,Commercial,Commercial BB,FALSE,4,5.438564372,FALSE,156,201,7,Commercial,Commercial BB,6,4.642810028,FALSE,26,127,39-7,CC1CCn2cc(Br)cc2C(=O)N1.Nc1cccc(-n2cnnc2)c1>>CC1CCn2cc(Nc3cccc(-n4cnnc4)c3)cc2C(=O)N1,0
CC1CCn2cc(Br)cc2C(=O)N1,Nc1cc(O)cc(F)c1,CC1CCn2cc(Nc3cc(O)cc(F)c3)cc2C(=O)N1,C[NH+]1c2ccccc2-c2ccccc2[Pd-2]1(OS(C)(=O)=O)[P+](C(C)(C)C)(C(C)(C)C)C(C)(C)C,CCN=P(N=P(N(C)C)(N(C)C)N(C)C)(N(C)C)N(C)C,CS(C)=O,p(tbu)3-pd-g4,P2Et,DMSO,CC1CCn2cc(Br)cc2C(=O)N1.Nc1cc(O)cc(F)c1.C[NH+]1c2ccccc2-c2ccccc2[Pd-2]1(OS(C)(=O)=O)[P+](C(C)(C)C)(C(C)(C)C)C(C)(C)C.CCN=P(N=P(N(C)C)(N(C)C)N(C)C)(N(C)C)N(C)C.CS(C)=O.>>CC1CCn2cc(Nc3cc(O)cc(F)c3)cc2C(=O)N1,0.825,39,Commercial,Commercial BB,FALSE,4,5.438564372,FALSE,156,201,105,Commercial,Commercial BB,2,4.070976434,FALSE,21,54,39-105,CC1CCn2cc(Br)cc2C(=O)N1.Nc1cc(O)cc(F)c1>>CC1CCn2cc(Nc3cc(O)cc(F)c3)cc2C(=O)N1,3
CC1CCn2cc(Br)cc2C(=O)N1,NCc1nc(O)c2c(n1)CCOC2,CC1CCn2cc(NCc3nc(O)c4c(n3)CCOC4)cc2C(=O)N1,CC(C)Oc1cccc(OC(C)C)c1-c1ccccc1[P+](C1CCCCC1)(C1CCCCC1)[Pd-2]1(OS(C)(=O)=O)c2ccccc2-c2ccccc2[NH+]1C,CCN=P(N=P(N(C)C)(N(C)C)N(C)C)(N(C)C)N(C)C,CCC(C)(C)O,ruphos-pd-g4,P2Et,t-AmOH,CC1CCn2cc(Br)cc2C(=O)N1.NCc1nc(O)c2c(n1)CCOC2.CC(C)Oc1cccc(OC(C)C)c1-c1ccccc1[P+](C1CCCCC1)(C1CCCCC1)[Pd-2]1(OS(C)(=O)=O)c2ccccc2-c2ccccc2[NH+]1C.CCN=P(N=P(N(C)C)(N(C)C)N(C)C)(N(C)C)N(C)C.CCC(C)(C)O.>>CC1CCn2cc(NCc3nc(O)c4c(n3)CCOC4)cc2C(=O)N1,0.815,39,Commercial,Commercial BB,FALSE,4,5.438564372,FALSE,156,201,52,Commercial,Commercial BB,9,5.529196874,FALSE,67,228,39-52,CC1CCn2cc(Br)cc2C(=O)N1.NCc1nc(O)c2c(n1)CCOC2>>CC1CCn2cc(NCc3nc(O)c4c(n3)CCOC4)cc2C(=O)N1,0
CC1CCn2cc(Br)cc2C(=O)N1,CC(C)NC(C)(C)C#N,CC1CCn2cc(N(C(C)C)C(C)(C)C#N)cc2C(=O)N1,CC(C)c1cc(C(C)C)c(-c2ccccc2[P+](C2CCCCC2)(C2CCCCC2)[Pd-2]2(OS(C)(=O)=O)c3ccccc3-c3ccccc3[NH+]2C)c(C(C)C)c1,CCN=P(N=P(N(C)C)(N(C)C)N(C)C)(N(C)C)N(C)C,CCC(C)(C)O,xphos-pd-g4,P2Et,t-AmOH,CC1CCn2cc(Br)cc2C(=O)N1.CC(C)NC(C)(C)C#N.CC(C)c1cc(C(C)C)c(-c2ccccc2[P+](C2CCCCC2)(C2CCCCC2)[Pd-2]2(OS(C)(=O)=O)c3ccccc3-c3ccccc3[NH+]2C)c(C(C)C)c1.CCN=P(N=P(N(C)C)(N(C)C)N(C)C)(N(C)C)N(C)C.CCC(C)(C)O.>>CC1CCn2cc(N(C(C)C)C(C)(C)C#N)cc2C(=O)N1,0.815,39,Commercial,Commercial BB,FALSE,4,5.438564372,FALSE,156,201,124,Commercial,Commercial BB,3,3.45941601,FALSE,10,62,39-124,CC1CCn2cc(Br)cc2C(=O)N1.CC(C)NC(C)(C)C#N>>CC1CCn2cc(N(C(C)C)C(C)(C)C#N)cc2C(=O)N1,0
Cn1nc(I)c2cc(F)ccc21,CC1CCc2nc(N)c(C#N)cc2C1,CC1CCc2nc(Nc3nn(C)c4ccc(F)cc34)c(C#N)cc2C1,CC(C)c1cc(C(C)C)c(-c2ccccc2[P+](C2CCCCC2)(C2CCCCC2)[Pd-2]2(OS(C)(=O)=O)c3ccccc3-c3ccccc3[NH+]2C)c(C(C)C)c1,CCN=P(N=P(N(C)C)(N(C)C)N(C)C)(N(C)C)N(C)C,CCC(C)(C)O,xphos-pd-g4,P2Et,t-AmOH,Cn1nc(I)c2cc(F)ccc21.CC1CCc2nc(N)c(C#N)cc2C1.CC(C)c1cc(C(C)C)c(-c2ccccc2[P+](C2CCCCC2)(C2CCCCC2)[Pd-2]2(OS(C)(=O)=O)c3ccccc3-c3ccccc3[NH+]2C)c(C(C)C)c1.CCN=P(N=P(N(C)C)(N(C)C)N(C)C)(N(C)C)N(C)C.CCC(C)(C)O.>>CC1CCc2nc(Nc3nn(C)c4ccc(F)cc34)c(C#N)cc2C1,0.824162641,125,Commercial,Commercial BB,FALSE,0,4.499260038,FALSE,89,90,100,Commercial,Commercial BB,6,5.236884408,FALSE,40,124,125-100,Cn1nc(I)c2cc(F)ccc21.CC1CCc2nc(N)c(C#N)cc2C1>>CC1CCc2nc(Nc3nn(C)c4ccc(F)cc34)c(C#N)cc2C1,15
CC1CCCCN1c1cccc(Cl)n1,Nc1ccccc1-n1ccnc1,CC1CCCCN1c1cccc(Nc2ccccc2-n2ccnc2)n1,CC(C)Oc1cccc(OC(C)C)c1-c1ccccc1[P+](C1CCCCC1)(C1CCCCC1)[Pd-2]1(OS(C)(=O)=O)c2ccccc2-c2ccccc2[NH+]1C,CCN=P(N=P(N(C)C)(N(C)C)N(C)C)(N(C)C)N(C)C,CC(=O)N(C)C,ruphos-pd-g4,P2Et,DMA,CC1CCCCN1c1cccc(Cl)n1.Nc1ccccc1-n1ccnc1.CC(C)Oc1cccc(OC(C)C)c1-c1ccccc1[P+](C1CCCCC1)(C1CCCCC1)[Pd-2]1(OS(C)(=O)=O)c2ccccc2-c2ccccc2[NH+]1C.CCN=P(N=P(N(C)C)(N(C)C)N(C)C)(N(C)C)N(C)C.CC(=O)N(C)C.>>CC1CCCCN1c1cccc(Nc2ccccc2-n2ccnc2)n1,0.84,74,Commercial,Commercial BB,FALSE,4,5.15343135,FALSE,39,75,50,Commercial,Commercial BB,6,4.721976088,FALSE,26,127,74-50,CC1CCCCN1c1cccc(Cl)n1.Nc1ccccc1-n1ccnc1>>CC1CCCCN1c1cccc(Nc2ccccc2-n2ccnc2)n1,0
CC1CCCCN1c1cccc(Cl)n1,NC1(c2c[nH]nn2)CC(F)(F)C1,CC1CCCCN1c1cccc(NC2(c3c[nH]nn3)CC(F)(F)C2)n1,CC(C)Oc1cccc(OC(C)C)c1-c1ccccc1[P+](C1CCCCC1)(C1CCCCC1)[Pd-2]1(OS(C)(=O)=O)c2ccccc2-c2ccccc2[NH+]1C,CCN=P(N=P(N(C)C)(N(C)C)N(C)C)(N(C)C)N(C)C,CCC(C)(C)O,ruphos-pd-g4,P2Et,t-AmOH,CC1CCCCN1c1cccc(Cl)n1.NC1(c2c[nH]nn2)CC(F)(F)C1.CC(C)Oc1cccc(OC(C)C)c1-c1ccccc1[P+](C1CCCCC1)(C1CCCCC1)[Pd-2]1(OS(C)(=O)=O)c2ccccc2-c2ccccc2[NH+]1C.CCN=P(N=P(N(C)C)(N(C)C)N(C)C)(N(C)C)N(C)C.CCC(C)(C)O.>>CC1CCCCN1c1cccc(NC2(c3c[nH]nn3)CC(F)(F)C2)n1,0.805,74,Commercial,Commercial BB,FALSE,4,5.15343135,FALSE,39,75,144,Commercial,Commercial BB,9,4.923013102,FALSE,51,190,74-144,CC1CCCCN1c1cccc(Cl)n1.NC1(c2c[nH]nn2)CC(F)(F)C1>>CC1CCCCN1c1cccc(NC2(c3c[nH]nn3)CC(F)(F)C2)n1,3
CC(C)n1nnc2cc(C#N)cc(Br)c21,Nc1ncnn1-c1ncccn1,CC(C)n1nnc2cc(C#N)cc(Nc3ncnn3-c3ncccn3)c21,CC(C)Oc1cccc(OC(C)C)c1-c1ccccc1[P+](C1CCCCC1)(C1CCCCC1)[Pd-2]1(OS(C)(=O)=O)c2ccccc2-c2ccccc2[NH+]1C,CCN=P(N=P(N(C)C)(N(C)C)N(C)C)(N(C)C)N(C)C,CCC(C)(C)O,ruphos-pd-g4,P2Et,t-AmOH,CC(C)n1nnc2cc(C#N)cc(Br)c21.Nc1ncnn1-c1ncccn1.CC(C)Oc1cccc(OC(C)C)c1-c1ccccc1[P+](C1CCCCC1)(C1CCCCC1)[Pd-2]1(OS(C)(=O)=O)c2ccccc2-c2ccccc2[NH+]1C.CCN=P(N=P(N(C)C)(N(C)C)N(C)C)(N(C)C)N(C)C.CCC(C)(C)O.>>CC(C)n1nnc2cc(C#N)cc(Nc3ncnn3-c3ncccn3)c21,0.83,120,Commercial,Commercial BB,FALSE,8,5.286078472,FALSE,102,281,129,Commercial,Commercial BB,6,4.668322032,FALSE,66,119,120-129,CC(C)n1nnc2cc(C#N)cc(Br)c21.Nc1ncnn1-c1ncccn1>>CC(C)n1nnc2cc(C#N)cc(Nc3ncnn3-c3ncccn3)c21,
CC(C)n1nnc2cc(C#N)cc(Br)c21,Nc1ncn(Cc2ccncc2)n1,CC(C)n1nnc2cc(C#N)cc(Nc3ncn(Cc4ccncc4)n3)c21,C[NH+]1c2ccccc2-c2ccccc2[Pd-2]1(OS(C)(=O)=O)[P+](C(C)(C)C)(C(C)(C)C)C(C)(C)C,CCN=P(N=P(N(C)C)(N(C)C)N(C)C)(N(C)C)N(C)C,CS(C)=O,p(tbu)3-pd-g4,P2Et,DMSO,CC(C)n1nnc2cc(C#N)cc(Br)c21.Nc1ncn(Cc2ccncc2)n1.C[NH+]1c2ccccc2-c2ccccc2[Pd-2]1(OS(C)(=O)=O)[P+](C(C)(C)C)(C(C)(C)C)C(C)(C)C.CCN=P(N=P(N(C)C)(N(C)C)N(C)C)(N(C)C)N(C)C.CS(C)=O.>>CC(C)n1nnc2cc(C#N)cc(Nc3ncn(Cc4ccncc4)n3)c21,0.81,120,Commercial,Commercial BB,FALSE,8,5.286078472,FALSE,102,281,43,Commercial,Commercial BB,6,4.806959204,FALSE,66,119,120-43,CC(C)n1nnc2cc(C#N)cc(Br)c21.Nc1ncn(Cc2ccncc2)n1>>CC(C)n1nnc2cc(C#N)cc(Nc3ncn(Cc4ccncc4)n3)c21,
CC(C)n1nnc2cc(C#N)cc(Br)c21,Nc1nc(O)c2cc[nH]c2n1,CC(C)n1nnc2cc(C#N)cc(Nc3nc(O)c4cc[nH]c4n3)c21,CC(C)c1cc(C(C)C)c(-c2ccccc2[P+](C2CCCCC2)(C2CCCCC2)[Pd-2]2(OS(C)(=O)=O)c3ccccc3-c3ccccc3[NH+]2C)c(C(C)C)c1,CCN=P(N=P(N(C)C)(N(C)C)N(C)C)(N(C)C)N(C)C,CCC(C)(C)O,xphos-pd-g4,P2Et,t-AmOH,CC(C)n1nnc2cc(C#N)cc(Br)c21.Nc1nc(O)c2cc[nH]c2n1.CC(C)c1cc(C(C)C)c(-c2ccccc2[P+](C2CCCCC2)(C2CCCCC2)[Pd-2]2(OS(C)(=O)=O)c3ccccc3-c3ccccc3[NH+]2C)c(C(C)C)c1.CCN=P(N=P(N(C)C)(N(C)C)N(C)C)(N(C)C)N(C)C.CCC(C)(C)O.>>CC(C)n1nnc2cc(C#N)cc(Nc3nc(O)c4cc[nH]c4n3)c21,0.81,120,Commercial,Commercial BB,FALSE,8,5.286078472,FALSE,102,281,31,Commercial,Commercial BB,6,5.291661989,FALSE,16,267,120-31,CC(C)n1nnc2cc(C#N)cc(Br)c21.Nc1nc(O)c2cc[nH]c2n1>>CC(C)n1nnc2cc(C#N)cc(Nc3nc(O)c4cc[nH]c4n3)c21,
CC(C)n1nnc2cc(C#N)cc(Br)c21,CC(C)(CN)c1cc(=O)cc[nH]1,CC(C)n1nnc2cc(C#N)cc(NCC(C)(C)c3cc(=O)cc[nH]3)c21,CC(C)c1cc(C(C)C)c(-c2ccccc2[P+](C2CCCCC2)(C2CCCCC2)[Pd-2]2(OS(C)(=O)=O)c3ccccc3-c3ccccc3[NH+]2C)c(C(C)C)c1,CCN=P(N=P(N(C)C)(N(C)C)N(C)C)(N(C)C)N(C)C,CC(=O)N(C)C,xphos-pd-g4,P2Et,DMA,CC(C)n1nnc2cc(C#N)cc(Br)c21.CC(C)(CN)c1cc(=O)cc[nH]1.CC(C)c1cc(C(C)C)c(-c2ccccc2[P+](C2CCCCC2)(C2CCCCC2)[Pd-2]2(OS(C)(=O)=O)c3ccccc3-c3ccccc3[NH+]2C)c(C(C)C)c1.CCN=P(N=P(N(C)C)(N(C)C)N(C)C)(N(C)C)N(C)C.CC(=O)N(C)C.>>CC(C)n1nnc2cc(C#N)cc(NCC(C)(C)c3cc(=O)cc[nH]3)c21,0.87,120,Commercial,Commercial BB,FALSE,8,5.286078472,FALSE,102,281,12,Commercial,Commercial BB,9,4.974037475,FALSE,3,300,120-12,CC(C)n1nnc2cc(C#N)cc(Br)c21.CC(C)(CN)c1cc(=O)cc[nH]1>>CC(C)n1nnc2cc(C#N)cc(NCC(C)(C)c3cc(=O)cc[nH]3)c21,
CC(C)n1ccc2c(Br)cnc-2c1,Nc1cccc(-n2cccn2)c1,CC(C)n1ccc2c(Nc3cccc(-n4cccn4)c3)cnc-2c1,CC(C)c1cc(C(C)C)c(-c2ccccc2[P+](C2CCCCC2)(C2CCCCC2)[Pd-2]2(OS(C)(=O)=O)c3ccccc3-c3ccccc3[NH+]2C)c(C(C)C)c1,CCN=P(N=P(N(C)C)(N(C)C)N(C)C)(N(C)C)N(C)C,CC(=O)N(C)C,xphos-pd-g4,P2Et,DMA,CC(C)n1ccc2c(Br)cnc-2c1.Nc1cccc(-n2cccn2)c1.CC(C)c1cc(C(C)C)c(-c2ccccc2[P+](C2CCCCC2)(C2CCCCC2)[Pd-2]2(OS(C)(=O)=O)c3ccccc3-c3ccccc3[NH+]2C)c(C(C)C)c1.CCN=P(N=P(N(C)C)(N(C)C)N(C)C)(N(C)C)N(C)C.CC(=O)N(C)C.>>CC(C)n1ccc2c(Nc3cccc(-n4cccn4)c3)cnc-2c1,0.81,146,Commercial,Commercial BB,FALSE,4,4.908147047,FALSE,148,427,0,Commercial,Commercial BB,6,4.810265602,FALSE,26,92,146-0,CC(C)n1ccc2c(Br)cnc-2c1.Nc1cccc(-n2cccn2)c1>>CC(C)n1ccc2c(Nc3cccc(-n4cccn4)c3)cnc-2c1,40
CC(C)n1ccc2c(Br)cnc-2c1,Nc1ccc2cc[nH]c2n1,CC(C)n1ccc2c(Nc3ccc4cc[nH]c4n3)cnc-2c1,CC(C)c1cc(C(C)C)c(-c2ccccc2[P+](C2CCCCC2)(C2CCCCC2)[Pd-2]2(OS(C)(=O)=O)c3ccccc3-c3ccccc3[NH+]2C)c(C(C)C)c1,CCN=P(N=P(N(C)C)(N(C)C)N(C)C)(N(C)C)N(C)C,CC(=O)N(C)C,xphos-pd-g4,P2Et,DMA,CC(C)n1ccc2c(Br)cnc-2c1.Nc1ccc2cc[nH]c2n1.CC(C)c1cc(C(C)C)c(-c2ccccc2[P+](C2CCCCC2)(C2CCCCC2)[Pd-2]2(OS(C)(=O)=O)c3ccccc3-c3ccccc3[NH+]2C)c(C(C)C)c1.CCN=P(N=P(N(C)C)(N(C)C)N(C)C)(N(C)C)N(C)C.CC(=O)N(C)C.>>CC(C)n1ccc2c(Nc3ccc4cc[nH]c4n3)cnc-2c1,0.82,146,Commercial,Commercial BB,FALSE,4,4.908147047,FALSE,148,427,87,Commercial,Commercial BB,6,4.899488159,FALSE,6,267,146-87,CC(C)n1ccc2c(Br)cnc-2c1.Nc1ccc2cc[nH]c2n1>>CC(C)n1ccc2c(Nc3ccc4cc[nH]c4n3)cnc-2c1,0
CC(C)n1ccc2c(Br)cnc-2c1,Nc1ccc(-n2ccnc2)c(F)c1,CC(C)n1ccc2c(Nc3ccc(-n4ccnc4)c(F)c3)cnc-2c1,CC(C)Oc1cccc(OC(C)C)c1-c1ccccc1[P+](C1CCCCC1)(C1CCCCC1)[Pd-2]1(OS(C)(=O)=O)c2ccccc2-c2ccccc2[NH+]1C,CCN=P(N=P(N(C)C)(N(C)C)N(C)C)(N(C)C)N(C)C,CS(C)=O,ruphos-pd-g4,P2Et,DMSO,CC(C)n1ccc2c(Br)cnc-2c1.Nc1ccc(-n2ccnc2)c(F)c1.CC(C)Oc1cccc(OC(C)C)c1-c1ccccc1[P+](C1CCCCC1)(C1CCCCC1)[Pd-2]1(OS(C)(=O)=O)c2ccccc2-c2ccccc2[NH+]1C.CCN=P(N=P(N(C)C)(N(C)C)N(C)C)(N(C)C)N(C)C.CS(C)=O.>>CC(C)n1ccc2c(Nc3ccc(-n4ccnc4)c(F)c3)cnc-2c1,0.8,146,Commercial,Commercial BB,FALSE,4,4.908147047,FALSE,148,427,59,Commercial,Commercial BB,6,5.099704534,FALSE,29,127,146-59,CC(C)n1ccc2c(Br)cnc-2c1.Nc1ccc(-n2ccnc2)c(F)c1>>CC(C)n1ccc2c(Nc3ccc(-n4ccnc4)c(F)c3)cnc-2c1,0
CC(C)n1ccc2c(Br)cnc-2c1,NC1CCN(c2ncccc2F)C1,CC(C)n1ccc2c(NC3CCN(c4ncccc4F)C3)cnc-2c1,C[NH+]1c2ccccc2-c2ccccc2[Pd-2]1(OS(C)(=O)=O)[P+](C(C)(C)C)(C(C)(C)C)C(C)(C)C,CCN=P(N=P(N(C)C)(N(C)C)N(C)C)(N(C)C)N(C)C,CS(C)=O,p(tbu)3-pd-g4,P2Et,DMSO,CC(C)n1ccc2c(Br)cnc-2c1.NC1CCN(c2ncccc2F)C1.C[NH+]1c2ccccc2-c2ccccc2[Pd-2]1(OS(C)(=O)=O)[P+](C(C)(C)C)(C(C)(C)C)C(C)(C)C.CCN=P(N=P(N(C)C)(N(C)C)N(C)C)(N(C)C)N(C)C.CS(C)=O.>>CC(C)n1ccc2c(NC3CCN(c4ncccc4F)C3)cnc-2c1,0.8,146,Commercial,Commercial BB,FALSE,4,4.908147047,FALSE,148,427,53,Commercial,Commercial BB,9,5.070870804,FALSE,53,54,146-53,CC(C)n1ccc2c(Br)cnc-2c1.NC1CCN(c2ncccc2F)C1>>CC(C)n1ccc2c(NC3CCN(c4ncccc4F)C3)cnc-2c1,0
CC(C)n1ccc2c(Br)cnc-2c1,CC(C)c1nnc(N)[nH]1,CC(C)c1nnc(Nc2cnc3cn(C(C)C)ccc2-3)[nH]1,CC(C)c1cc(C(C)C)c(-c2ccccc2[P+](C2CCCCC2)(C2CCCCC2)[Pd-2]2(OS(C)(=O)=O)c3ccccc3-c3ccccc3[NH+]2C)c(C(C)C)c1,CCN=P(N=P(N(C)C)(N(C)C)N(C)C)(N(C)C)N(C)C,CC(=O)N(C)C,xphos-pd-g4,P2Et,DMA,CC(C)n1ccc2c(Br)cnc-2c1.CC(C)c1nnc(N)[nH]1.CC(C)c1cc(C(C)C)c(-c2ccccc2[P+](C2CCCCC2)(C2CCCCC2)[Pd-2]2(OS(C)(=O)=O)c3ccccc3-c3ccccc3[NH+]2C)c(C(C)C)c1.CCN=P(N=P(N(C)C)(N(C)C)N(C)C)(N(C)C)N(C)C.CC(=O)N(C)C.>>CC(C)c1nnc(Nc2cnc3cn(C(C)C)ccc2-3)[nH]1,0.81,146,Commercial,Commercial BB,FALSE,4,4.908147047,FALSE,148,427,18,Commercial,Commercial BB,6,4.064755562,FALSE,23,199,146-18,CC(C)n1ccc2c(Br)cnc-2c1.CC(C)c1nnc(N)[nH]1>>CC(C)c1nnc(Nc2cnc3cn(C(C)C)ccc2-3)[nH]1,0
Clc1cnnc2ccc(Br)cc12,CC(C)c1nnc(N)[nH]1,CC(C)c1nnc(Nc2ccc3nncc(Cl)c3c2)[nH]1,CC(C)c1cc(C(C)C)c(-c2ccccc2[P+](C2CCCCC2)(C2CCCCC2)[Pd-2]2(OS(C)(=O)=O)c3ccccc3-c3ccccc3[NH+]2C)c(C(C)C)c1,CCN=P(N=P(N(C)C)(N(C)C)N(C)C)(N(C)C)N(C)C,CC(=O)N(C)C,xphos-pd-g4,P2Et,DMA,Clc1cnnc2ccc(Br)cc12.CC(C)c1nnc(N)[nH]1.CC(C)c1cc(C(C)C)c(-c2ccccc2[P+](C2CCCCC2)(C2CCCCC2)[Pd-2]2(OS(C)(=O)=O)c3ccccc3-c3ccccc3[NH+]2C)c(C(C)C)c1.CCN=P(N=P(N(C)C)(N(C)C)N(C)C)(N(C)C)N(C)C.CC(=O)N(C)C.>>CC(C)c1nnc(Nc2ccc3nncc(Cl)c3c2)[nH]1,0.84,92,Commercial,Commercial BB,FALSE,0,4.537815625,FALSE,78,90,18,Commercial,Commercial BB,6,4.064755562,FALSE,23,199,92-18,Clc1cnnc2ccc(Br)cc12.CC(C)c1nnc(N)[nH]1>>CC(C)c1nnc(Nc2ccc3nncc(Cl)c3c2)[nH]1,0
CC(C)c1nc(Br)nn1C,Nc1nc2ccc(F)cn2n1,CC(C)c1nc(Nc2nc3ccc(F)cn3n2)nn1C,CC(C)c1cc(C(C)C)c(-c2ccccc2[P+](C2CCCCC2)(C2CCCCC2)[Pd-2]2(OS(C)(=O)=O)c3ccccc3-c3ccccc3[NH+]2C)c(C(C)C)c1,CCN=P(N=P(N(C)C)(N(C)C)N(C)C)(N(C)C)N(C)C,CC(=O)N(C)C,xphos-pd-g4,P2Et,DMA,CC(C)c1nc(Br)nn1C.Nc1nc2ccc(F)cn2n1.CC(C)c1cc(C(C)C)c(-c2ccccc2[P+](C2CCCCC2)(C2CCCCC2)[Pd-2]2(OS(C)(=O)=O)c3ccccc3-c3ccccc3[NH+]2C)c(C(C)C)c1.CCN=P(N=P(N(C)C)(N(C)C)N(C)C)(N(C)C)N(C)C.CC(=O)N(C)C.>>CC(C)c1nc(Nc2nc3ccc(F)cn3n2)nn1C,0.815,148,Commercial,Commercial BB,FALSE,4,4.017381447,FALSE,50,230,2,Commercial,Commercial BB,6,5.045854056,FALSE,29,183,148-2,CC(C)c1nc(Br)nn1C.Nc1nc2ccc(F)cn2n1>>CC(C)c1nc(Nc2nc3ccc(F)cn3n2)nn1C,0
CC(C)c1nc(Br)nn1C,Cn1cc(N2CCCC(N)C2)cn1,CC(C)c1nc(NC2CCCN(c3cnn(C)c3)C2)nn1C,C[NH+]1c2ccccc2-c2ccccc2[Pd-2]1(OS(C)(=O)=O)[P+](C(C)(C)C)(C(C)(C)C)C(C)(C)C,CCN=P(N=P(N(C)C)(N(C)C)N(C)C)(N(C)C)N(C)C,CS(C)=O,p(tbu)3-pd-g4,P2Et,DMSO,CC(C)c1nc(Br)nn1C.Cn1cc(N2CCCC(N)C2)cn1.C[NH+]1c2ccccc2-c2ccccc2[Pd-2]1(OS(C)(=O)=O)[P+](C(C)(C)C)(C(C)(C)C)C(C)(C)C.CCN=P(N=P(N(C)C)(N(C)C)N(C)C)(N(C)C)N(C)C.CS(C)=O.>>CC(C)c1nc(NC2CCCN(c3cnn(C)c3)C2)nn1C,0.84,148,Commercial,Commercial BB,FALSE,4,4.017381447,FALSE,50,230,118,Commercial,Commercial BB,9,5.292536855,FALSE,15,54,148-118,CC(C)c1nc(Br)nn1C.Cn1cc(N2CCCC(N)C2)cn1>>CC(C)c1nc(NC2CCCN(c3cnn(C)c3)C2)nn1C,0
CC(C)c1nc(Br)nn1C,NC1CCCN(c2cccc(F)c2)C1,CC(C)c1nc(NC2CCCN(c3cccc(F)c3)C2)nn1C,CC(C)Oc1cccc(OC(C)C)c1-c1ccccc1[P+](C1CCCCC1)(C1CCCCC1)[Pd-2]1(OS(C)(=O)=O)c2ccccc2-c2ccccc2[NH+]1C,CCN=P(N=P(N(C)C)(N(C)C)N(C)C)(N(C)C)N(C)C,CC(=O)N(C)C,ruphos-pd-g4,P2Et,DMA,CC(C)c1nc(Br)nn1C.NC1CCCN(c2cccc(F)c2)C1.CC(C)Oc1cccc(OC(C)C)c1-c1ccccc1[P+](C1CCCCC1)(C1CCCCC1)[Pd-2]1(OS(C)(=O)=O)c2ccccc2-c2ccccc2[NH+]1C.CCN=P(N=P(N(C)C)(N(C)C)N(C)C)(N(C)C)N(C)C.CC(=O)N(C)C.>>CC(C)c1nc(NC2CCCN(c3cccc(F)c3)C2)nn1C,0.845,148,Commercial,Commercial BB,FALSE,4,4.017381447,FALSE,50,230,1,Commercial,Commercial BB,5,5.10815949,FALSE,17,54,148-1,CC(C)c1nc(Br)nn1C.NC1CCCN(c2cccc(F)c2)C1>>CC(C)c1nc(NC2CCCN(c3cccc(F)c3)C2)nn1C,0
CC(C)c1nc(Br)nn1C,c1ccc2c(c1)Nc1ccccc1O2,CC(C)c1nc(N2c3ccccc3Oc3ccccc32)nn1C,CC(C)c1cc(C(C)C)c(-c2ccccc2[P+](C2CCCCC2)(C2CCCCC2)[Pd-2]2(OS(C)(=O)=O)c3ccccc3-c3ccccc3[NH+]2C)c(C(C)C)c1,CCN=P(N=P(N(C)C)(N(C)C)N(C)C)(N(C)C)N(C)C,CC(=O)N(C)C,xphos-pd-g4,P2Et,DMA,CC(C)c1nc(Br)nn1C.c1ccc2c(c1)Nc1ccccc1O2.CC(C)c1cc(C(C)C)c(-c2ccccc2[P+](C2CCCCC2)(C2CCCCC2)[Pd-2]2(OS(C)(=O)=O)c3ccccc3-c3ccccc3[NH+]2C)c(C(C)C)c1.CCN=P(N=P(N(C)C)(N(C)C)N(C)C)(N(C)C)N(C)C.CC(=O)N(C)C.>>CC(C)c1nc(N2c3ccccc3Oc3ccccc32)nn1C,0.84,148,Commercial,Commercial BB,FALSE,4,4.017381447,FALSE,50,230,109,Commercial,Commercial BB,2,4.313348874,FALSE,7,44,148-109,CC(C)c1nc(Br)nn1C.c1ccc2c(c1)Nc1ccccc1O2>>CC(C)c1nc(N2c3ccccc3Oc3ccccc32)nn1C,0
CC(C)c1cn2ccc(Br)cc2n1,NC(c1ccc[nH]1)C(F)(F)F,CC(C)c1cn2ccc(NC(c3ccc[nH]3)C(F)(F)F)cc2n1,CC(C)c1cc(C(C)C)c(-c2ccccc2[P+](C2CCCCC2)(C2CCCCC2)[Pd-2]2(OS(C)(=O)=O)c3ccccc3-c3ccccc3[NH+]2C)c(C(C)C)c1,CCN=P(N=P(N(C)C)(N(C)C)N(C)C)(N(C)C)N(C)C,CCC(C)(C)O,xphos-pd-g4,P2Et,t-AmOH,CC(C)c1cn2ccc(Br)cc2n1.NC(c1ccc[nH]1)C(F)(F)F.CC(C)c1cc(C(C)C)c(-c2ccccc2[P+](C2CCCCC2)(C2CCCCC2)[Pd-2]2(OS(C)(=O)=O)c3ccccc3-c3ccccc3[NH+]2C)c(C(C)C)c1.CCN=P(N=P(N(C)C)(N(C)C)N(C)C)(N(C)C)N(C)C.CCC(C)(C)O.>>CC(C)c1cn2ccc(NC(c3ccc[nH]3)C(F)(F)F)cc2n1,0.8,55,Commercial,Commercial BB,FALSE,4,4.883498564,FALSE,140,205,49,Commercial,Commercial BB,1,4.66398101,FALSE,27,300,55-49,CC(C)c1cn2ccc(Br)cc2n1.NC(c1ccc[nH]1)C(F)(F)F>>CC(C)c1cn2ccc(NC(c3ccc[nH]3)C(F)(F)F)cc2n1,0
Brc1ccc2nnsc2c1,CC(C)Oc1cc(N)cc(F)c1,CC(C)Oc1cc(F)cc(Nc2ccc3nnsc3c2)c1,CC(C)c1cc(C(C)C)c(-c2ccccc2[P+](C2CCCCC2)(C2CCCCC2)[Pd-2]2(OS(C)(=O)=O)c3ccccc3-c3ccccc3[NH+]2C)c(C(C)C)c1,CCN=P(N=P(N(C)C)(N(C)C)N(C)C)(N(C)C)N(C)C,Cc1ccccc1,xphos-pd-g4,P2Et,Toluene,Brc1ccc2nnsc2c1.CC(C)Oc1cc(N)cc(F)c1.CC(C)c1cc(C(C)C)c(-c2ccccc2[P+](C2CCCCC2)(C2CCCCC2)[Pd-2]2(OS(C)(=O)=O)c3ccccc3-c3ccccc3[NH+]2C)c(C(C)C)c1.CCN=P(N=P(N(C)C)(N(C)C)N(C)C)(N(C)C)N(C)C.Cc1ccccc1.>>CC(C)Oc1cc(F)cc(Nc2ccc3nnsc3c2)c1,0.83,37,Commercial,Commercial BB,FALSE,0,4.365458188,FALSE,78,90,61,Commercial,Commercial BB,2,4.379001297,FALSE,21,44,37-61,Brc1ccc2nnsc2c1.CC(C)Oc1cc(N)cc(F)c1>>CC(C)Oc1cc(F)cc(Nc2ccc3nnsc3c2)c1,26
Brc1ccc2nnsc2c1,CC(C)Oc1cc(N)cc(F)c1,CC(C)Oc1cc(F)cc(Nc2ccc3nnsc3c2)c1,CC(C)Oc1cccc(OC(C)C)c1-c1ccccc1[P+](C1CCCCC1)(C1CCCCC1)[Pd-2]1(OS(C)(=O)=O)c2ccccc2-c2ccccc2[NH+]1C,CCN=P(N=P(N(C)C)(N(C)C)N(C)C)(N(C)C)N(C)C,CCC(C)(C)O,ruphos-pd-g4,P2Et,t-AmOH,Brc1ccc2nnsc2c1.CC(C)Oc1cc(N)cc(F)c1.CC(C)Oc1cccc(OC(C)C)c1-c1ccccc1[P+](C1CCCCC1)(C1CCCCC1)[Pd-2]1(OS(C)(=O)=O)c2ccccc2-c2ccccc2[NH+]1C.CCN=P(N=P(N(C)C)(N(C)C)N(C)C)(N(C)C)N(C)C.CCC(C)(C)O.>>CC(C)Oc1cc(F)cc(Nc2ccc3nnsc3c2)c1,0.86,37,Commercial,Commercial BB,FALSE,0,4.365458188,FALSE,78,90,61,Commercial,Commercial BB,2,4.379001297,FALSE,21,44,37-61,Brc1ccc2nnsc2c1.CC(C)Oc1cc(N)cc(F)c1>>CC(C)Oc1cc(F)cc(Nc2ccc3nnsc3c2)c1,0
Cn1nc(C(F)F)nc1Br,CC(C)C(N)c1c[nH]nn1,CC(C)C(Nc1nc(C(F)F)nn1C)c1c[nH]nn1,CC(C)Oc1cccc(OC(C)C)c1-c1ccccc1[P+](C1CCCCC1)(C1CCCCC1)[Pd-2]1(OS(C)(=O)=O)c2ccccc2-c2ccccc2[NH+]1C,CCN=P(N=P(N(C)C)(N(C)C)N(C)C)(N(C)C)N(C)C,CCC(C)(C)O,ruphos-pd-g4,P2Et,t-AmOH,Cn1nc(C(F)F)nc1Br.CC(C)C(N)c1c[nH]nn1.CC(C)Oc1cccc(OC(C)C)c1-c1ccccc1[P+](C1CCCCC1)(C1CCCCC1)[Pd-2]1(OS(C)(=O)=O)c2ccccc2-c2ccccc2[NH+]1C.CCN=P(N=P(N(C)C)(N(C)C)N(C)C)(N(C)C)N(C)C.CCC(C)(C)O.>>CC(C)C(Nc1nc(C(F)F)nn1C)c1c[nH]nn1,0.80875,97,Commercial,Commercial BB,FALSE,4,4.048000649,FALSE,50,230,116,Commercial,Commercial BB,9,4.504490151,FALSE,51,190,97-116,Cn1nc(C(F)F)nc1Br.CC(C)C(N)c1c[nH]nn1>>CC(C)C(Nc1nc(C(F)F)nn1C)c1c[nH]nn1,29
Brc1ccc2nnsc2c1,CC(C)C(N)c1c[nH]nn1,CC(C)C(Nc1ccc2nnsc2c1)c1c[nH]nn1,CC(C)c1cc(C(C)C)c(-c2ccccc2[P+](C2CCCCC2)(C2CCCCC2)[Pd-2]2(OS(C)(=O)=O)c3ccccc3-c3ccccc3[NH+]2C)c(C(C)C)c1,CCN=P(N=P(N(C)C)(N(C)C)N(C)C)(N(C)C)N(C)C,CCC(C)(C)O,xphos-pd-g4,P2Et,t-AmOH,Brc1ccc2nnsc2c1.CC(C)C(N)c1c[nH]nn1.CC(C)c1cc(C(C)C)c(-c2ccccc2[P+](C2CCCCC2)(C2CCCCC2)[Pd-2]2(OS(C)(=O)=O)c3ccccc3-c3ccccc3[NH+]2C)c(C(C)C)c1.CCN=P(N=P(N(C)C)(N(C)C)N(C)C)(N(C)C)N(C)C.CCC(C)(C)O.>>CC(C)C(Nc1ccc2nnsc2c1)c1c[nH]nn1,0.828653846,37,Commercial,Commercial BB,FALSE,0,4.365458188,FALSE,78,90,116,Commercial,Commercial BB,9,4.504490151,FALSE,51,190,37-116,Brc1ccc2nnsc2c1.CC(C)C(N)c1c[nH]nn1>>CC(C)C(Nc1ccc2nnsc2c1)c1c[nH]nn1,0
CC(C)n1nnc2cc(C#N)cc(Br)c21,CC(C)C(N)c1c[nH]nn1,CC(C)C(Nc1cc(C#N)cc2nnn(C(C)C)c12)c1c[nH]nn1,CC(C)c1cc(C(C)C)c(-c2ccccc2[P+](C2CCCCC2)(C2CCCCC2)[Pd-2]2(OS(C)(=O)=O)c3ccccc3-c3ccccc3[NH+]2C)c(C(C)C)c1,CCN=P(N=P(N(C)C)(N(C)C)N(C)C)(N(C)C)N(C)C,Cc1ccccc1,xphos-pd-g4,P2Et,Toluene,CC(C)n1nnc2cc(C#N)cc(Br)c21.CC(C)C(N)c1c[nH]nn1.CC(C)c1cc(C(C)C)c(-c2ccccc2[P+](C2CCCCC2)(C2CCCCC2)[Pd-2]2(OS(C)(=O)=O)c3ccccc3-c3ccccc3[NH+]2C)c(C(C)C)c1.CCN=P(N=P(N(C)C)(N(C)C)N(C)C)(N(C)C)N(C)C.Cc1ccccc1.>>CC(C)C(Nc1cc(C#N)cc2nnn(C(C)C)c12)c1c[nH]nn1,0.813653846,120,Commercial,Commercial BB,FALSE,8,5.286078472,FALSE,102,281,116,Commercial,Commercial BB,9,4.504490151,FALSE,51,190,120-116,CC(C)n1nnc2cc(C#N)cc(Br)c21.CC(C)C(N)c1c[nH]nn1>>CC(C)C(Nc1cc(C#N)cc2nnn(C(C)C)c12)c1c[nH]nn1,0
Cn1nnc2ccc(F)c(Br)c21,CC(C)C(N)c1c[nH]nn1,CC(C)C(Nc1c(F)ccc2nnn(C)c12)c1c[nH]nn1,CC(C)Oc1cccc(OC(C)C)c1-c1ccccc1[P+](C1CCCCC1)(C1CCCCC1)[Pd-2]1(OS(C)(=O)=O)c2ccccc2-c2ccccc2[NH+]1C,CCN=P(N=P(N(C)C)(N(C)C)N(C)C)(N(C)C)N(C)C,CCC(C)(C)O,ruphos-pd-g4,P2Et,t-AmOH,Cn1nnc2ccc(F)c(Br)c21.CC(C)C(N)c1c[nH]nn1.CC(C)Oc1cccc(OC(C)C)c1-c1ccccc1[P+](C1CCCCC1)(C1CCCCC1)[Pd-2]1(OS(C)(=O)=O)c2ccccc2-c2ccccc2[NH+]1C.CCN=P(N=P(N(C)C)(N(C)C)N(C)C)(N(C)C)N(C)C.CCC(C)(C)O.>>CC(C)C(Nc1c(F)ccc2nnn(C)c12)c1c[nH]nn1,0.84,3,Commercial,Commercial BB,FALSE,8,4.91994583,FALSE,-1,281,116,Commercial,Commercial BB,9,4.504490151,FALSE,51,190,3-116,Cn1nnc2ccc(F)c(Br)c21.CC(C)C(N)c1c[nH]nn1>>CC(C)C(Nc1c(F)ccc2nnn(C)c12)c1c[nH]nn1,
Fc1ccc(OC2CCOC2)c(Br)n1,CC(C)(CN)c1cc(=O)cc[nH]1,CC(C)(CNc1nc(F)ccc1OC1CCOC1)c1cc(=O)cc[nH]1,CC(C)c1cc(C(C)C)c(-c2ccccc2[P+](C2CCCCC2)(C2CCCCC2)[Pd-2]2(OS(C)(=O)=O)c3ccccc3-c3ccccc3[NH+]2C)c(C(C)C)c1,CCN=P(N=P(N(C)C)(N(C)C)N(C)C)(N(C)C)N(C)C,Cc1ccccc1,xphos-pd-g4,P2Et,Toluene,Fc1ccc(OC2CCOC2)c(Br)n1.CC(C)(CN)c1cc(=O)cc[nH]1.CC(C)c1cc(C(C)C)c(-c2ccccc2[P+](C2CCCCC2)(C2CCCCC2)[Pd-2]2(OS(C)(=O)=O)c3ccccc3-c3ccccc3[NH+]2C)c(C(C)C)c1.CCN=P(N=P(N(C)C)(N(C)C)N(C)C)(N(C)C)N(C)C.Cc1ccccc1.>>CC(C)(CNc1nc(F)ccc1OC1CCOC1)c1cc(=O)cc[nH]1,0.805,159,Commercial,Commercial BB,FALSE,4,5.168337054,FALSE,54,165,12,Commercial,Commercial BB,9,4.974037475,FALSE,3,300,159-12,Fc1ccc(OC2CCOC2)c(Br)n1.CC(C)(CN)c1cc(=O)cc[nH]1>>CC(C)(CNc1nc(F)ccc1OC1CCOC1)c1cc(=O)cc[nH]1,0
NC1=Nc2ccc(Cl)nc2SC1,CC(C)(CN)c1cc(=O)cc[nH]1,CC(C)(CNc1ccc2c(n1)SCC(N)=N2)c1cc(=O)cc[nH]1,CC(C)Oc1cccc(OC(C)C)c1-c1ccccc1[P+](C1CCCCC1)(C1CCCCC1)[Pd-2]1(OS(C)(=O)=O)c2ccccc2-c2ccccc2[NH+]1C,CCN=P(N=P(N(C)C)(N(C)C)N(C)C)(N(C)C)N(C)C,CS(C)=O,ruphos-pd-g4,P2Et,DMSO,NC1=Nc2ccc(Cl)nc2SC1.CC(C)(CN)c1cc(=O)cc[nH]1.CC(C)Oc1cccc(OC(C)C)c1-c1ccccc1[P+](C1CCCCC1)(C1CCCCC1)[Pd-2]1(OS(C)(=O)=O)c2ccccc2-c2ccccc2[NH+]1C.CCN=P(N=P(N(C)C)(N(C)C)N(C)C)(N(C)C)N(C)C.CS(C)=O.>>CC(C)(CNc1ccc2c(n1)SCC(N)=N2)c1cc(=O)cc[nH]1,0.815,64,Commercial,Commercial BB,FALSE,4,5.187214594,FALSE,34,75,12,Commercial,Commercial BB,9,4.974037475,FALSE,3,300,64-12,NC1=Nc2ccc(Cl)nc2SC1.CC(C)(CN)c1cc(=O)cc[nH]1>>CC(C)(CNc1ccc2c(n1)SCC(N)=N2)c1cc(=O)cc[nH]1,38
Clc1cnn2cc(Br)cnc12,CC(C)(C)c1nnc(N)[nH]1,CC(C)(C)c1nnc(Nc2cnc3c(Cl)cnn3c2)[nH]1,CC(C)c1cc(C(C)C)c(-c2ccccc2[P+](C2CCCCC2)(C2CCCCC2)[Pd-2]2(OS(C)(=O)=O)c3ccccc3-c3ccccc3[NH+]2C)c(C(C)C)c1,CCN=P(N=P(N(C)C)(N(C)C)N(C)C)(N(C)C)N(C)C,CC(=O)N(C)C,xphos-pd-g4,P2Et,DMA,Clc1cnn2cc(Br)cnc12.CC(C)(C)c1nnc(N)[nH]1.CC(C)c1cc(C(C)C)c(-c2ccccc2[P+](C2CCCCC2)(C2CCCCC2)[Pd-2]2(OS(C)(=O)=O)c3ccccc3-c3ccccc3[NH+]2C)c(C(C)C)c1.CCN=P(N=P(N(C)C)(N(C)C)N(C)C)(N(C)C)N(C)C.CC(=O)N(C)C.>>CC(C)(C)c1nnc(Nc2cnc3c(Cl)cnn3c2)[nH]1,0.81,90,Commercial,Commercial BB,FALSE,4,4.717863509,FALSE,130,216,56,Commercial,Commercial BB,6,4.067738777,FALSE,27,199,90-56,Clc1cnn2cc(Br)cnc12.CC(C)(C)c1nnc(N)[nH]1>>CC(C)(C)c1nnc(Nc2cnc3c(Cl)cnn3c2)[nH]1,2
Brc1ccc2nnsc2c1,CC(C)(C)c1nnc(N)[nH]1,CC(C)(C)c1nnc(Nc2ccc3nnsc3c2)[nH]1,COc1ccc(OC)c([P+](C2CCCCC2)(C2CCCCC2)[Pd-2]2(OS(C)(=O)=O)c3ccccc3-c3ccccc3[NH+]2C)c1-c1c(C(C)C)cc(C(C)C)cc1C(C)C,CCN=P(N=P(N(C)C)(N(C)C)N(C)C)(N(C)C)N(C)C,CC(=O)N(C)C,brettphos-pd-g4,P2Et,DMA,Brc1ccc2nnsc2c1.CC(C)(C)c1nnc(N)[nH]1.COc1ccc(OC)c([P+](C2CCCCC2)(C2CCCCC2)[Pd-2]2(OS(C)(=O)=O)c3ccccc3-c3ccccc3[NH+]2C)c1-c1c(C(C)C)cc(C(C)C)cc1C(C)C.CCN=P(N=P(N(C)C)(N(C)C)N(C)C)(N(C)C)N(C)C.CC(=O)N(C)C.>>CC(C)(C)c1nnc(Nc2ccc3nnsc3c2)[nH]1,0.82,37,Commercial,Commercial BB,FALSE,0,4.365458188,FALSE,78,90,56,Commercial,Commercial BB,6,4.067738777,FALSE,27,199,37-56,Brc1ccc2nnsc2c1.CC(C)(C)c1nnc(N)[nH]1>>CC(C)(C)c1nnc(Nc2ccc3nnsc3c2)[nH]1,0
N#Cc1cnn2c(Br)c[nH]c12,CC(C)(C)[C@H](N)c1c[nH]nn1,CC(C)(C)[C@H](Nc1c[nH]c2c(C#N)cnn12)c1c[nH]nn1,COc1ccc(OC)c([P+](C2CCCCC2)(C2CCCCC2)[Pd-2]2(OS(C)(=O)=O)c3ccccc3-c3ccccc3[NH+]2C)c1-c1c(C(C)C)cc(C(C)C)cc1C(C)C,CCN=P(N=P(N(C)C)(N(C)C)N(C)C)(N(C)C)N(C)C,CCC(C)(C)O,brettphos-pd-g4,P2Et,t-AmOH,N#Cc1cnn2c(Br)c[nH]c12.CC(C)(C)[C@H](N)c1c[nH]nn1.COc1ccc(OC)c([P+](C2CCCCC2)(C2CCCCC2)[Pd-2]2(OS(C)(=O)=O)c3ccccc3-c3ccccc3[NH+]2C)c1-c1c(C(C)C)cc(C(C)C)cc1C(C)C.CCN=P(N=P(N(C)C)(N(C)C)N(C)C)(N(C)C)N(C)C.CCC(C)(C)O.>>CC(C)(C)[C@H](Nc1c[nH]c2c(C#N)cnn12)c1c[nH]nn1,0.805,7,Commercial,Commercial BB,FALSE,4,5.091490848,FALSE,-1,216,150,Commercial,Commercial BB,9,4.518013237,FALSE,51,190,7-150,N#Cc1cnn2c(Br)c[nH]c12.CC(C)(C)[C@H](N)c1c[nH]nn1>>CC(C)(C)[C@H](Nc1c[nH]c2c(C#N)cnn12)c1c[nH]nn1,0
CC(C)(C)OC(=O)n1ncc2cc(Br)ccc21,Nc1cncc(-c2ccn[nH]2)c1,CC(C)(C)OC(=O)n1ncc2cc(Nc3cncc(-c4ccn[nH]4)c3)ccc21,COc1ccc(OC)c([P+](C2CCCCC2)(C2CCCCC2)[Pd-2]2(OS(C)(=O)=O)c3ccccc3-c3ccccc3[NH+]2C)c1-c1c(C(C)C)cc(C(C)C)cc1C(C)C,CCN=P(N=P(N(C)C)(N(C)C)N(C)C)(N(C)C)N(C)C,CS(C)=O,brettphos-pd-g4,P2Et,DMSO,CC(C)(C)OC(=O)n1ncc2cc(Br)ccc21.Nc1cncc(-c2ccn[nH]2)c1.COc1ccc(OC)c([P+](C2CCCCC2)(C2CCCCC2)[Pd-2]2(OS(C)(=O)=O)c3ccccc3-c3ccccc3[NH+]2C)c1-c1c(C(C)C)cc(C(C)C)cc1C(C)C.CCN=P(N=P(N(C)C)(N(C)C)N(C)C)(N(C)C)N(C)C.CS(C)=O.>>CC(C)(C)OC(=O)n1ncc2cc(Nc3cncc(-c4ccn[nH]4)c3)ccc21,0.8,122,Commercial,Commercial BB,FALSE,0,5.292411727,FALSE,78,90,96,Commercial,Commercial BB,6,4.974050209,FALSE,53,229,122-96,CC(C)(C)OC(=O)n1ncc2cc(Br)ccc21.Nc1cncc(-c2ccn[nH]2)c1>>CC(C)(C)OC(=O)n1ncc2cc(Nc3cncc(-c4ccn[nH]4)c3)ccc21,
CC(C)(C)OC(=O)n1cccc1Br,N#Cc1c(N)sc2c1CCOC2,CC(C)(C)OC(=O)n1cccc1Nc1sc2c(c1C#N)CCOC2,CC(C)c1cc(C(C)C)c(-c2ccccc2[P+](C2CCCCC2)(C2CCCCC2)[Pd-2]2(OS(C)(=O)=O)c3ccccc3-c3ccccc3[NH+]2C)c(C(C)C)c1,CCN=P(N=P(N(C)C)(N(C)C)N(C)C)(N(C)C)N(C)C,CC(=O)N(C)C,xphos-pd-g4,P2Et,DMA,CC(C)(C)OC(=O)n1cccc1Br.N#Cc1c(N)sc2c1CCOC2.CC(C)c1cc(C(C)C)c(-c2ccccc2[P+](C2CCCCC2)(C2CCCCC2)[Pd-2]2(OS(C)(=O)=O)c3ccccc3-c3ccccc3[NH+]2C)c(C(C)C)c1.CCN=P(N=P(N(C)C)(N(C)C)N(C)C)(N(C)C)N(C)C.CC(=O)N(C)C.>>CC(C)(C)OC(=O)n1cccc1Nc1sc2c(c1C#N)CCOC2,0.805,150,Commercial,Commercial BB,FALSE,4,4.439471221,FALSE,23,88,134,Commercial,Commercial BB,6,5.14663467,FALSE,40,124,150-134,CC(C)(C)OC(=O)n1cccc1Br.N#Cc1c(N)sc2c1CCOC2>>CC(C)(C)OC(=O)n1cccc1Nc1sc2c(c1C#N)CCOC2,25
CC(C)(C)OC(=O)n1cccc1Br,Nc1ncnn1-c1ncccn1,CC(C)(C)OC(=O)n1cccc1Nc1ncnn1-c1ncccn1,CC(C)Oc1cccc(OC(C)C)c1-c1ccccc1[P+](C1CCCCC1)(C1CCCCC1)[Pd-2]1(OS(C)(=O)=O)c2ccccc2-c2ccccc2[NH+]1C,CCN=P(N=P(N(C)C)(N(C)C)N(C)C)(N(C)C)N(C)C,CCC(C)(C)O,ruphos-pd-g4,P2Et,t-AmOH,CC(C)(C)OC(=O)n1cccc1Br.Nc1ncnn1-c1ncccn1.CC(C)Oc1cccc(OC(C)C)c1-c1ccccc1[P+](C1CCCCC1)(C1CCCCC1)[Pd-2]1(OS(C)(=O)=O)c2ccccc2-c2ccccc2[NH+]1C.CCN=P(N=P(N(C)C)(N(C)C)N(C)C)(N(C)C)N(C)C.CCC(C)(C)O.>>CC(C)(C)OC(=O)n1cccc1Nc1ncnn1-c1ncccn1,0.8,150,Commercial,Commercial BB,FALSE,4,4.439471221,FALSE,23,88,129,Commercial,Commercial BB,6,4.668322032,FALSE,66,119,150-129,CC(C)(C)OC(=O)n1cccc1Br.Nc1ncnn1-c1ncccn1>>CC(C)(C)OC(=O)n1cccc1Nc1ncnn1-c1ncccn1,0
CC(C)(C)OC(=O)n1cccc1Br,Nc1ncn(Cc2cncc(F)c2)n1,CC(C)(C)OC(=O)n1cccc1Nc1ncn(Cc2cncc(F)c2)n1,CC(C)c1cc(C(C)C)c(-c2ccccc2[P+](C2CCCCC2)(C2CCCCC2)[Pd-2]2(OS(C)(=O)=O)c3ccccc3-c3ccccc3[NH+]2C)c(C(C)C)c1,CCN=P(N=P(N(C)C)(N(C)C)N(C)C)(N(C)C)N(C)C,CC(=O)N(C)C,xphos-pd-g4,P2Et,DMA,CC(C)(C)OC(=O)n1cccc1Br.Nc1ncn(Cc2cncc(F)c2)n1.CC(C)c1cc(C(C)C)c(-c2ccccc2[P+](C2CCCCC2)(C2CCCCC2)[Pd-2]2(OS(C)(=O)=O)c3ccccc3-c3ccccc3[NH+]2C)c(C(C)C)c1.CCN=P(N=P(N(C)C)(N(C)C)N(C)C)(N(C)C)N(C)C.CC(=O)N(C)C.>>CC(C)(C)OC(=O)n1cccc1Nc1ncn(Cc2cncc(F)c2)n1,0.89,150,Commercial,Commercial BB,FALSE,4,4.439471221,FALSE,23,88,127,Commercial,Commercial BB,6,5.364626339,FALSE,66,119,150-127,CC(C)(C)OC(=O)n1cccc1Br.Nc1ncn(Cc2cncc(F)c2)n1>>CC(C)(C)OC(=O)n1cccc1Nc1ncn(Cc2cncc(F)c2)n1,31
CC(C)(C)OC(=O)n1cccc1Br,Nc1cncc(-c2ccn[nH]2)c1,CC(C)(C)OC(=O)n1cccc1Nc1cncc(-c2ccn[nH]2)c1,COc1ccc(OC)c([P+](C2CCCCC2)(C2CCCCC2)[Pd-2]2(OS(C)(=O)=O)c3ccccc3-c3ccccc3[NH+]2C)c1-c1c(C(C)C)cc(C(C)C)cc1C(C)C,CCN=P(N=P(N(C)C)(N(C)C)N(C)C)(N(C)C)N(C)C,CCC(C)(C)O,brettphos-pd-g4,P2Et,t-AmOH,CC(C)(C)OC(=O)n1cccc1Br.Nc1cncc(-c2ccn[nH]2)c1.COc1ccc(OC)c([P+](C2CCCCC2)(C2CCCCC2)[Pd-2]2(OS(C)(=O)=O)c3ccccc3-c3ccccc3[NH+]2C)c1-c1c(C(C)C)cc(C(C)C)cc1C(C)C.CCN=P(N=P(N(C)C)(N(C)C)N(C)C)(N(C)C)N(C)C.CCC(C)(C)O.>>CC(C)(C)OC(=O)n1cccc1Nc1cncc(-c2ccn[nH]2)c1,0.933869048,150,Commercial,Commercial BB,FALSE,4,4.439471221,FALSE,23,88,96,Commercial,Commercial BB,6,4.974050209,FALSE,53,229,150-96,CC(C)(C)OC(=O)n1cccc1Br.Nc1cncc(-c2ccn[nH]2)c1>>CC(C)(C)OC(=O)n1cccc1Nc1cncc(-c2ccn[nH]2)c1,
CC(C)(C)OC(=O)n1cccc1Br,Nc1cncc(-c2ccn[nH]2)c1,CC(C)(C)OC(=O)n1cccc1Nc1cncc(-c2ccn[nH]2)c1,CC(C)c1cc(C(C)C)c(-c2ccccc2[P+](C2CCCCC2)(C2CCCCC2)[Pd-2]2(OS(C)(=O)=O)c3ccccc3-c3ccccc3[NH+]2C)c(C(C)C)c1,CCN=P(N=P(N(C)C)(N(C)C)N(C)C)(N(C)C)N(C)C,CS(C)=O,xphos-pd-g4,P2Et,DMSO,CC(C)(C)OC(=O)n1cccc1Br.Nc1cncc(-c2ccn[nH]2)c1.CC(C)c1cc(C(C)C)c(-c2ccccc2[P+](C2CCCCC2)(C2CCCCC2)[Pd-2]2(OS(C)(=O)=O)c3ccccc3-c3ccccc3[NH+]2C)c(C(C)C)c1.CCN=P(N=P(N(C)C)(N(C)C)N(C)C)(N(C)C)N(C)C.CS(C)=O.>>CC(C)(C)OC(=O)n1cccc1Nc1cncc(-c2ccn[nH]2)c1,0.894107143,150,Commercial,Commercial BB,FALSE,4,4.439471221,FALSE,23,88,96,Commercial,Commercial BB,6,4.974050209,FALSE,53,229,150-96,CC(C)(C)OC(=O)n1cccc1Br.Nc1cncc(-c2ccn[nH]2)c1>>CC(C)(C)OC(=O)n1cccc1Nc1cncc(-c2ccn[nH]2)c1,
CC(C)(C)OC(=O)n1cccc1Br,Nc1cn[nH]c1-c1cnccn1,CC(C)(C)OC(=O)n1cccc1Nc1cn[nH]c1-c1cnccn1,CC(C)c1cc(C(C)C)c(-c2ccccc2[P+](C2CCCCC2)(C2CCCCC2)[Pd-2]2(OS(C)(=O)=O)c3ccccc3-c3ccccc3[NH+]2C)c(C(C)C)c1,CCN=P(N=P(N(C)C)(N(C)C)N(C)C)(N(C)C)N(C)C,CC(=O)N(C)C,xphos-pd-g4,P2Et,DMA,CC(C)(C)OC(=O)n1cccc1Br.Nc1cn[nH]c1-c1cnccn1.CC(C)c1cc(C(C)C)c(-c2ccccc2[P+](C2CCCCC2)(C2CCCCC2)[Pd-2]2(OS(C)(=O)=O)c3ccccc3-c3ccccc3[NH+]2C)c(C(C)C)c1.CCN=P(N=P(N(C)C)(N(C)C)N(C)C)(N(C)C)N(C)C.CC(=O)N(C)C.>>CC(C)(C)OC(=O)n1cccc1Nc1cn[nH]c1-c1cnccn1,0.885,150,Commercial,Commercial BB,FALSE,4,4.439471221,FALSE,23,88,113,Commercial,Commercial BB,6,4.674498771,FALSE,39,229,150-113,CC(C)(C)OC(=O)n1cccc1Br.Nc1cn[nH]c1-c1cnccn1>>CC(C)(C)OC(=O)n1cccc1Nc1cn[nH]c1-c1cnccn1,52
CC(C)(C)OC(=O)n1cccc1Br,Nc1ccccc1Oc1ccccc1,CC(C)(C)OC(=O)n1cccc1Nc1ccccc1Oc1ccccc1,COc1ccc(OC)c([P+](C2CCCCC2)(C2CCCCC2)[Pd-2]2(OS(C)(=O)=O)c3ccccc3-c3ccccc3[NH+]2C)c1-c1c(C(C)C)cc(C(C)C)cc1C(C)C,CCN=P(N=P(N(C)C)(N(C)C)N(C)C)(N(C)C)N(C)C,CS(C)=O,brettphos-pd-g4,P2Et,DMSO,CC(C)(C)OC(=O)n1cccc1Br.Nc1ccccc1Oc1ccccc1.COc1ccc(OC)c([P+](C2CCCCC2)(C2CCCCC2)[Pd-2]2(OS(C)(=O)=O)c3ccccc3-c3ccccc3[NH+]2C)c1-c1c(C(C)C)cc(C(C)C)cc1C(C)C.CCN=P(N=P(N(C)C)(N(C)C)N(C)C)(N(C)C)N(C)C.CS(C)=O.>>CC(C)(C)OC(=O)n1cccc1Nc1ccccc1Oc1ccccc1,0.805,150,Commercial,Commercial BB,FALSE,4,4.439471221,FALSE,23,88,85,Commercial,Commercial BB,2,4.181053087,FALSE,7,44,150-85,CC(C)(C)OC(=O)n1cccc1Br.Nc1ccccc1Oc1ccccc1>>CC(C)(C)OC(=O)n1cccc1Nc1ccccc1Oc1ccccc1,0
CC(C)(C)OC(=O)n1cccc1Br,Nc1ccccc1N1CC2CCC1C2,CC(C)(C)OC(=O)n1cccc1Nc1ccccc1N1CC2CCC1C2,CC(C)Oc1cccc(OC(C)C)c1-c1ccccc1[P+](C1CCCCC1)(C1CCCCC1)[Pd-2]1(OS(C)(=O)=O)c2ccccc2-c2ccccc2[NH+]1C,CCN=P(N=P(N(C)C)(N(C)C)N(C)C)(N(C)C)N(C)C,CC(=O)N(C)C,ruphos-pd-g4,P2Et,DMA,CC(C)(C)OC(=O)n1cccc1Br.Nc1ccccc1N1CC2CCC1C2.CC(C)Oc1cccc(OC(C)C)c1-c1ccccc1[P+](C1CCCCC1)(C1CCCCC1)[Pd-2]1(OS(C)(=O)=O)c2ccccc2-c2ccccc2[NH+]1C.CCN=P(N=P(N(C)C)(N(C)C)N(C)C)(N(C)C)N(C)C.CC(=O)N(C)C.>>CC(C)(C)OC(=O)n1cccc1Nc1ccccc1N1CC2CCC1C2,0.81,150,Commercial,Commercial BB,FALSE,4,4.439471221,FALSE,23,88,17,Commercial,Commercial BB,2,4.95745974,FALSE,8,44,150-17,CC(C)(C)OC(=O)n1cccc1Br.Nc1ccccc1N1CC2CCC1C2>>CC(C)(C)OC(=O)n1cccc1Nc1ccccc1N1CC2CCC1C2,0
CC(C)(C)OC(=O)n1cccc1Br,Nc1cccc(-n2cccn2)c1,CC(C)(C)OC(=O)n1cccc1Nc1cccc(-n2cccn2)c1,CC(C)c1cc(C(C)C)c(-c2ccccc2[P+](C2CCCCC2)(C2CCCCC2)[Pd-2]2(OS(C)(=O)=O)c3ccccc3-c3ccccc3[NH+]2C)c(C(C)C)c1,CCN=P(N=P(N(C)C)(N(C)C)N(C)C)(N(C)C)N(C)C,CC(=O)N(C)C,xphos-pd-g4,P2Et,DMA,CC(C)(C)OC(=O)n1cccc1Br.Nc1cccc(-n2cccn2)c1.CC(C)c1cc(C(C)C)c(-c2ccccc2[P+](C2CCCCC2)(C2CCCCC2)[Pd-2]2(OS(C)(=O)=O)c3ccccc3-c3ccccc3[NH+]2C)c(C(C)C)c1.CCN=P(N=P(N(C)C)(N(C)C)N(C)C)(N(C)C)N(C)C.CC(=O)N(C)C.>>CC(C)(C)OC(=O)n1cccc1Nc1cccc(-n2cccn2)c1,0.8525,150,Commercial,Commercial BB,FALSE,4,4.439471221,FALSE,23,88,0,Commercial,Commercial BB,6,4.810265602,FALSE,26,92,150-0,CC(C)(C)OC(=O)n1cccc1Br.Nc1cccc(-n2cccn2)c1>>CC(C)(C)OC(=O)n1cccc1Nc1cccc(-n2cccn2)c1,0
CC(C)(C)OC(=O)n1cccc1Br,Nc1ccc(F)c2cn[nH]c12,CC(C)(C)OC(=O)n1cccc1Nc1ccc(F)c2cn[nH]c12,CC(C)Oc1cccc(OC(C)C)c1-c1ccccc1[P+](C1CCCCC1)(C1CCCCC1)[Pd-2]1(OS(C)(=O)=O)c2ccccc2-c2ccccc2[NH+]1C,CCN=P(N=P(N(C)C)(N(C)C)N(C)C)(N(C)C)N(C)C,CCC(C)(C)O,ruphos-pd-g4,P2Et,t-AmOH,CC(C)(C)OC(=O)n1cccc1Br.Nc1ccc(F)c2cn[nH]c12.CC(C)Oc1cccc(OC(C)C)c1-c1ccccc1[P+](C1CCCCC1)(C1CCCCC1)[Pd-2]1(OS(C)(=O)=O)c2ccccc2-c2ccccc2[NH+]1C.CCN=P(N=P(N(C)C)(N(C)C)N(C)C)(N(C)C)N(C)C.CCC(C)(C)O.>>CC(C)(C)OC(=O)n1cccc1Nc1ccc(F)c2cn[nH]c12,0.845,150,Commercial,Commercial BB,FALSE,4,4.439471221,FALSE,23,88,99,Commercial,Commercial BB,6,5.098249415,FALSE,21,231,150-99,CC(C)(C)OC(=O)n1cccc1Br.Nc1ccc(F)c2cn[nH]c12>>CC(C)(C)OC(=O)n1cccc1Nc1ccc(F)c2cn[nH]c12,23
CC(C)(C)OC(=O)n1cccc1Br,Nc1ccc(-n2nccn2)cc1,CC(C)(C)OC(=O)n1cccc1Nc1ccc(-n2nccn2)cc1,CC(C)c1cc(C(C)C)c(-c2ccccc2[P+](C2CCCCC2)(C2CCCCC2)[Pd-2]2(OS(C)(=O)=O)c3ccccc3-c3ccccc3[NH+]2C)c(C(C)C)c1,CCN=P(N=P(N(C)C)(N(C)C)N(C)C)(N(C)C)N(C)C,CC(=O)N(C)C,xphos-pd-g4,P2Et,DMA,CC(C)(C)OC(=O)n1cccc1Br.Nc1ccc(-n2nccn2)cc1.CC(C)c1cc(C(C)C)c(-c2ccccc2[P+](C2CCCCC2)(C2CCCCC2)[Pd-2]2(OS(C)(=O)=O)c3ccccc3-c3ccccc3[NH+]2C)c(C(C)C)c1.CCN=P(N=P(N(C)C)(N(C)C)N(C)C)(N(C)C)N(C)C.CC(=O)N(C)C.>>CC(C)(C)OC(=O)n1cccc1Nc1ccc(-n2nccn2)cc1,0.87,150,Commercial,Commercial BB,FALSE,4,4.439471221,FALSE,23,88,33,Commercial,Commercial BB,6,4.326590771,FALSE,26,127,150-33,CC(C)(C)OC(=O)n1cccc1Br.Nc1ccc(-n2nccn2)cc1>>CC(C)(C)OC(=O)n1cccc1Nc1ccc(-n2nccn2)cc1,29
CC(C)(C)OC(=O)n1cccc1Br,Nc1cc(F)cc(OC(F)F)c1,CC(C)(C)OC(=O)n1cccc1Nc1cc(F)cc(OC(F)F)c1,C[NH+]1c2ccccc2-c2ccccc2[Pd-2]1(OS(C)(=O)=O)[P+](C(C)(C)C)(C(C)(C)C)C(C)(C)C,CCN=P(N=P(N(C)C)(N(C)C)N(C)C)(N(C)C)N(C)C,CC#N,p(tbu)3-pd-g4,P2Et,MeCN,CC(C)(C)OC(=O)n1cccc1Br.Nc1cc(F)cc(OC(F)F)c1.C[NH+]1c2ccccc2-c2ccccc2[Pd-2]1(OS(C)(=O)=O)[P+](C(C)(C)C)(C(C)(C)C)C(C)(C)C.CCN=P(N=P(N(C)C)(N(C)C)N(C)C)(N(C)C)N(C)C.CC#N.>>CC(C)(C)OC(=O)n1cccc1Nc1cc(F)cc(OC(F)F)c1,0.815,150,Commercial,Commercial BB,FALSE,4,4.439471221,FALSE,23,88,6,Commercial,Commercial BB,2,4.426971678,FALSE,7,54,150-6,CC(C)(C)OC(=O)n1cccc1Br.Nc1cc(F)cc(OC(F)F)c1>>CC(C)(C)OC(=O)n1cccc1Nc1cc(F)cc(OC(F)F)c1,1
CC(C)(C)OC(=O)n1cccc1Br,Nc1cc(F)c(-n2ccnc2)c(F)c1,CC(C)(C)OC(=O)n1cccc1Nc1cc(F)c(-n2ccnc2)c(F)c1,C[NH+]1c2ccccc2-c2ccccc2[Pd-2]1(OS(C)(=O)=O)[P+](C(C)(C)C)(C(C)(C)C)C(C)(C)C,CCN=P(N=P(N(C)C)(N(C)C)N(C)C)(N(C)C)N(C)C,CC#N,p(tbu)3-pd-g4,P2Et,MeCN,CC(C)(C)OC(=O)n1cccc1Br.Nc1cc(F)c(-n2ccnc2)c(F)c1.C[NH+]1c2ccccc2-c2ccccc2[Pd-2]1(OS(C)(=O)=O)[P+](C(C)(C)C)(C(C)(C)C)C(C)(C)C.CCN=P(N=P(N(C)C)(N(C)C)N(C)C)(N(C)C)N(C)C.CC#N.>>CC(C)(C)OC(=O)n1cccc1Nc1cc(F)c(-n2ccnc2)c(F)c1,0.84,150,Commercial,Commercial BB,FALSE,4,4.439471221,FALSE,23,88,36,Commercial,Commercial BB,6,4.837256301,FALSE,29,127,150-36,CC(C)(C)OC(=O)n1cccc1Br.Nc1cc(F)c(-n2ccnc2)c(F)c1>>CC(C)(C)OC(=O)n1cccc1Nc1cc(F)c(-n2ccnc2)c(F)c1,0
CC(C)(C)OC(=O)n1cccc1Br,Nc1c(F)ccc2c1OCO2,CC(C)(C)OC(=O)n1cccc1Nc1c(F)ccc2c1OCO2,C[NH+]1c2ccccc2-c2ccccc2[Pd-2]1(OS(C)(=O)=O)[P+](C(C)(C)C)(C(C)(C)C)C(C)(C)C,CCN=P(N=P(N(C)C)(N(C)C)N(C)C)(N(C)C)N(C)C,CS(C)=O,p(tbu)3-pd-g4,P2Et,DMSO,CC(C)(C)OC(=O)n1cccc1Br.Nc1c(F)ccc2c1OCO2.C[NH+]1c2ccccc2-c2ccccc2[Pd-2]1(OS(C)(=O)=O)[P+](C(C)(C)C)(C(C)(C)C)C(C)(C)C.CCN=P(N=P(N(C)C)(N(C)C)N(C)C)(N(C)C)N(C)C.CS(C)=O.>>CC(C)(C)OC(=O)n1cccc1Nc1c(F)ccc2c1OCO2,0.84,150,Commercial,Commercial BB,FALSE,4,4.439471221,FALSE,23,88,74,Commercial,Commercial BB,2,4.649112898,FALSE,21,54,150-74,CC(C)(C)OC(=O)n1cccc1Br.Nc1c(F)ccc2c1OCO2>>CC(C)(C)OC(=O)n1cccc1Nc1c(F)ccc2c1OCO2,2
CC(C)(C)OC(=O)n1cccc1Br,NCC1(c2cc(=O)cc[nH]2)CCC1,CC(C)(C)OC(=O)n1cccc1NCC1(c2cc(=O)cc[nH]2)CCC1,CC(C)c1cc(C(C)C)c(-c2ccccc2[P+](C2CCCCC2)(C2CCCCC2)[Pd-2]2(OS(C)(=O)=O)c3ccccc3-c3ccccc3[NH+]2C)c(C(C)C)c1,CCN=P(N=P(N(C)C)(N(C)C)N(C)C)(N(C)C)N(C)C,Cc1ccccc1,xphos-pd-g4,P2Et,Toluene,CC(C)(C)OC(=O)n1cccc1Br.NCC1(c2cc(=O)cc[nH]2)CCC1.CC(C)c1cc(C(C)C)c(-c2ccccc2[P+](C2CCCCC2)(C2CCCCC2)[Pd-2]2(OS(C)(=O)=O)c3ccccc3-c3ccccc3[NH+]2C)c(C(C)C)c1.CCN=P(N=P(N(C)C)(N(C)C)N(C)C)(N(C)C)N(C)C.Cc1ccccc1.>>CC(C)(C)OC(=O)n1cccc1NCC1(c2cc(=O)cc[nH]2)CCC1,0.83542963,150,Commercial,Commercial BB,FALSE,4,4.439471221,FALSE,23,88,19,Commercial,Commercial BB,1,5.053731731,FALSE,62,300,150-19,CC(C)(C)OC(=O)n1cccc1Br.NCC1(c2cc(=O)cc[nH]2)CCC1>>CC(C)(C)OC(=O)n1cccc1NCC1(c2cc(=O)cc[nH]2)CCC1,0
CC(C)(C)OC(=O)n1cccc1Br,NC1CCN(c2ncccc2F)C1,CC(C)(C)OC(=O)n1cccc1NC1CCN(c2ncccc2F)C1,COc1ccc(OC)c([P+](C2CCCCC2)(C2CCCCC2)[Pd-2]2(OS(C)(=O)=O)c3ccccc3-c3ccccc3[NH+]2C)c1-c1c(C(C)C)cc(C(C)C)cc1C(C)C,CCN=P(N=P(N(C)C)(N(C)C)N(C)C)(N(C)C)N(C)C,Cc1ccccc1,brettphos-pd-g4,P2Et,Toluene,CC(C)(C)OC(=O)n1cccc1Br.NC1CCN(c2ncccc2F)C1.COc1ccc(OC)c([P+](C2CCCCC2)(C2CCCCC2)[Pd-2]2(OS(C)(=O)=O)c3ccccc3-c3ccccc3[NH+]2C)c1-c1c(C(C)C)cc(C(C)C)cc1C(C)C.CCN=P(N=P(N(C)C)(N(C)C)N(C)C)(N(C)C)N(C)C.Cc1ccccc1.>>CC(C)(C)OC(=O)n1cccc1NC1CCN(c2ncccc2F)C1,0.815,150,Commercial,Commercial BB,FALSE,4,4.439471221,FALSE,23,88,53,Commercial,Commercial BB,9,5.070870804,FALSE,53,54,150-53,CC(C)(C)OC(=O)n1cccc1Br.NC1CCN(c2ncccc2F)C1>>CC(C)(C)OC(=O)n1cccc1NC1CCN(c2ncccc2F)C1,0
CC(C)(C)OC(=O)N1CCn2nnc(Br)c2C1,Nc1cncc(-c2ccn[nH]2)c1,CC(C)(C)OC(=O)N1CCn2nnc(Nc3cncc(-c4ccn[nH]4)c3)c2C1,COc1ccc(OC)c([P+](C2CCCCC2)(C2CCCCC2)[Pd-2]2(OS(C)(=O)=O)c3ccccc3-c3ccccc3[NH+]2C)c1-c1c(C(C)C)cc(C(C)C)cc1C(C)C,CCN=P(N=P(N(C)C)(N(C)C)N(C)C)(N(C)C)N(C)C,CCC(C)(C)O,brettphos-pd-g4,P2Et,t-AmOH,CC(C)(C)OC(=O)N1CCn2nnc(Br)c2C1.Nc1cncc(-c2ccn[nH]2)c1.COc1ccc(OC)c([P+](C2CCCCC2)(C2CCCCC2)[Pd-2]2(OS(C)(=O)=O)c3ccccc3-c3ccccc3[NH+]2C)c1-c1c(C(C)C)cc(C(C)C)cc1C(C)C.CCN=P(N=P(N(C)C)(N(C)C)N(C)C)(N(C)C)N(C)C.CCC(C)(C)O.>>CC(C)(C)OC(=O)N1CCn2nnc(Nc3cncc(-c4ccn[nH]4)c3)c2C1,0.81462963,143,Commercial,Commercial BB,FALSE,4,5.998868188,FALSE,13,88,96,Commercial,Commercial BB,6,4.974050209,FALSE,53,229,143-96,CC(C)(C)OC(=O)N1CCn2nnc(Br)c2C1.Nc1cncc(-c2ccn[nH]2)c1>>CC(C)(C)OC(=O)N1CCn2nnc(Nc3cncc(-c4ccn[nH]4)c3)c2C1,
CC(C)(C)OC(=O)N1CCn2ncc(Br)c2C1,Nc1ccc(-n2nccn2)cc1,CC(C)(C)OC(=O)N1CCn2ncc(Nc3ccc(-n4nccn4)cc3)c2C1,CC(C)c1cc(C(C)C)c(-c2ccccc2[P+](C2CCCCC2)(C2CCCCC2)[Pd-2]2(OS(C)(=O)=O)c3ccccc3-c3ccccc3[NH+]2C)c(C(C)C)c1,CCN=P(N=P(N(C)C)(N(C)C)N(C)C)(N(C)C)N(C)C,CS(C)=O,xphos-pd-g4,P2Et,DMSO,CC(C)(C)OC(=O)N1CCn2ncc(Br)c2C1.Nc1ccc(-n2nccn2)cc1.CC(C)c1cc(C(C)C)c(-c2ccccc2[P+](C2CCCCC2)(C2CCCCC2)[Pd-2]2(OS(C)(=O)=O)c3ccccc3-c3ccccc3[NH+]2C)c(C(C)C)c1.CCN=P(N=P(N(C)C)(N(C)C)N(C)C)(N(C)C)N(C)C.CS(C)=O.>>CC(C)(C)OC(=O)N1CCn2ncc(Nc3ccc(-n4nccn4)cc3)c2C1,0.803409091,24,Commercial,Commercial BB,FALSE,4,5.86974899,FALSE,116,88,33,Commercial,Commercial BB,6,4.326590771,FALSE,26,127,24-33,CC(C)(C)OC(=O)N1CCn2ncc(Br)c2C1.Nc1ccc(-n2nccn2)cc1>>CC(C)(C)OC(=O)N1CCn2ncc(Nc3ccc(-n4nccn4)cc3)c2C1,0
CC(C)(C)OC(=O)N1CCn2ncc(Br)c2C1,NC1(c2c[nH]nn2)CC(F)(F)C1,CC(C)(C)OC(=O)N1CCn2ncc(NC3(c4c[nH]nn4)CC(F)(F)C3)c2C1,COc1ccc(OC)c([P+](C2CCCCC2)(C2CCCCC2)[Pd-2]2(OS(C)(=O)=O)c3ccccc3-c3ccccc3[NH+]2C)c1-c1c(C(C)C)cc(C(C)C)cc1C(C)C,CCN=P(N=P(N(C)C)(N(C)C)N(C)C)(N(C)C)N(C)C,Cc1ccccc1,brettphos-pd-g4,P2Et,Toluene,CC(C)(C)OC(=O)N1CCn2ncc(Br)c2C1.NC1(c2c[nH]nn2)CC(F)(F)C1.COc1ccc(OC)c([P+](C2CCCCC2)(C2CCCCC2)[Pd-2]2(OS(C)(=O)=O)c3ccccc3-c3ccccc3[NH+]2C)c1-c1c(C(C)C)cc(C(C)C)cc1C(C)C.CCN=P(N=P(N(C)C)(N(C)C)N(C)C)(N(C)C)N(C)C.Cc1ccccc1.>>CC(C)(C)OC(=O)N1CCn2ncc(NC3(c4c[nH]nn4)CC(F)(F)C3)c2C1,0.8,24,Commercial,Commercial BB,FALSE,4,5.86974899,FALSE,116,88,144,Commercial,Commercial BB,9,4.923013102,FALSE,51,190,24-144,CC(C)(C)OC(=O)N1CCn2ncc(Br)c2C1.NC1(c2c[nH]nn2)CC(F)(F)C1>>CC(C)(C)OC(=O)N1CCn2ncc(NC3(c4c[nH]nn4)CC(F)(F)C3)c2C1,30
CC(C)(C)OC(=O)N1CCc2c(Br)cncc2C1,Nc1ccc(-n2nccn2)cc1,CC(C)(C)OC(=O)N1CCc2c(cncc2Nc2ccc(-n3nccn3)cc2)C1,CC(C)c1cc(C(C)C)c(-c2ccccc2[P+](C2CCCCC2)(C2CCCCC2)[Pd-2]2(OS(C)(=O)=O)c3ccccc3-c3ccccc3[NH+]2C)c(C(C)C)c1,CCN=P(N=P(N(C)C)(N(C)C)N(C)C)(N(C)C)N(C)C,CCC(C)(C)O,xphos-pd-g4,P2Et,t-AmOH,CC(C)(C)OC(=O)N1CCc2c(Br)cncc2C1.Nc1ccc(-n2nccn2)cc1.CC(C)c1cc(C(C)C)c(-c2ccccc2[P+](C2CCCCC2)(C2CCCCC2)[Pd-2]2(OS(C)(=O)=O)c3ccccc3-c3ccccc3[NH+]2C)c(C(C)C)c1.CCN=P(N=P(N(C)C)(N(C)C)N(C)C)(N(C)C)N(C)C.CCC(C)(C)O.>>CC(C)(C)OC(=O)N1CCc2c(cncc2Nc2ccc(-n3nccn3)cc2)C1,0.807777778,157,Commercial,Commercial BB,FALSE,4,5.718527093,FALSE,129,88,33,Commercial,Commercial BB,6,4.326590771,FALSE,26,127,157-33,CC(C)(C)OC(=O)N1CCc2c(Br)cncc2C1.Nc1ccc(-n2nccn2)cc1>>CC(C)(C)OC(=O)N1CCc2c(cncc2Nc2ccc(-n3nccn3)cc2)C1,
CC(C)(C)OC(=O)N1CC(n2ccc(Br)n2)C1,Nc1cccc(-n2cnnc2)c1,CC(C)(C)OC(=O)N1CC(n2ccc(Nc3cccc(-n4cnnc4)c3)n2)C1,CC(C)c1cc(C(C)C)c(-c2ccccc2[P+](C2CCCCC2)(C2CCCCC2)[Pd-2]2(OS(C)(=O)=O)c3ccccc3-c3ccccc3[NH+]2C)c(C(C)C)c1,CCN=P(N=P(N(C)C)(N(C)C)N(C)C)(N(C)C)N(C)C,CC(=O)N(C)C,xphos-pd-g4,P2Et,DMA,CC(C)(C)OC(=O)N1CC(n2ccc(Br)n2)C1.Nc1cccc(-n2cnnc2)c1.CC(C)c1cc(C(C)C)c(-c2ccccc2[P+](C2CCCCC2)(C2CCCCC2)[Pd-2]2(OS(C)(=O)=O)c3ccccc3-c3ccccc3[NH+]2C)c(C(C)C)c1.CCN=P(N=P(N(C)C)(N(C)C)N(C)C)(N(C)C)N(C)C.CC(=O)N(C)C.>>CC(C)(C)OC(=O)N1CC(n2ccc(Nc3cccc(-n4cnnc4)c3)n2)C1,0.814310345,83,Commercial,Commercial BB,FALSE,4,5.380044362,FALSE,13,88,7,Commercial,Commercial BB,6,4.642810028,FALSE,26,127,83-7,CC(C)(C)OC(=O)N1CC(n2ccc(Br)n2)C1.Nc1cccc(-n2cnnc2)c1>>CC(C)(C)OC(=O)N1CC(n2ccc(Nc3cccc(-n4cnnc4)c3)n2)C1,0
CC(C)(C)OC(=O)N1CC(n2ccc(Br)n2)C1,NCc1nc(O)c2c(n1)CCOC2,CC(C)(C)OC(=O)N1CC(n2ccc(NCc3nc(O)c4c(n3)CCOC4)n2)C1,COc1ccc(OC)c([P+](C2CCCCC2)(C2CCCCC2)[Pd-2]2(OS(C)(=O)=O)c3ccccc3-c3ccccc3[NH+]2C)c1-c1c(C(C)C)cc(C(C)C)cc1C(C)C,CCN=P(N=P(N(C)C)(N(C)C)N(C)C)(N(C)C)N(C)C,CS(C)=O,brettphos-pd-g4,P2Et,DMSO,CC(C)(C)OC(=O)N1CC(n2ccc(Br)n2)C1.NCc1nc(O)c2c(n1)CCOC2.COc1ccc(OC)c([P+](C2CCCCC2)(C2CCCCC2)[Pd-2]2(OS(C)(=O)=O)c3ccccc3-c3ccccc3[NH+]2C)c1-c1c(C(C)C)cc(C(C)C)cc1C(C)C.CCN=P(N=P(N(C)C)(N(C)C)N(C)C)(N(C)C)N(C)C.CS(C)=O.>>CC(C)(C)OC(=O)N1CC(n2ccc(NCc3nc(O)c4c(n3)CCOC4)n2)C1,0.805,83,Commercial,Commercial BB,FALSE,4,5.380044362,FALSE,13,88,52,Commercial,Commercial BB,9,5.529196874,FALSE,67,228,83-52,CC(C)(C)OC(=O)N1CC(n2ccc(Br)n2)C1.NCc1nc(O)c2c(n1)CCOC2>>CC(C)(C)OC(=O)N1CC(n2ccc(NCc3nc(O)c4c(n3)CCOC4)n2)C1,36
CC(C)(C)OC(=O)N1CC(n2ccc(Br)n2)C1,CC(C)(CN)c1cc(=O)cc[nH]1,CC(C)(C)OC(=O)N1CC(n2ccc(NCC(C)(C)c3cc(=O)cc[nH]3)n2)C1,CC(C)c1cc(C(C)C)c(-c2ccccc2[P+](C2CCCCC2)(C2CCCCC2)[Pd-2]2(OS(C)(=O)=O)c3ccccc3-c3ccccc3[NH+]2C)c(C(C)C)c1,CCN=P(N=P(N(C)C)(N(C)C)N(C)C)(N(C)C)N(C)C,CCC(C)(C)O,xphos-pd-g4,P2Et,t-AmOH,CC(C)(C)OC(=O)N1CC(n2ccc(Br)n2)C1.CC(C)(CN)c1cc(=O)cc[nH]1.CC(C)c1cc(C(C)C)c(-c2ccccc2[P+](C2CCCCC2)(C2CCCCC2)[Pd-2]2(OS(C)(=O)=O)c3ccccc3-c3ccccc3[NH+]2C)c(C(C)C)c1.CCN=P(N=P(N(C)C)(N(C)C)N(C)C)(N(C)C)N(C)C.CCC(C)(C)O.>>CC(C)(C)OC(=O)N1CC(n2ccc(NCC(C)(C)c3cc(=O)cc[nH]3)n2)C1,0.87,83,Commercial,Commercial BB,FALSE,4,5.380044362,FALSE,13,88,12,Commercial,Commercial BB,9,4.974037475,FALSE,3,300,83-12,CC(C)(C)OC(=O)N1CC(n2ccc(Br)n2)C1.CC(C)(CN)c1cc(=O)cc[nH]1>>CC(C)(C)OC(=O)N1CC(n2ccc(NCC(C)(C)c3cc(=O)cc[nH]3)n2)C1,0
CC(C)(C)OC(=O)N1CC(c2ncc(Br)cn2)C1,NC1(c2c[nH]nn2)CC(F)(F)C1,CC(C)(C)OC(=O)N1CC(c2ncc(NC3(c4c[nH]nn4)CC(F)(F)C3)cn2)C1,CC(C)Oc1cccc(OC(C)C)c1-c1ccccc1[P+](C1CCCCC1)(C1CCCCC1)[Pd-2]1(OS(C)(=O)=O)c2ccccc2-c2ccccc2[NH+]1C,CCN=P(N=P(N(C)C)(N(C)C)N(C)C)(N(C)C)N(C)C,CS(C)=O,ruphos-pd-g4,P2Et,DMSO,CC(C)(C)OC(=O)N1CC(c2ncc(Br)cn2)C1.NC1(c2c[nH]nn2)CC(F)(F)C1.CC(C)Oc1cccc(OC(C)C)c1-c1ccccc1[P+](C1CCCCC1)(C1CCCCC1)[Pd-2]1(OS(C)(=O)=O)c2ccccc2-c2ccccc2[NH+]1C.CCN=P(N=P(N(C)C)(N(C)C)N(C)C)(N(C)C)N(C)C.CS(C)=O.>>CC(C)(C)OC(=O)N1CC(c2ncc(NC3(c4c[nH]nn4)CC(F)(F)C3)cn2)C1,0.81,58,Commercial,Commercial BB,FALSE,4,5.26132704,FALSE,179,88,144,Commercial,Commercial BB,9,4.923013102,FALSE,51,190,58-144,CC(C)(C)OC(=O)N1CC(c2ncc(Br)cn2)C1.NC1(c2c[nH]nn2)CC(F)(F)C1>>CC(C)(C)OC(=O)N1CC(c2ncc(NC3(c4c[nH]nn4)CC(F)(F)C3)cn2)C1,0
C#Cc1cccc(-c2ccc(Cl)cc2)c1,Cc1cc(-n2nccc2N)ncn1,C#Cc1cccc(-c2ccc(Nc3ccnn3-c3cc(C)ncn3)cc2)c1,COc1ccc(OC)c([P+](C2CCCCC2)(C2CCCCC2)[Pd-2]2(OS(C)(=O)=O)c3ccccc3-c3ccccc3[NH+]2C)c1-c1c(C(C)C)cc(C(C)C)cc1C(C)C,CCN=P(N=P(N(C)C)(N(C)C)N(C)C)(N(C)C)N(C)C,CCC(C)(C)O,brettphos-pd-g4,P2Et,t-AmOH,C#Cc1cccc(-c2ccc(Cl)cc2)c1.Cc1cc(-n2nccc2N)ncn1.COc1ccc(OC)c([P+](C2CCCCC2)(C2CCCCC2)[Pd-2]2(OS(C)(=O)=O)c3ccccc3-c3ccccc3[NH+]2C)c1-c1c(C(C)C)cc(C(C)C)cc1C(C)C.CCN=P(N=P(N(C)C)(N(C)C)N(C)C)(N(C)C)N(C)C.CCC(C)(C)O.>>C#Cc1cccc(-c2ccc(Nc3ccnn3-c3cc(C)ncn3)cc2)c1,0.8,29,Commercial,Commercial BB,FALSE,8,4.475294219,FALSE,68,63,64,Commercial,Commercial BB,6,4.934064378,FALSE,33,213,29-64,C#Cc1cccc(-c2ccc(Cl)cc2)c1.Cc1cc(-n2nccc2N)ncn1>>C#Cc1cccc(-c2ccc(Nc3ccnn3-c3cc(C)ncn3)cc2)c1,0
C#Cc1cccc(-c2ccc(Cl)cc2)c1,Nc1cc(F)ccc1N1CCCCC1,C#Cc1cccc(-c2ccc(Nc3cc(F)ccc3N3CCCCC3)cc2)c1,CC(C)c1cc(C(C)C)c(-c2ccccc2[P+](C2CCCCC2)(C2CCCCC2)[Pd-2]2(OS(C)(=O)=O)c3ccccc3-c3ccccc3[NH+]2C)c(C(C)C)c1,CCN=P(N=P(N(C)C)(N(C)C)N(C)C)(N(C)C)N(C)C,CC(=O)N(C)C,xphos-pd-g4,P2Et,DMA,C#Cc1cccc(-c2ccc(Cl)cc2)c1.Nc1cc(F)ccc1N1CCCCC1.CC(C)c1cc(C(C)C)c(-c2ccccc2[P+](C2CCCCC2)(C2CCCCC2)[Pd-2]2(OS(C)(=O)=O)c3ccccc3-c3ccccc3[NH+]2C)c(C(C)C)c1.CCN=P(N=P(N(C)C)(N(C)C)N(C)C)(N(C)C)N(C)C.CC(=O)N(C)C.>>C#Cc1cccc(-c2ccc(Nc3cc(F)ccc3N3CCCCC3)cc2)c1,0.82,29,Commercial,Commercial BB,FALSE,8,4.475294219,FALSE,68,63,84,Commercial,Commercial BB,2,4.789703418,FALSE,15,44,29-84,C#Cc1cccc(-c2ccc(Cl)cc2)c1.Nc1cc(F)ccc1N1CCCCC1>>C#Cc1cccc(-c2ccc(Nc3cc(F)ccc3N3CCCCC3)cc2)c1,0
C#Cc1cccc(-c2ccc(Cl)cc2)c1,Nc1cc(F)cc2c1OCCC2,C#Cc1cccc(-c2ccc(Nc3cc(F)cc4c3OCCC4)cc2)c1,CC(C)Oc1cccc(OC(C)C)c1-c1ccccc1[P+](C1CCCCC1)(C1CCCCC1)[Pd-2]1(OS(C)(=O)=O)c2ccccc2-c2ccccc2[NH+]1C,CCN=P(N=P(N(C)C)(N(C)C)N(C)C)(N(C)C)N(C)C,CC(=O)N(C)C,ruphos-pd-g4,P2Et,DMA,C#Cc1cccc(-c2ccc(Cl)cc2)c1.Nc1cc(F)cc2c1OCCC2.CC(C)Oc1cccc(OC(C)C)c1-c1ccccc1[P+](C1CCCCC1)(C1CCCCC1)[Pd-2]1(OS(C)(=O)=O)c2ccccc2-c2ccccc2[NH+]1C.CCN=P(N=P(N(C)C)(N(C)C)N(C)C)(N(C)C)N(C)C.CC(=O)N(C)C.>>C#Cc1cccc(-c2ccc(Nc3cc(F)cc4c3OCCC4)cc2)c1,0.815192308,29,Commercial,Commercial BB,FALSE,8,4.475294219,FALSE,68,63,114,Commercial,Commercial BB,2,5.083562386,FALSE,56,54,29-114,C#Cc1cccc(-c2ccc(Cl)cc2)c1.Nc1cc(F)cc2c1OCCC2>>C#Cc1cccc(-c2ccc(Nc3cc(F)cc4c3OCCC4)cc2)c1,0
C#CCn1ccc2cc(Br)ccc21,Cc1ncnn1-c1cccc(N)c1,C#CCn1ccc2cc(Nc3cccc(-n4ncnc4C)c3)ccc21,COc1ccc(OC)c([P+](C2CCCCC2)(C2CCCCC2)[Pd-2]2(OS(C)(=O)=O)c3ccccc3-c3ccccc3[NH+]2C)c1-c1c(C(C)C)cc(C(C)C)cc1C(C)C,CCN=P(N=P(N(C)C)(N(C)C)N(C)C)(N(C)C)N(C)C,CCC(C)(C)O,brettphos-pd-g4,P2Et,t-AmOH,C#CCn1ccc2cc(Br)ccc21.Cc1ncnn1-c1cccc(N)c1.COc1ccc(OC)c([P+](C2CCCCC2)(C2CCCCC2)[Pd-2]2(OS(C)(=O)=O)c3ccccc3-c3ccccc3[NH+]2C)c1-c1c(C(C)C)cc(C(C)C)cc1C(C)C.CCN=P(N=P(N(C)C)(N(C)C)N(C)C)(N(C)C)N(C)C.CCC(C)(C)O.>>C#CCn1ccc2cc(Nc3cccc(-n4ncnc4C)c3)ccc21,0.83,48,Commercial,Commercial BB,FALSE,0,4.89327777,FALSE,89,90,121,Commercial,Commercial BB,6,4.952017096,FALSE,26,127,48-121,C#CCn1ccc2cc(Br)ccc21.Cc1ncnn1-c1cccc(N)c1>>C#CCn1ccc2cc(Nc3cccc(-n4ncnc4C)c3)ccc21,0
Cc1cn2cc(Br)ncc2n1,C#CCOc1ccc(F)cc1N,C#CCOc1ccc(F)cc1Nc1cn2cc(C)nc2cn1,COc1ccc(OC)c([P+](C2CCCCC2)(C2CCCCC2)[Pd-2]2(OS(C)(=O)=O)c3ccccc3-c3ccccc3[NH+]2C)c1-c1c(C(C)C)cc(C(C)C)cc1C(C)C,CCN=P(N=P(N(C)C)(N(C)C)N(C)C)(N(C)C)N(C)C,CCC(C)(C)O,brettphos-pd-g4,P2Et,t-AmOH,Cc1cn2cc(Br)ncc2n1.C#CCOc1ccc(F)cc1N.COc1ccc(OC)c([P+](C2CCCCC2)(C2CCCCC2)[Pd-2]2(OS(C)(=O)=O)c3ccccc3-c3ccccc3[NH+]2C)c1-c1c(C(C)C)cc(C(C)C)cc1C(C)C.CCN=P(N=P(N(C)C)(N(C)C)N(C)C)(N(C)C)N(C)C.CCC(C)(C)O.>>C#CCOc1ccc(F)cc1Nc1cn2cc(C)nc2cn1,0.835388889,35,Commercial,Commercial BB,FALSE,4,4.605040742,FALSE,35,205,47,Commercial,Commercial BB,2,4.730097195,FALSE,21,44,35-47,Cc1cn2cc(Br)ncc2n1.C#CCOc1ccc(F)cc1N>>C#CCOc1ccc(F)cc1Nc1cn2cc(C)nc2cn1,0
Brc1cn(C2CCOCC2)cn1,C#CCOc1ccc(F)cc1N,C#CCOc1ccc(F)cc1Nc1cn(C2CCOCC2)cn1,C[NH+]1c2ccccc2-c2ccccc2[Pd-2]1(OS(C)(=O)=O)[P+](C(C)(C)C)(C(C)(C)C)C(C)(C)C,CCN=P(N=P(N(C)C)(N(C)C)N(C)C)(N(C)C)N(C)C,Cc1ccccc1,p(tbu)3-pd-g4,P2Et,Toluene,Brc1cn(C2CCOCC2)cn1.C#CCOc1ccc(F)cc1N.C[NH+]1c2ccccc2-c2ccccc2[Pd-2]1(OS(C)(=O)=O)[P+](C(C)(C)C)(C(C)(C)C)C(C)(C)C.CCN=P(N=P(N(C)C)(N(C)C)N(C)C)(N(C)C)N(C)C.Cc1ccccc1.>>C#CCOc1ccc(F)cc1Nc1cn(C2CCOCC2)cn1,0.825,72,Commercial,Commercial BB,FALSE,4,4.787024627,FALSE,54,165,47,Commercial,Commercial BB,2,4.730097195,FALSE,21,44,72-47,Brc1cn(C2CCOCC2)cn1.C#CCOc1ccc(F)cc1N>>C#CCOc1ccc(F)cc1Nc1cn(C2CCOCC2)cn1,52
CCCn1cc2cc(Br)ccc2n1,C#CCOc1ccc(F)cc1N,C#CCOc1ccc(F)cc1Nc1ccc2nn(CCC)cc2c1,CC(C)c1cc(C(C)C)c(-c2ccccc2[P+](C2CCCCC2)(C2CCCCC2)[Pd-2]2(OS(C)(=O)=O)c3ccccc3-c3ccccc3[NH+]2C)c(C(C)C)c1,CCN=P(N=P(N(C)C)(N(C)C)N(C)C)(N(C)C)N(C)C,CC(=O)N(C)C,xphos-pd-g4,P2Et,DMA,CCCn1cc2cc(Br)ccc2n1.C#CCOc1ccc(F)cc1N.CC(C)c1cc(C(C)C)c(-c2ccccc2[P+](C2CCCCC2)(C2CCCCC2)[Pd-2]2(OS(C)(=O)=O)c3ccccc3-c3ccccc3[NH+]2C)c(C(C)C)c1.CCN=P(N=P(N(C)C)(N(C)C)N(C)C)(N(C)C)N(C)C.CC(=O)N(C)C.>>C#CCOc1ccc(F)cc1Nc1ccc2nn(CCC)cc2c1,0.81,147,Commercial,Commercial BB,FALSE,0,4.953739924,FALSE,78,90,47,Commercial,Commercial BB,2,4.730097195,FALSE,21,44,147-47,CCCn1cc2cc(Br)ccc2n1.C#CCOc1ccc(F)cc1N>>C#CCOc1ccc(F)cc1Nc1ccc2nn(CCC)cc2c1,47
Cc1cc2nnsc2cc1Br,C#CCOc1ccc(F)cc1N,C#CCOc1ccc(F)cc1Nc1cc2snnc2cc1C,CC(C)c1cc(C(C)C)c(-c2ccccc2[P+](C2CCCCC2)(C2CCCCC2)[Pd-2]2(OS(C)(=O)=O)c3ccccc3-c3ccccc3[NH+]2C)c(C(C)C)c1,CCN=P(N=P(N(C)C)(N(C)C)N(C)C)(N(C)C)N(C)C,CCC(C)(C)O,xphos-pd-g4,P2Et,t-AmOH,Cc1cc2nnsc2cc1Br.C#CCOc1ccc(F)cc1N.CC(C)c1cc(C(C)C)c(-c2ccccc2[P+](C2CCCCC2)(C2CCCCC2)[Pd-2]2(OS(C)(=O)=O)c3ccccc3-c3ccccc3[NH+]2C)c(C(C)C)c1.CCN=P(N=P(N(C)C)(N(C)C)N(C)C)(N(C)C)N(C)C.CCC(C)(C)O.>>C#CCOc1ccc(F)cc1Nc1cc2snnc2cc1C,0.858545455,21,Commercial,Commercial BB,FALSE,0,4.770436028,FALSE,146,90,47,Commercial,Commercial BB,2,4.730097195,FALSE,21,44,21-47,Cc1cc2nnsc2cc1Br.C#CCOc1ccc(F)cc1N>>C#CCOc1ccc(F)cc1Nc1cc2snnc2cc1C,0
Cc1cc2nnsc2cc1Br,C#CCOc1ccc(F)cc1N,C#CCOc1ccc(F)cc1Nc1cc2snnc2cc1C,CC(C)Oc1cccc(OC(C)C)c1-c1ccccc1[P+](C1CCCCC1)(C1CCCCC1)[Pd-2]1(OS(C)(=O)=O)c2ccccc2-c2ccccc2[NH+]1C,CCN=P(N=P(N(C)C)(N(C)C)N(C)C)(N(C)C)N(C)C,CC(=O)N(C)C,ruphos-pd-g4,P2Et,DMA,Cc1cc2nnsc2cc1Br.C#CCOc1ccc(F)cc1N.CC(C)Oc1cccc(OC(C)C)c1-c1ccccc1[P+](C1CCCCC1)(C1CCCCC1)[Pd-2]1(OS(C)(=O)=O)c2ccccc2-c2ccccc2[NH+]1C.CCN=P(N=P(N(C)C)(N(C)C)N(C)C)(N(C)C)N(C)C.CC(=O)N(C)C.>>C#CCOc1ccc(F)cc1Nc1cc2snnc2cc1C,0.818712121,21,Commercial,Commercial BB,FALSE,0,4.770436028,FALSE,146,90,47,Commercial,Commercial BB,2,4.730097195,FALSE,21,44,21-47,Cc1cc2nnsc2cc1Br.C#CCOc1ccc(F)cc1N>>C#CCOc1ccc(F)cc1Nc1cc2snnc2cc1C,1
CC(C)n1nnc2cc(C#N)cc(Br)c21,C#CCOc1ccc(F)cc1N,C#CCOc1ccc(F)cc1Nc1cc(C#N)cc2nnn(C(C)C)c12,CC(C)Oc1cccc(OC(C)C)c1-c1ccccc1[P+](C1CCCCC1)(C1CCCCC1)[Pd-2]1(OS(C)(=O)=O)c2ccccc2-c2ccccc2[NH+]1C,CCN=P(N=P(N(C)C)(N(C)C)N(C)C)(N(C)C)N(C)C,CC#N,ruphos-pd-g4,P2Et,MeCN,CC(C)n1nnc2cc(C#N)cc(Br)c21.C#CCOc1ccc(F)cc1N.CC(C)Oc1cccc(OC(C)C)c1-c1ccccc1[P+](C1CCCCC1)(C1CCCCC1)[Pd-2]1(OS(C)(=O)=O)c2ccccc2-c2ccccc2[NH+]1C.CCN=P(N=P(N(C)C)(N(C)C)N(C)C)(N(C)C)N(C)C.CC#N.>>C#CCOc1ccc(F)cc1Nc1cc(C#N)cc2nnn(C(C)C)c12,0.81,120,Commercial,Commercial BB,FALSE,8,5.286078472,FALSE,102,281,47,Commercial,Commercial BB,2,4.730097195,FALSE,21,44,120-47,CC(C)n1nnc2cc(C#N)cc(Br)c21.C#CCOc1ccc(F)cc1N>>C#CCOc1ccc(F)cc1Nc1cc(C#N)cc2nnn(C(C)C)c12,0
N#Cc1cnn2c(Br)c[nH]c12,C#CCOc1ccc(F)cc1N,C#CCOc1ccc(F)cc1Nc1c[nH]c2c(C#N)cnn12,COc1ccc(OC)c([P+](C2CCCCC2)(C2CCCCC2)[Pd-2]2(OS(C)(=O)=O)c3ccccc3-c3ccccc3[NH+]2C)c1-c1c(C(C)C)cc(C(C)C)cc1C(C)C,CCN=P(N=P(N(C)C)(N(C)C)N(C)C)(N(C)C)N(C)C,CCC(C)(C)O,brettphos-pd-g4,P2Et,t-AmOH,N#Cc1cnn2c(Br)c[nH]c12.C#CCOc1ccc(F)cc1N.COc1ccc(OC)c([P+](C2CCCCC2)(C2CCCCC2)[Pd-2]2(OS(C)(=O)=O)c3ccccc3-c3ccccc3[NH+]2C)c1-c1c(C(C)C)cc(C(C)C)cc1C(C)C.CCN=P(N=P(N(C)C)(N(C)C)N(C)C)(N(C)C)N(C)C.CCC(C)(C)O.>>C#CCOc1ccc(F)cc1Nc1c[nH]c2c(C#N)cnn12,0.865,7,Commercial,Commercial BB,FALSE,4,5.091490848,FALSE,-1,216,47,Commercial,Commercial BB,2,4.730097195,FALSE,21,44,Jul-47,N#Cc1cnn2c(Br)c[nH]c12.C#CCOc1ccc(F)cc1N>>C#CCOc1ccc(F)cc1Nc1c[nH]c2c(C#N)cnn12,
