,Model,Train Data,Features,ROC AUC Avg,ROC AUC Std,Balanced Accuracy Avg,Balanced Accuracy Std,F1 Score Avg,F1 Score Std,F0 Score Avg,F0 Score Std,AU-PR-C Avg,AU-PR-C Std,Test Data
0,gaussianNB_model,Chem.S.23,DRFP,0.4991871790247189,0.0018504997249396,0.4991871790247189,0.0018504997249395,0.622200951979839,0.0040232230631588,0.0250823687775092,0.01021536259072,0.7233624192032039,0.0031161859731583,DRFP OOD Clusters - S.R.
1,gaussianNB_model,Sci.15,PhysChem,0.47426309769444,0.0172844172666782,0.4662595146294681,0.0142409694970336,0.4476549130448016,0.008530807431331,0.4576566829833187,0.0353660259555325,0.5377257395002818,0.0075935862204079,DRFP OOD Clusters - S.R.
2,gaussianNB_model,Chem.S.16,PhysChem,0.595209450160007,0.0077808193988091,0.5825095661182923,0.0068739387590404,0.5977383850591029,0.0085146806911228,0.5515620887399367,0.013787415989291,0.6686695866211394,0.0084251875380722,DRFP OOD Clusters - S.R.
3,rf_model,Sci.18,PhysChem,0.5405750499441913,0.0029848788365175,0.4995555796424699,0.00096486177876,0.5564050006336527,0.0008583771299965,0.0003505184752446,0.0010515554257338,0.424581070898771,0.0055492071488748,DRFP OOD Clusters - S.R.
4,mlp_model,Nat.C.24,DRFP,0.5466909369030868,0.0047577976494542,0.5242317772517604,0.0031904376652723,0.6173583618048493,0.0150507256596478,0.3723568868000531,0.0059171168368077,0.6650768920282204,0.0158212826679768,DRFP OOD Clusters - S.R.
5,knn_model,JnJ25,DRFP,0.6350915536759307,0.0081862091377722,0.607635499326775,0.0041639277989276,0.6142057485669857,0.0295467280902159,0.6010288083369445,0.024441522064401,0.7006221382716779,0.026207410421184,DRFP OOD Clusters - S.R.
6,gaussianNB_model,JACS.25,PhysChem,0.63278273872279,8.301948762065063e-05,0.5943437398892832,9.263231927288115e-05,0.592273997502217,0.0001324559140976,0.5690449614685884,0.0001823051408792,0.547864950630421,0.000151741694889,DRFP OOD Clusters - S.R.
7,knn_model,Sci.23,DRFP,0.5089002210109713,0.0014774607419417,0.4956516117568084,0.0013156188239971,0.5715594875577495,0.0062537710936629,0.2994768162621499,0.00534811906694,0.5786971604366855,0.0059808503855377,DRFP OOD Clusters - S.R.
