,ROC AUC Avg,ROC AUC Std,Balanced Accuracy Avg,Balanced Accuracy Std,F1 Score Avg,F1 Score Std,F0 Score Avg,F0 Score Std,AU-PR-C Avg,AU-PR-C Std,Precision 1 Avg,Precision 1 Std,Recall 1 Avg,Recall 1 Std
rf_model,0.7936384743706262,0.020893063381118238,0.7066999682502676,0.042576606250951055,0.5906759672419272,0.10664294460398341,0.7982138236799714,0.019691422953053737,0.7681801052384738,0.033603684660740096,0.8293552286044787,0.016078196551549007,0.4955578583371005,0.10583695253853855
gradient_boosting_model,0.7746576139247374,0.021473898078264667,0.6971112421446523,0.0374475231954658,0.6017684708262415,0.07828530720427253,0.7757310965277803,0.018848825824500277,0.7437645603465278,0.03719213830439696,0.7594659685755365,0.02166506442937273,0.5267355574648235,0.09558035449602706
lr_model,0.6692254724949283,0.02012284350023253,0.6266913501714211,0.022597381480115322,0.5633898761881315,0.058718570188946495,0.6569841289081932,0.019645222838641722,0.604754902312185,0.018510633059447393,0.5899566363382419,0.026493993512570133,0.585786047903077,0.08834183788784375
mlp_model,0.7407349328476914,0.029317723596898465,0.6701127558534343,0.022005948641375537,0.596557833950385,0.04455188142086979,0.7248585078401726,0.027640170025940155,0.7013950821373262,0.028878471878732156,0.6760188293464363,0.03872809697630151,0.5554006613161752,0.07440770167740891
knn_model,0.7960103401991547,0.020813252729270874,0.736326982410815,0.017398668997388792,0.7054216480197372,0.021360469831741332,0.7629677926328856,0.021521168261598916,0.7745226569179458,0.026164855587259384,0.6979187731863615,0.028059355310101227,0.7211069650318398,0.031310177402967654
gaussianNB_model,0.7010615562557105,0.02745587189982728,0.6381422635869721,0.025093533305870875,0.5269281043473122,0.07232062515879983,0.7277661491046856,0.012231219186889209,0.6921765097065798,0.03333351566676305,0.6803482981920338,0.028418184417189865,0.4559572229703967,0.08541192583512616
